Zip Code (CEP),City,State,Centroid Latitude,Centroid Longitude
1001,Sao Paulo,SP,-23.5502,-46.634
1002,Sao Paulo,SP,-23.5481,-46.635
1003,Sao Paulo,SP,-23.549,-46.6357
1004,Sao Paulo,SP,-23.5498,-46.6348
1005,Sao Paulo,SP,-23.5495,-46.6367
1006,Sao Paulo,SP,-23.5501,-46.6361
1007,Sao Paulo,SP,-23.55,-46.6373
1008,Sao Paulo,SP,-23.546,-46.6359
1009,Sao Paulo,SP,-23.5468,-46.6365
1010,Sao Paulo,SP,-23.5464,-46.6352
1011,Sao Paulo,SP,-23.5469,-46.6356
1012,Sao Paulo,SP,-23.5478,-46.6349
1013,Sao Paulo,SP,-23.5471,-46.6342
1014,Sao Paulo,SP,-23.5459,-46.6336
1015,Sao Paulo,SP,-23.5477,-46.6316
1016,Sao Paulo,SP,-23.549,-46.6324
1017,Sao Paulo,SP,-23.5495,-46.631
1018,Sao Paulo,SP,-23.5509,-46.6324
1019,Sao Paulo,SP,-23.5518,-46.6309
1020,Sao Paulo,SP,-23.5523,-46.63
1021,Sao Paulo,SP,-23.543,-46.6321
1022,Sao Paulo,SP,-23.5449,-46.6319
1023,Sao Paulo,SP,-23.5423,-46.6314
1024,Sao Paulo,SP,-23.5414,-46.6299
1025,Sao Paulo,SP,-23.5403,-46.6309
1026,Sao Paulo,SP,-23.5397,-46.6319
1027,Sao Paulo,SP,-23.5381,-46.6307
1028,Sao Paulo,SP,-23.5359,-46.6336
1029,Sao Paulo,SP,-23.5414,-46.6334
1030,Sao Paulo,SP,-23.5395,-46.633
1031,Sao Paulo,SP,-23.5419,-46.6351
1032,Sao Paulo,SP,-23.5401,-46.6352
1033,Sao Paulo,SP,-23.5393,-46.6359
1034,Sao Paulo,SP,-23.5425,-46.6374
1035,Sao Paulo,SP,-23.5416,-46.6415
1036,Sao Paulo,SP,-23.5416,-46.6414
1037,Sao Paulo,SP,-23.5454,-46.6389
1038,Sao Paulo,SP,-23.5439,-46.64
1039,Sao Paulo,SP,-23.5414,-46.6392
1040,Sao Paulo,SP,-23.541,-46.6383
1041,Sao Paulo,SP,-23.5439,-46.64
1042,Sao Paulo,SP,-23.5449,-46.6404
1043,Sao Paulo,SP,-23.5458,-46.6415
1044,Sao Paulo,SP,-23.5456,-46.6415
1045,Sao Paulo,SP,-23.5423,-46.6425
1046,Sao Paulo,SP,-23.5459,-46.644
1047,Sao Paulo,SP,-23.5462,-46.6411
1048,Sao Paulo,SP,-23.5471,-46.6398
1049,Sao Paulo,SP,-23.547,-46.6392
1050,Sao Paulo,SP,-23.5492,-46.643
1101,Sao Paulo,SP,-23.5283,-46.632
1102,Sao Paulo,SP,-23.5256,-46.6303
1103,Sao Paulo,SP,-23.5355,-46.6303
1104,Sao Paulo,SP,-23.535,-46.6296
1105,Sao Paulo,SP,-23.5341,-46.6291
1106,Sao Paulo,SP,-23.5302,-46.6282
1107,Sao Paulo,SP,-23.5261,-46.6296
1108,Sao Paulo,SP,-23.5272,-46.6304
1109,Sao Paulo,SP,-23.5246,-46.6271
1120,Sao Paulo,SP,-23.5302,-46.6395
1121,Sao Paulo,SP,-23.5279,-46.6353
1122,Sao Paulo,SP,-23.5311,-46.6383
1123,Sao Paulo,SP,-23.5292,-46.6366
1124,Sao Paulo,SP,-23.5282,-46.6331
1125,Sao Paulo,SP,-23.5273,-46.6402
1126,Sao Paulo,SP,-23.5271,-46.6392
1127,Sao Paulo,SP,-23.5255,-46.6416
1128,Sao Paulo,SP,-23.5238,-46.6422
1129,Sao Paulo,SP,-23.5241,-46.6451
1130,Sao Paulo,SP,-23.5248,-46.6449
1131,Sao Paulo,SP,-23.5224,-46.6431
1132,Sao Paulo,SP,-23.5215,-46.6487
1133,Sao Paulo,SP,-23.5204,-46.6533
1134,Sao Paulo,SP,-23.5189,-46.6527
1135,Sao Paulo,SP,-23.5262,-46.651
1136,Sao Paulo,SP,-23.524,-46.6614
1137,Sao Paulo,SP,-23.5229,-46.6528
1138,Sao Paulo,SP,-23.5225,-46.6553
1139,Sao Paulo,SP,-23.5207,-46.6659
1140,Sao Paulo,SP,-23.5204,-46.6692
1141,Sao Paulo,SP,-23.5203,-46.6664
1142,Sao Paulo,SP,-23.5199,-46.6251
1144,Sao Paulo,SP,-23.5236,-46.6724
1150,Sao Paulo,SP,-23.533,-46.6582
1151,Sao Paulo,SP,-23.5316,-46.6563
1152,Sao Paulo,SP,-23.5299,-46.6553
1153,Sao Paulo,SP,-23.5299,-46.6535
1154,Sao Paulo,SP,-23.5305,-46.6593
1155,Sao Paulo,SP,-23.5291,-46.6633
1156,Sao Paulo,SP,-23.5289,-46.6664
1189,Sao Paulo,SP,-23.5321,-46.6384
1200,Sao Paulo,SP,-23.5316,-46.6499
1201,Sao Paulo,SP,-23.5361,-46.6495
1202,Sao Paulo,SP,-23.5337,-46.6483
1203,Sao Paulo,SP,-23.536,-46.6453
1204,Sao Paulo,SP,-23.536,-46.6441
1205,Sao Paulo,SP,-23.5365,-46.6426
1206,Sao Paulo,SP,-23.5359,-46.6428
1207,Sao Paulo,SP,-23.5392,-46.6387
1208,Sao Paulo,SP,-23.5387,-46.639
1209,Sao Paulo,SP,-23.5407,-46.6416
1210,Sao Paulo,SP,-23.54,-46.6421
1211,Sao Paulo,SP,-23.5376,-46.6488
1212,Sao Paulo,SP,-23.5383,-46.6394
1213,Sao Paulo,SP,-23.5365,-46.6404
1214,Sao Paulo,SP,-23.5388,-46.6452
1215,Sao Paulo,SP,-23.5362,-46.6475
1216,Sao Paulo,SP,-23.5331,-46.6478
1217,Sao Paulo,SP,-23.5327,-46.6489
1218,Sao Paulo,SP,-23.5312,-46.6483
1219,Sao Paulo,SP,-23.5413,-46.6457
1220,Sao Paulo,SP,-23.5445,-46.646
1221,Sao Paulo,SP,-23.5449,-46.6483
1222,Sao Paulo,SP,-23.5459,-46.6494
1223,Sao Paulo,SP,-23.5441,-46.6486
1224,Sao Paulo,SP,-23.5418,-46.6524
1225,Sao Paulo,SP,-23.5398,-46.6491
1226,Sao Paulo,SP,-23.538,-46.6527
1227,Sao Paulo,SP,-23.5462,-46.6584
1228,Sao Paulo,SP,-23.5452,-46.6576
1229,Sao Paulo,SP,-23.5389,-46.6573
1230,Sao Paulo,SP,-23.5363,-46.6571
1231,Sao Paulo,SP,-23.537,-46.6593
1232,Sao Paulo,SP,-23.5364,-46.6574
1233,Sao Paulo,SP,-23.5362,-46.6617
1234,Sao Paulo,SP,-23.5397,-46.6642
1235,Sao Paulo,SP,-23.5367,-46.6647
1236,Sao Paulo,SP,-23.5436,-46.6674
1237,Sao Paulo,SP,-23.5432,-46.6687
1238,Sao Paulo,SP,-23.5426,-46.6542
1239,Sao Paulo,SP,-23.5431,-46.6311
1240,Sao Paulo,SP,-23.5438,-46.6585
1241,Sao Paulo,SP,-23.5455,-46.6578
1242,Sao Paulo,SP,-23.5465,-46.6585
1243,Sao Paulo,SP,-23.5481,-46.6592
1244,Sao Paulo,SP,-23.562,-46.6596
1245,Sao Paulo,SP,-23.5495,-46.6638
1246,Sao Paulo,SP,-23.5535,-46.6663
1247,Sao Paulo,SP,-23.5506,-46.6687
1248,Sao Paulo,SP,-23.5479,-46.668
1249,Sao Paulo,SP,-23.5484,-46.6712
1250,Sao Paulo,SP,-23.5476,-46.672
1251,Sao Paulo,SP,-23.5484,-46.6748
1252,Sao Paulo,SP,-23.5418,-46.6789
1253,Sao Paulo,SP,-23.5449,-46.6792
1254,Sao Paulo,SP,-23.5433,-46.6809
1255,Sao Paulo,SP,-23.5464,-46.6815
1256,São Paulo,SP,-23.5478,-46.6828
1257,Sao Paulo,SP,-23.5436,-46.6878
1258,Sao Paulo,SP,-23.544,-46.6869
1259,Sao Paulo,SP,-23.5414,-46.6853
1262,Sao Paulo,SP,-23.5509,-46.6774
1290,São Paulo,SP,-23.541,-46.6577
1301,Sao Paulo,SP,-23.5493,-46.6509
1302,Sao Paulo,SP,-23.549,-46.6496
1303,Sao Paulo,SP,-23.5495,-46.6484
1304,Sao Paulo,SP,-23.5541,-46.6552
1305,Sao Paulo,SP,-23.5526,-46.6525
1306,Sao Paulo,SP,-23.5538,-46.6496
1307,Sao Paulo,SP,-23.5528,-46.6532
1308,Sao Paulo,SP,-23.556,-46.6533
1309,Sao Paulo,SP,-23.5555,-46.6585
1310,Sao Paulo,SP,-23.5617,-46.656
1311,Sao Paulo,SP,-23.5645,-46.6528
1312,Sao Paulo,SP,-23.5548,-46.6496
1313,Sao Paulo,SP,-23.5561,-46.6506
1314,Sao Paulo,SP,-23.5526,-46.6452
1315,Sao Paulo,SP,-23.5541,-46.6404
1316,Sao Paulo,SP,-23.553,-46.6394
1317,Sao Paulo,SP,-23.5562,-46.6401
1318,Sao Paulo,SP,-23.5594,-46.6424
1319,Sao Paulo,SP,-23.5519,-46.6407
1320,Sao Paulo,SP,-23.558,-46.6393
1321,Sao Paulo,SP,-23.5621,-46.6419
1322,Sao Paulo,SP,-23.5632,-46.6435
1323,Sao Paulo,SP,-23.5657,-46.6415
1324,Sao Paulo,SP,-23.5552,-46.6432
1325,Sao Paulo,SP,-23.5574,-46.6445
1326,Sao Paulo,SP,-23.5565,-46.6454
1327,Sao Paulo,SP,-23.5651,-46.6449
1328,Sao Paulo,SP,-23.556,-46.6468
1329,Sao Paulo,SP,-23.562,-46.6473
1330,Sao Paulo,SP,-23.559,-46.6495
1331,Sao Paulo,SP,-23.5627,-46.65
1332,Sao Paulo,SP,-23.5596,-46.6525
1333,Sao Paulo,SP,-23.5664,-46.6476
1401,Sao Paulo,SP,-23.5758,-46.6587
1402,Sao Paulo,SP,-23.5748,-46.6574
1403,Sao Paulo,SP,-23.5688,-46.6534
1404,Sao Paulo,SP,-23.5685,-46.6558
1405,Sao Paulo,SP,-23.5648,-46.6551
1406,Sao Paulo,SP,-23.5748,-46.6703
1407,Sao Paulo,SP,-23.5761,-46.6714
1408,Sao Paulo,SP,-23.5671,-46.6608
1409,Sao Paulo,SP,-23.5615,-46.6583
1410,Sao Paulo,SP,-23.5628,-46.6609
1411,Sao Paulo,SP,-23.5642,-46.6641
1412,Sao Paulo,SP,-23.5637,-46.666
1413,Sao Paulo,SP,-23.5618,-46.664
1414,Sao Paulo,SP,-23.5596,-46.6635
1415,Sao Paulo,SP,-23.5561,-46.6605
1416,Sao Paulo,SP,-23.5607,-46.6677
1417,Sao Paulo,SP,-23.5528,-46.6339
1418,Sao Paulo,SP,-23.5641,-46.6553
1419,Sao Paulo,SP,-23.5635,-46.6559
1420,Sao Paulo,SP,-23.5634,-46.6579
1421,Sao Paulo,SP,-23.5633,-46.6602
1422,Sao Paulo,SP,-23.564,-46.6611
1423,Sao Paulo,SP,-23.5691,-46.6573
1424,Sao Paulo,SP,-23.568,-46.6614
1425,Sao Paulo,SP,-23.5729,-46.6592
1426,Sao Paulo,SP,-23.5659,-46.666
1427,Sao Paulo,SP,-23.571,-46.6641
1428,Sao Paulo,SP,-23.5739,-46.6623
1429,Sao Paulo,SP,-23.5764,-46.6629
1430,Sao Paulo,SP,-23.6561,-46.6625
1431,Sao Paulo,SP,-23.6204,-46.6648
1432,Sao Paulo,SP,-23.5765,-46.6658
1433,Sao Paulo,SP,-23.5784,-46.6684
1434,Sao Paulo,SP,-23.5746,-46.6724
1435,Sao Paulo,SP,-23.5793,-46.6702
1436,Sao Paulo,SP,-23.5725,-46.668
1437,Sao Paulo,SP,-23.5721,-46.6715
1438,Sao Paulo,SP,-23.5698,-46.6723
1439,Sao Paulo,SP,-23.5663,-46.6736
1440,Sao Paulo,SP,-23.5683,-46.6782
1441,Sao Paulo,SP,-23.5706,-46.6837
1442,Sao Paulo,SP,-23.5665,-46.6786
1443,Sao Paulo,SP,-23.5683,-46.6845
1444,Sao Paulo,SP,-23.5732,-46.6875
1445,Sao Paulo,SP,-23.571,-46.6881
1446,Sao Paulo,SP,-23.5756,-46.6755
1447,Sao Paulo,SP,-23.5728,-46.6789
1448,Sao Paulo,SP,-23.5782,-46.6798
1449,Sao Paulo,SP,-23.5761,-46.68
1450,Sao Paulo,SP,-23.5765,-46.6852
1451,Sao Paulo,SP,-23.5774,-46.687
1452,Sao Paulo,SP,-23.575,-46.6889
1453,Sao Paulo,SP,-23.5841,-46.6864
1454,Sao Paulo,SP,-23.5824,-46.6867
1455,Sao Paulo,SP,-23.5806,-46.6911
1456,Sao Paulo,SP,-23.5768,-46.691
1457,Sao Paulo,SP,-23.5752,-46.6927
1472,Sao Paulo,SP,-23.5705,-46.6913
1489,Sao Paulo,SP,-23.5766,-46.6874
1501,Sao Paulo,SP,-23.5525,-46.6355
1502,Sao Paulo,SP,-23.5546,-46.6355
1503,Sao Paulo,SP,-23.5577,-46.6368
1504,Sao Paulo,SP,-23.5669,-46.6395
1505,Sao Paulo,SP,-23.5553,-46.6318
1506,Sao Paulo,SP,-23.5596,-46.635
1507,Sao Paulo,SP,-23.5581,-46.6318
1508,Sao Paulo,SP,-23.5614,-46.6358
1509,Sao Paulo,SP,-23.567,-46.6358
1510,Sao Paulo,SP,-23.5576,-46.6336
1511,Sao Paulo,SP,-23.5615,-46.6329
1512,Sao Paulo,SP,-23.5537,-46.6295
1513,Sao Paulo,SP,-23.5489,-46.6038
1514,Sao Paulo,SP,-23.5544,-46.6283
1516,Sao Paulo,SP,-23.5591,-46.6155
1517,Sao Paulo,SP,-23.5596,-46.624
1518,Sao Paulo,SP,-23.5592,-46.6232
1519,Sao Paulo,SP,-23.5609,-46.6248
1520,Sao Paulo,SP,-23.5594,-46.6202
1521,Sao Paulo,SP,-23.5612,-46.6215
1522,Sao Paulo,SP,-23.5599,-46.616
1523,Sao Paulo,SP,-23.5642,-46.6169
1524,Sao Paulo,SP,-23.5678,-46.6134
1525,Sao Paulo,SP,-23.564,-46.635
1526,Sao Paulo,SP,-23.566,-46.6309
1527,Sao Paulo,SP,-23.5624,-46.6292
1528,Sao Paulo,SP,-23.5648,-46.6272
1529,Sao Paulo,SP,-23.5684,-46.6346
1530,Sao Paulo,SP,-23.5689,-46.6301
1531,Sao Paulo,SP,-23.5708,-46.6324
1532,Sao Paulo,SP,-23.5705,-46.6361
1533,Sao Paulo,SP,-23.5712,-46.6384
1534,Sao Paulo,SP,-23.5675,-46.6261
1535,Sao Paulo,SP,-23.5724,-46.6252
1536,Sao Paulo,SP,-23.569,-46.6234
1537,Sao Paulo,SP,-23.5744,-46.6231
1538,Sao Paulo,SP,-23.5763,-46.6236
1539,Sao Paulo,SP,-23.5712,-46.6204
1540,Sao Paulo,SP,-23.5659,-46.6226
1541,Sao Paulo,SP,-23.5693,-46.6186
1542,Sao Paulo,SP,-23.5711,-46.6241
1543,Sao Paulo,SP,-23.5737,-46.6239
1544,Sao Paulo,SP,-23.5773,-46.6216
1545,Sao Paulo,SP,-23.581,-46.6183
1546,Sao Paulo,SP,-23.579,-46.622
1547,Sao Paulo,SP,-23.583,-46.6211
1548,Sao Paulo,SP,-23.5769,-46.6134
1549,Sao Paulo,SP,-23.5763,-46.6156
1550,Sao Paulo,SP,-23.5731,-46.6162
1551,Sao Paulo,SP,-23.5727,-46.6127
1552,Sao Paulo,SP,-23.5695,-46.6113
1553,Sao Paulo,SP,-23.5745,-46.6092
2009,Sao Paulo,SP,-23.5158,-46.6411
2010,Sao Paulo,SP,-23.5106,-46.6264
2011,Sao Paulo,SP,-23.5044,-46.6266
2012,Sao Paulo,SP,-23.5131,-46.632
2013,Sao Paulo,SP,-23.5022,-46.6331
2016,Sao Paulo,SP,-23.504,-46.6257
2017,Sao Paulo,SP,-23.5007,-46.6347
2018,Sao Paulo,SP,-23.4957,-46.6297
2019,Sao Paulo,SP,-23.4983,-46.6297
2020,Sao Paulo,SP,-23.4965,-46.6333
2021,Sao Paulo,SP,-23.4983,-46.6359
2022,Sao Paulo,SP,-23.5041,-46.6377
2028,Sao Paulo,SP,-23.5087,-46.6183
2029,Sao Paulo,SP,-23.5094,-46.6193
2030,Sao Paulo,SP,-23.5059,-46.6247
2031,Sao Paulo,SP,-23.5101,-46.6258
2032,Sao Paulo,SP,-23.5111,-46.6238
2033,Sao Paulo,SP,-23.4999,-46.615
2034,Sao Paulo,SP,-23.5041,-46.6241
2035,Sao Paulo,SP,-23.4962,-46.6228
2036,Sao Paulo,SP,-23.5017,-46.6208
2037,Sao Paulo,SP,-23.4997,-46.6206
2038,Sao Paulo,SP,-23.4952,-46.6242
2039,Sao Paulo,SP,-23.493,-46.6216
2040,Sao Paulo,SP,-23.4897,-46.6226
2041,Sao Paulo,SP,-23.4906,-46.6231
2042,Sao Paulo,SP,-23.4942,-46.6164
2043,Sao Paulo,SP,-23.4899,-46.6161
2044,Sao Paulo,SP,-23.4957,-46.6188
2045,Sao Paulo,SP,-23.4961,-46.6164
2046,Sao Paulo,SP,-23.4923,-46.6118
2047,Sao Paulo,SP,-23.5172,-46.6187
2049,Sao Paulo,SP,-23.5142,-46.6174
2050,Sao Paulo,SP,-23.5173,-46.6121
2051,Sao Paulo,SP,-23.51,-46.6078
2052,Sao Paulo,SP,-23.513,-46.6078
2053,Sao Paulo,SP,-23.5132,-46.6028
2054,Sao Paulo,SP,-23.5172,-46.6067
2055,Sao Paulo,SP,-23.514,-46.6071
2056,Sao Paulo,SP,-23.5123,-46.6028
2060,Sao Paulo,SP,-23.519,-46.6029
2064,Sao Paulo,SP,-23.5177,-46.598
2065,Sao Paulo,SP,-23.5077,-46.6054
2066,Sao Paulo,SP,-23.5086,-46.6053
2067,Sao Paulo,SP,-23.5067,-46.6037
2068,Sao Paulo,SP,-23.5051,-46.6124
2069,Sao Paulo,SP,-23.5055,-46.6139
2071,Sao Paulo,SP,-23.5043,-46.6064
2072,Sao Paulo,SP,-23.5002,-46.6041
2073,Sao Paulo,SP,-23.5018,-46.6071
2074,Sao Paulo,SP,-23.5052,-46.6004
2075,Sao Paulo,SP,-23.5055,-46.6023
2076,Sao Paulo,SP,-23.5047,-46.5991
2077,Sao Paulo,SP,-23.5023,-46.5973
2078,Sao Paulo,SP,-23.5022,-46.5956
2079,Sao Paulo,SP,-23.4993,-46.6058
2080,Sao Paulo,SP,-23.4977,-46.6054
2081,Sao Paulo,SP,-23.4958,-46.6047
2082,Sao Paulo,SP,-23.4946,-46.6072
2083,Sao Paulo,SP,-23.4953,-46.5979
2084,Sao Paulo,SP,-23.4973,-46.5997
2085,Sao Paulo,SP,-23.498,-46.613
2088,Sao Paulo,SP,-23.5042,-46.6207
2089,Sao Paulo,SP,-23.5171,-46.6167
2110,Sao Paulo,SP,-23.5191,-46.5955
2111,Sao Paulo,SP,-23.5176,-46.5928
2112,Sao Paulo,SP,-23.5174,-46.5905
2113,Sao Paulo,SP,-23.5177,-46.5892
2114,Sao Paulo,SP,-23.5223,-46.5906
2115,Sao Paulo,SP,-23.5266,-46.5917
2116,Sao Paulo,SP,-23.5201,-46.5852
2117,Sao Paulo,SP,-23.5187,-46.5937
2118,Sao Paulo,SP,-23.515,-46.5928
2119,Sao Paulo,SP,-23.5122,-46.5926
2120,Sao Paulo,SP,-23.5108,-46.5939
2121,Sao Paulo,SP,-23.5122,-46.5897
2122,Sao Paulo,SP,-23.512,-46.5839
2123,Sao Paulo,SP,-23.5118,-46.5794
2124,Sao Paulo,SP,-23.507,-46.5771
2125,Sao Paulo,SP,-23.5098,-46.5868
2126,Sao Paulo,SP,-23.5069,-46.5918
2127,Sao Paulo,SP,-23.5056,-46.5873
2128,Sao Paulo,SP,-23.505,-46.5939
2129,Sao Paulo,SP,-23.5037,-46.5883
2130,Sao Paulo,SP,-23.5085,-46.5836
2131,Sao Paulo,SP,-23.5043,-46.5825
2132,Sao Paulo,SP,-23.5013,-46.5777
2133,Sao Paulo,SP,-23.4991,-46.5847
2134,Sao Paulo,SP,-23.4986,-46.5798
2135,Sao Paulo,SP,-23.4979,-46.5846
2136,Sao Paulo,SP,-23.4988,-46.5824
2137,Sao Paulo,SP,-23.498,-46.5761
2138,Sao Paulo,SP,-23.4935,-46.5745
2139,Sao Paulo,SP,-23.4905,-46.5735
2140,São Paulo (Vila Maria),SP,-23.5114,-46.5812
2141,Sao Paulo,SP,-23.489,-46.5707
2142,Sao Paulo,SP,-23.5102,-46.5767
2143,Sao Paulo,SP,-23.5072,-46.575
2144,Sao Paulo,SP,-23.5037,-46.5708
2145,Sao Paulo,SP,-23.5024,-46.5663
2146,Sao Paulo,SP,-23.501,-46.5709
2147,Sao Paulo,SP,-23.4984,-46.5652
2150,Sao Paulo,SP,-23.494,-46.5686
2151,Sao Paulo,SP,-23.497,-46.5696
2152,Sao Paulo,SP,-23.4974,-46.5722
2161,Sao Paulo,SP,-23.4902,-46.5693
2162,Sao Paulo,SP,-23.4907,-46.5628
2166,Sao Paulo,SP,-23.5252,-46.584
2167,Sao Paulo,SP,-23.5227,-46.5816
2168,Sao Paulo,SP,-23.5206,-46.5795
2169,Sao Paulo,SP,-23.5496,-46.6203
2170,Sao Paulo,SP,-23.5256,-46.577
2174,Sao Paulo,SP,-23.5229,-46.5724
2175,Sao Paulo,SP,-23.5159,-46.5749
2176,Sao Paulo,SP,-23.5136,-46.5731
2177,Sao Paulo,SP,-23.5087,-46.5585
2178,Sao Paulo,SP,-23.5217,-46.5705
2179,Sao Paulo,SP,-23.5204,-46.5682
2180,Sao Paulo,SP,-23.5192,-46.566
2181,Sao Paulo,SP,-23.5187,-46.561
2185,Sao Paulo,SP,-23.5147,-46.5675
2186,Sao Paulo,SP,-23.5141,-46.5691
2187,Sao Paulo,SP,-23.5159,-46.5649
2188,Sao Paulo,SP,-23.5095,-46.567
2189,Sao Paulo,SP,-23.5078,-46.5675
2190,Sao Paulo,SP,-23.5071,-46.564
2201,Sao Paulo,SP,-23.4862,-46.592
2202,Sao Paulo,SP,-23.493,-46.5948
2203,Sao Paulo,SP,-23.4919,-46.5913
2204,Sao Paulo,SP,-23.4874,-46.5922
2205,Sao Paulo,SP,-23.488,-46.5912
2206,Sao Paulo,SP,-23.4846,-46.594
2207,Sao Paulo,SP,-23.486,-46.5882
2208,Sao Paulo,SP,-23.483,-46.5895
2209,Sao Paulo,SP,-23.4851,-46.5854
2210,Sao Paulo,SP,-23.4826,-46.5821
2211,Sao Paulo,SP,-23.4974,-46.5936
2212,Sao Paulo,SP,-23.4956,-46.5893
2213,Sao Paulo,SP,-23.4962,-46.5881
2214,Sao Paulo,SP,-23.4929,-46.5868
2215,Sao Paulo,SP,-23.4908,-46.5834
2216,Sao Paulo,SP,-23.4931,-46.5798
2217,Sao Paulo,SP,-23.4904,-46.5802
2218,Sao Paulo,SP,-23.4868,-46.5848
2219,Sao Paulo,SP,-23.4908,-46.5859
2220,Sao Paulo,SP,-23.4898,-46.5777
2221,Sao Paulo,SP,-23.4815,-46.5814
2222,Sao Paulo,SP,-23.4826,-46.5756
2223,Sao Paulo,SP,-23.4816,-46.5802
2224,Sao Paulo,SP,-23.4845,-46.5738
2225,Sao Paulo,SP,-23.4827,-46.5751
2226,Sao Paulo,SP,-23.4801,-46.5736
2227,Sao Paulo,SP,-23.4787,-46.5724
2228,Sao Paulo,SP,-23.4755,-46.5715
2229,Sao Paulo,SP,-23.4766,-46.5688
2230,Sao Paulo,SP,-23.4838,-46.5637
2231,Sao Paulo,SP,-23.4769,-46.5653
2232,Sao Paulo,SP,-23.4757,-46.564
2233,Sao Paulo,SP,-23.4777,-46.5646
2234,Sao Paulo,SP,-23.4785,-46.5695
2235,Sao Paulo,SP,-23.4793,-46.5759
2236,Sao Paulo,SP,-23.4726,-46.5682
2237,Sao Paulo,SP,-23.5131,-46.5865
2238,Sao Paulo,SP,-23.4712,-46.5716
2239,Sao Paulo,SP,-23.4853,-46.6091
2240,Sao Paulo,SP,-23.4779,-46.6022
2241,Sao Paulo,SP,-23.4907,-46.6074
2242,Sao Paulo,SP,-23.4876,-46.604
2243,Sao Paulo,SP,-23.4916,-46.6039
2244,Sao Paulo,SP,-23.4885,-46.6049
2245,Sao Paulo,SP,-23.4848,-46.6066
2246,Sao Paulo,SP,-23.4887,-46.6017
2247,Sao Paulo,SP,-23.4861,-46.6012
2248,Sao Paulo,SP,-23.4832,-46.5994
2249,Sao Paulo,SP,-23.4889,-46.5971
2250,Sao Paulo,SP,-23.4865,-46.5962
2251,Sao Paulo,SP,-23.4775,-46.5903
2252,Sao Paulo,SP,-23.4787,-46.5883
2253,Sao Paulo,SP,-23.4794,-46.5955
2254,Sao Paulo,SP,-23.4812,-46.5934
2255,Sao Paulo,SP,-23.4769,-46.5919
2256,Sao Paulo,SP,-23.4753,-46.5872
2257,Sao Paulo,SP,-23.4729,-46.5832
2258,Sao Paulo,SP,-23.476,-46.5819
2259,Sao Paulo,SP,-23.4718,-46.581
2260,Sao Paulo,SP,-23.4692,-46.5796
2261,Sao Paulo,SP,-23.4675,-46.5773
2262,Sao Paulo,SP,-23.4655,-46.5748
2263,Sao Paulo,SP,-23.4635,-46.5758
2264,Sao Paulo,SP,-23.4623,-46.5766
2265,Sao Paulo,SP,-23.4743,-46.592
2266,Sao Paulo,SP,-23.4771,-46.5982
2267,Sao Paulo,SP,-23.4787,-46.6007
2268,Sao Paulo,SP,-23.4698,-46.5949
2269,Sao Paulo,SP,-23.4721,-46.596
2270,Sao Paulo,SP,-23.4725,-46.593
2271,Sao Paulo,SP,-23.4697,-46.59
2272,Sao Paulo,SP,-23.4693,-46.5867
2273,Sao Paulo,SP,-23.4635,-46.5862
2274,Sao Paulo,SP,-23.4671,-46.5879
2275,Sao Paulo,SP,-23.4657,-46.5903
2276,Sao Paulo,SP,-23.4612,-46.5841
2277,Sao Paulo,SP,-23.4637,-46.5818
2278,Sao Paulo,SP,-23.4628,-46.5796
2279,Sao Paulo,SP,-23.4669,-46.58
2280,Sao Paulo,SP,-23.4559,-46.5752
2281,Sao Paulo,SP,-23.452,-46.5751
2282,Sao Paulo,SP,-23.4431,-46.5678
2284,Sao Paulo,SP,-23.4697,-46.5687
2285,São Paulo (Jardim Cachoeira),SP,-23.4561,-46.5824
2286,Sao Paulo,SP,-23.4086,-46.5796
2288,Sao Paulo,SP,-23.4337,-46.5709
2289,Sao Paulo,SP,-23.4185,-46.5827
2290,Sao Paulo,SP,-23.6005,-46.6553
2301,Sao Paulo,SP,-23.4887,-46.615
2302,Sao Paulo,SP,-23.486,-46.614
2303,Sao Paulo,SP,-23.482,-46.6105
2304,Sao Paulo,SP,-23.4808,-46.6055
2305,Sao Paulo,SP,-23.4801,-46.6068
2306,Sao Paulo,SP,-23.4634,-46.6035
2307,Sao Paulo,SP,-23.4809,-46.6073
2308,Sao Paulo,SP,-23.4764,-46.6042
2309,Sao Paulo,SP,-23.4757,-46.6047
2310,Sao Paulo,SP,-23.4728,-46.6007
2311,Sao Paulo,SP,-23.4691,-46.6017
2312,Sao Paulo,SP,-23.4648,-46.5987
2313,Sao Paulo,SP,-23.464,-46.5999
2314,Sao Paulo,SP,-23.4621,-46.5993
2315,Sao Paulo,SP,-23.46,-46.5997
2316,Sao Paulo,SP,-23.4623,-46.5938
2317,Sao Paulo,SP,-23.4581,-46.5932
2318,Sao Paulo,SP,-23.4509,-46.5901
2319,Sao Paulo,SP,-23.4497,-46.5934
2320,Sao Paulo,SP,-23.4514,-46.5984
2321,Sao Paulo,SP,-23.4472,-46.589
2322,Sao Paulo,SP,-23.4457,-46.5937
2323,Sao Paulo,SP,-23.4563,-46.6011
2324,Sao Paulo,SP,-23.478,-46.5985
2325,Sao Paulo,SP,-23.4535,-46.586
2326,Sao Paulo,SP,-23.4722,-46.6025
2327,Sao Paulo,SP,-23.4472,-46.5667
2328,Sao Paulo,SP,-23.5189,-46.5973
2329,Sao Paulo,SP,-23.4836,-46.6067
2330,Sao Paulo,SP,-23.4856,-46.6175
2331,Sao Paulo,SP,-23.4839,-46.6162
2332,Sao Paulo,SP,-23.4827,-46.6216
2333,Sao Paulo,SP,-23.4807,-46.6214
2334,Sao Paulo,SP,-23.484,-46.6196
2335,Sao Paulo,SP,-23.4834,-46.6171
2336,Sao Paulo,SP,-23.4813,-46.6169
2337,Sao Paulo,SP,-23.4787,-46.6145
2338,Sao Paulo,SP,-23.4755,-46.6181
2339,Sao Paulo,SP,-23.4776,-46.6152
2340,Sao Paulo,SP,-23.4596,-46.6157
2341,Sao Paulo,SP,-23.4652,-46.6155
2342,Sao Paulo,SP,-23.4738,-46.6106
2343,Sao Paulo,SP,-23.4686,-46.6055
2344,Sao Paulo,SP,-23.4693,-46.6103
2345,Sao Paulo,SP,-23.4688,-46.6152
2346,Sao Paulo,SP,-23.4712,-46.6082
2347,Sao Paulo,SP,-23.464,-46.6073
2348,Sao Paulo,SP,-23.4605,-46.6111
2349,Sao Paulo,SP,-23.4598,-46.6044
2350,Sao Paulo,SP,-23.4607,-46.6016
2351,Sao Paulo,SP,-23.4549,-46.5997
2352,Sao Paulo,SP,-23.4544,-46.5962
2353,Sao Paulo,SP,-23.4526,-46.6053
2354,Sao Paulo,SP,-23.455,-46.6043
2355,Sao Paulo,SP,-23.4547,-46.6114
2356,Sao Paulo,SP,-23.451,-46.6122
2357,Sao Paulo,SP,-23.4474,-46.614
2358,Sao Paulo,SP,-23.4544,-46.6088
2359,Sao Paulo,SP,-23.4459,-46.6192
2360,Sao Paulo,SP,-23.4368,-46.5777
2361,Sao Paulo,SP,-23.4367,-46.5815
2362,Sao Paulo,SP,-23.4792,-46.5796
2363,Sao Paulo,SP,-23.4323,-46.5761
2364,Sao Paulo,SP,-23.4339,-46.5811
2365,Sao Paulo,SP,-23.4457,-46.5819
2366,Sao Paulo,SP,-23.4677,-46.6105
2367,Sao Paulo,SP,-23.4623,-46.5938
2368,Sao Paulo,SP,-23.4038,-46.5781
2370,Sao Paulo,SP,-23.4628,-46.6218
2371,Sao Paulo,SP,-23.459,-46.6187
2372,Sao Paulo,SP,-23.4601,-46.6246
2373,Sao Paulo,SP,-23.4549,-46.6173
2374,Sao Paulo,SP,-23.4548,-46.6214
2375,Sao Paulo,SP,-23.4537,-46.625
2376,Sao Paulo,SP,-23.4576,-46.6281
2377,Sao Paulo,SP,-23.4568,-46.6318
2378,Sao Paulo,SP,-23.4574,-46.6297
2401,Sao Paulo,SP,-23.4917,-46.6268
2402,Sao Paulo,SP,-23.4903,-46.6271
2403,Sao Paulo,SP,-23.494,-46.6284
2404,Sao Paulo,SP,-23.4913,-46.629
2405,Sao Paulo,SP,-23.4895,-46.6329
2406,Sao Paulo,SP,-23.488,-46.6301
2407,Sao Paulo,SP,-23.4849,-46.6246
2408,Sao Paulo,SP,-23.4825,-46.6273
2409,Sao Paulo,SP,-23.4782,-46.6249
2410,Sao Paulo,SP,-23.4758,-46.623
2411,Sao Paulo,SP,-23.4756,-46.6243
2413,Sao Paulo,SP,-23.4829,-46.637
2415,Sao Paulo,SP,-23.4719,-46.6314
2416,Sao Paulo,SP,-23.4777,-46.6282
2417,Sao Paulo,SP,-23.4776,-46.6301
2418,Sao Paulo,SP,-23.4706,-46.6291
2419,Sao Paulo,SP,-23.4771,-46.6401
2420,Sao Paulo,SP,-23.4742,-46.6364
2421,Sao Paulo,SP,-23.4737,-46.6327
2422,Sao Paulo,SP,-23.4717,-46.6368
2423,Sao Paulo,SP,-23.4684,-46.6334
2430,Sao Paulo,SP,-23.4821,-46.6454
2431,Sao Paulo,SP,-23.487,-46.6362
2432,Sao Paulo,SP,-23.4769,-46.6253
2433,Sao Paulo,SP,-23.4818,-46.6363
2434,Sao Paulo,SP,-23.4833,-46.6394
2435,Sao Paulo,SP,-23.4803,-46.6418
2436,Sao Paulo,SP,-23.4794,-46.636
2440,Sao Paulo,SP,-23.4777,-46.6482
2441,Sao Paulo,SP,-23.4731,-46.6415
2442,Sao Paulo,SP,-23.4731,-46.6438
2443,Sao Paulo,SP,-23.473,-46.6474
2450,Sao Paulo,SP,-23.4983,-46.6378
2451,Sao Paulo,SP,-23.4992,-46.6421
2452,Sao Paulo,SP,-23.5003,-46.6441
2460,Sao Paulo,SP,-23.4907,-46.6375
2461,Sao Paulo,SP,-23.492,-46.639
2462,Sao Paulo,SP,-23.4918,-46.6416
2463,Sao Paulo,SP,-23.4885,-46.6455
2464,Sao Paulo,SP,-23.4893,-46.6504
2465,Sao Paulo,SP,-23.484,-46.6556
2466,Sao Paulo,SP,-23.4954,-46.6424
2467,Sao Paulo,SP,-23.4913,-46.6463
2468,Sao Paulo,SP,-23.4883,-46.649
2469,Sao Paulo,SP,-23.4854,-46.6448
2470,Sao Paulo,SP,-23.485,-46.6492
2471,Sao Paulo,SP,-23.4817,-46.6521
2472,Sao Paulo,SP,-23.4769,-46.6556
2473,Sao Paulo,SP,-23.4778,-46.6518
2474,Sao Paulo,SP,-23.4773,-46.6565
2475,Sao Paulo,SP,-23.48,-46.6449
2478,Sao Paulo,SP,-23.4775,-46.66
2479,Sao Paulo,SP,-23.4751,-46.6565
2501,Sao Paulo,SP,-23.5149,-46.6612
2508,Sao Paulo,SP,-23.5098,-46.6637
2510,Sao Paulo,SP,-23.513,-46.652
2511,Sao Paulo,SP,-23.5098,-46.651
2512,Sao Paulo,SP,-23.5137,-46.6593
2513,Sao Paulo,SP,-23.5613,-46.6852
2514,Sao Paulo,SP,-23.5106,-46.6552
2515,Sao Paulo,SP,-23.5102,-46.6579
2516,Sao Paulo,SP,-23.509,-46.6594
2517,Sao Paulo,SP,-23.5073,-46.6642
2518,Sao Paulo,SP,-23.5099,-46.6653
2519,Sao Paulo,SP,-23.502,-46.6554
2520,Sao Paulo,SP,-23.5032,-46.6557
2521,Sao Paulo,SP,-23.504,-46.6651
2522,Sao Paulo,SP,-23.5044,-46.6592
2523,Sao Paulo,SP,-23.5058,-46.6556
2524,Sao Paulo,SP,-23.5027,-46.6504
2525,Sao Paulo,SP,-23.5022,-46.6574
2526,Sao Paulo,SP,-23.503,-46.6468
2530,Sao Paulo,SP,-23.5008,-46.6605
2531,Sao Paulo,SP,-23.5009,-46.6527
2532,Sao Paulo,SP,-23.4998,-46.6555
2533,Sao Paulo,SP,-23.4976,-46.655
2534,Sao Paulo,SP,-23.4963,-46.6537
2535,Sao Paulo,SP,-23.4974,-46.6495
2536,Sao Paulo,SP,-23.4959,-46.6479
2537,Sao Paulo,SP,-23.4913,-46.6525
2538,Sao Paulo,SP,-23.4989,-46.6545
2539,Sao Paulo,SP,-23.4948,-46.6581
2540,Sao Paulo,SP,-23.4893,-46.6562
2541,Sao Paulo,SP,-23.4862,-46.6557
2542,Sao Paulo,SP,-23.487,-46.6587
2543,Sao Paulo,SP,-23.4838,-46.6612
2544,Sao Paulo,SP,-23.4889,-46.6609
2545,Sao Paulo,SP,-23.4924,-46.6626
2546,Sao Paulo,SP,-23.5036,-46.6668
2550,Sao Paulo,SP,-23.5065,-46.6713
2551,Sao Paulo,SP,-23.5026,-46.6692
2552,Sao Paulo,SP,-23.508,-46.6612
2553,Sao Paulo,SP,-23.499,-46.6664
2554,Sao Paulo,SP,-23.4991,-46.6689
2555,Sao Paulo,SP,-23.4937,-46.6662
2556,Sao Paulo,SP,-23.4979,-46.6694
2557,Sao Paulo,SP,-23.4983,-46.6727
2558,Sao Paulo,SP,-23.4961,-46.6746
2559,Sao Paulo,SP,-23.4931,-46.6724
2560,Sao Paulo,SP,-23.4947,-46.6711
2561,Sao Paulo,SP,-23.4924,-46.6749
2562,Sao Paulo,SP,-23.4869,-46.6738
2563,Sao Paulo,SP,-23.49,-46.669
2564,Sao Paulo,SP,-23.4881,-46.6687
2565,Sao Paulo,SP,-23.4866,-46.6684
2566,Sao Paulo,SP,-23.4828,-46.6689
2567,Sao Paulo,SP,-23.4807,-46.6682
2577,Sao Paulo,SP,-23.4882,-46.6789
2598,Sao Paulo,SP,-23.5129,-46.671
2610,Sao Paulo,SP,-23.4826,-46.6594
2611,Sao Paulo,SP,-23.4678,-46.6482
2612,Sao Paulo,SP,-23.4727,-46.6638
2613,Sao Paulo,SP,-23.4787,-46.6626
2614,Sao Paulo,SP,-23.4723,-46.6566
2615,Sao Paulo,SP,-23.4715,-46.6542
2616,Sao Paulo,SP,-23.4692,-46.6546
2617,Sao Paulo,SP,-23.4664,-46.6587
2618,Sao Paulo,SP,-23.4684,-46.65
2630,Sao Paulo,SP,-23.4638,-46.6414
2631,Sao Paulo,SP,-23.459,-46.6457
2632,Sao Paulo,SP,-23.4645,-46.6492
2633,Sao Paulo,SP,-23.4617,-46.6517
2634,Sao Paulo,SP,-23.4576,-46.6504
2635,Sao Paulo,SP,-23.4565,-46.6444
2636,Sao Paulo,SP,-23.4533,-46.6451
2637,Sao Paulo,SP,-23.4547,-46.649
2643,Sao Paulo,SP,-23.4681,-46.6504
2649,Sao Paulo,SP,-23.4606,-46.6626
2650,Sao Paulo,SP,-23.4616,-46.6568
2651,Sao Paulo,SP,-23.4609,-46.6589
2652,Sao Paulo,SP,-23.4576,-46.6567
2653,São Paulo,SP,-23.4534,-46.6584
2670,Sao Paulo,SP,-23.4658,-46.6643
2671,Sao Paulo,SP,-23.4674,-46.6639
2672,Sao Paulo,SP,-23.4599,-46.6664
2673,Sao Paulo,SP,-23.4624,-46.6712
2674,Sao Paulo,SP,-23.4601,-46.6684
2675,Sao Paulo,SP,-23.4568,-46.6709
2676,Sao Paulo,SP,-23.4562,-46.671
2677,Sao Paulo,SP,-23.4543,-46.6655
2678,Sao Paulo,SP,-23.4551,-46.6617
2679,Sao Paulo,SP,-23.4569,-46.6648
2680,Sao Paulo,SP,-23.4514,-46.6675
2701,Sao Paulo,SP,-23.5118,-46.6788
2710,Sao Paulo,SP,-23.5081,-46.6738
2712,Sao Paulo,SP,-23.5058,-46.6784
2713,Sao Paulo,SP,-23.5066,-46.6849
2714,Sao Paulo,SP,-23.5061,-46.6871
2715,Sao Paulo,SP,-23.5042,-46.6821
2716,Sao Paulo,SP,-23.4946,-46.685
2717,Sao Paulo,SP,-23.492,-46.6847
2720,Sao Paulo,SP,-23.493,-46.6742
2721,Sao Paulo,SP,-23.4967,-46.6746
2722,Sao Paulo,SP,-23.5008,-46.6783
2723,Sao Paulo,SP,-23.4999,-46.68
2724,Sao Paulo,SP,-23.4977,-46.6817
2725,Sao Paulo,SP,-23.4994,-46.6824
2726,Sao Paulo,SP,-23.5003,-46.6871
2727,Sao Paulo,SP,-23.4968,-46.6858
2728,Sao Paulo,SP,-23.4958,-46.6882
2729,Sao Paulo,SP,-23.5032,-46.6903
2730,Sao Paulo,SP,-23.4978,-46.6908
2731,Sao Paulo,SP,-23.4981,-46.6924
2732,Sao Paulo,SP,-23.5,-46.6955
2733,Sao Paulo,SP,-23.4954,-46.6951
2734,Sao Paulo,SP,-23.491,-46.6941
2735,Sao Paulo,SP,-23.4927,-46.6936
2736,Sao Paulo,SP,-23.4901,-46.6911
2737,Sao Paulo,SP,-23.4877,-46.6902
2738,Sao Paulo,SP,-23.4914,-46.6886
2739,Sao Paulo,SP,-23.4794,-46.6811
2750,Sao Paulo,SP,-23.4933,-46.6806
2751,Sao Paulo,SP,-23.4909,-46.6821
2752,Sao Paulo,SP,-23.4942,-46.6829
2753,Sao Paulo,SP,-23.4907,-46.6845
2754,Sao Paulo,SP,-23.4904,-46.6777
2755,Sao Paulo,SP,-23.488,-46.6797
2756,Sao Paulo,SP,-23.486,-46.6776
2757,Sao Paulo,SP,-23.4866,-46.6853
2758,Sao Paulo,SP,-23.4849,-46.6843
2759,Sao Paulo,SP,-23.484,-46.6831
2760,Sao Paulo,SP,-23.4806,-46.6807
2762,Sao Paulo,SP,-23.4825,-46.6753
2763,Sao Paulo,SP,-23.479,-46.6758
2764,Sao Paulo,SP,-23.4797,-46.6777
2765,Sao Paulo,SP,-23.4767,-46.6737
2801,Sao Paulo,SP,-23.4835,-46.7005
2802,Sao Paulo,SP,-23.4855,-46.6954
2803,Sao Paulo,SP,-23.4867,-46.6937
2804,Sao Paulo,SP,-23.4839,-46.6978
2805,Sao Paulo,SP,-23.479,-46.6978
2806,Sao Paulo,SP,-23.4735,-46.699
2807,Sao Paulo,SP,-23.4736,-46.7007
2808,Sao Paulo,SP,-23.4687,-46.7029
2809,Sao Paulo,SP,-23.4719,-46.7036
2810,Sao Paulo,SP,-23.4504,-46.7152
2811,Sao Paulo,SP,-23.476,-46.7028
2812,Sao Paulo,SP,-23.4812,-46.6977
2813,Sao Paulo,SP,-23.4507,-46.7118
2814,Sao Paulo,SP,-23.458,-46.7079
2815,Sao Paulo,SP,-23.445,-46.7146
2816,Sao Paulo,SP,-23.4613,-46.7065
2817,Sao Paulo,SP,-23.4632,-46.7024
2820,Sao Paulo,SP,-23.4528,-46.709
2829,Sao Paulo,SP,-23.4951,-46.7026
2831,Sao Paulo,SP,-23.4782,-46.6917
2832,Sao Paulo,SP,-23.4812,-46.6937
2833,Sao Paulo,SP,-23.4781,-46.6926
2834,Sao Paulo,SP,-23.4754,-46.6928
2835,Sao Paulo,SP,-23.4715,-46.6946
2836,Sao Paulo,SP,-23.4724,-46.6967
2837,Sao Paulo,SP,-23.4643,-46.6995
2839,Sao Paulo,SP,-23.4775,-46.6829
2840,Sao Paulo,SP,-23.4822,-46.6896
2841,Sao Paulo,SP,-23.4799,-46.6865
2842,Sao Paulo,SP,-23.4752,-46.6874
2844,Sao Paulo,SP,-23.4716,-46.6876
2845,Sao Paulo,SP,-23.4682,-46.6924
2846,Sao Paulo,SP,-23.4624,-46.6977
2847,Sao Paulo,SP,-23.4646,-46.6917
2848,Sao Paulo,SP,-23.4638,-46.6898
2849,Sao Paulo,SP,-23.464,-46.6873
2850,Sao Paulo,SP,-23.4665,-46.6735
2851,Sao Paulo,SP,-23.4596,-46.6914
2853,Sao Paulo,SP,-23.4574,-46.6951
2854,Sao Paulo,SP,-23.4565,-46.6975
2855,Sao Paulo,SP,-23.4562,-46.7007
2856,Sao Paulo,SP,-23.464,-46.6798
2857,Sao Paulo,SP,-23.6139,-46.738
2858,Sao Paulo,SP,-23.4463,-46.7026
2859,Sao Paulo,SP,-23.4544,-46.7024
2860,Sao Paulo,SP,-23.4604,-46.686
2861,Sao Paulo,SP,-23.4713,-46.6719
2862,Sao Paulo,SP,-23.475,-46.6802
2863,Sao Paulo,SP,-23.4736,-46.6745
2864,Sao Paulo,SP,-23.4724,-46.6817
2865,Sao Paulo,SP,-23.4746,-46.6769
2866,Sao Paulo,SP,-23.4677,-46.6809
2867,Sao Paulo,SP,-23.4692,-46.6834
2870,Sao Paulo,SP,-23.4614,-46.6773
2871,Sao Paulo,SP,-23.4628,-46.6754
2872,Sao Paulo,SP,-23.4624,-46.6717
2873,Sao Paulo,SP,-23.4571,-46.6824
2874,Sao Paulo,SP,-23.4626,-46.6764
2875,Sao Paulo,SP,-23.4616,-46.6819
2876,Sao Paulo,SP,-23.4591,-46.6926
2877,Sao Paulo,SP,-23.4594,-46.6832
2878,Sao Paulo,SP,-23.452,-46.6871
2879,Sao Paulo,SP,-23.4489,-46.6977
2880,Sao Paulo,SP,-23.4667,-46.6722
2881,Sao Paulo,SP,-23.4666,-46.675
2882,Sao Paulo,SP,-23.4706,-46.6681
2883,Sao Paulo,SP,-23.4465,-46.7015
2888,Sao Paulo,SP,-23.4659,-46.6749
2908,Sao Paulo,SP,-23.502,-46.7002
2909,Sao Paulo,SP,-23.5071,-46.6989
2910,Sao Paulo,SP,-23.5052,-46.6994
2911,Sao Paulo,SP,-23.504,-46.7021
2912,Sao Paulo,SP,-23.5055,-46.7085
2913,Sao Paulo,SP,-23.5035,-46.7129
2914,Sao Paulo,SP,-23.5032,-46.7095
2915,Sao Paulo,SP,-23.498,-46.7079
2916,Sao Paulo,SP,-23.4943,-46.7139
2917,Sao Paulo,SP,-23.498,-46.7131
2918,Sao Paulo,SP,-23.4959,-46.7169
2919,Sao Paulo,SP,-23.4993,-46.7144
2920,Sao Paulo,SP,-23.4902,-46.7214
2921,Sao Paulo,SP,-23.4887,-46.7238
2924,Sao Paulo,SP,-23.4995,-46.7074
2925,Sao Paulo,SP,-23.5019,-46.6985
2926,Sao Paulo,SP,-23.5,-46.7016
2927,Sao Paulo,SP,-23.4977,-46.7038
2928,Sao Paulo,SP,-23.5089,-46.6811
2929,Sao Paulo,SP,-23.4927,-46.7063
2930,Sao Paulo,SP,-23.4908,-46.708
2931,Sao Paulo,SP,-23.4973,-46.7096
2932,Sao Paulo,SP,-23.4908,-46.7114
2933,Sao Paulo,SP,-23.493,-46.7128
2934,Sao Paulo,SP,-23.4868,-46.7053
2935,Sao Paulo,SP,-23.4889,-46.7167
2936,Sao Paulo,SP,-23.486,-46.7179
2937,Sao Paulo,SP,-23.485,-46.7209
2938,Sao Paulo,SP,-23.4588,-46.7221
2939,Sao Paulo,SP,-23.4832,-46.7299
2940,Sao Paulo,SP,-23.4802,-46.7238
2941,Sao Paulo,SP,-23.4788,-46.7227
2942,Sao Paulo,SP,-23.4761,-46.7226
2943,Sao Paulo,SP,-23.4767,-46.725
2944,Sao Paulo,SP,-23.4753,-46.7261
2945,Sao Paulo,SP,-23.4837,-46.7267
2950,Sao Paulo,SP,-23.4785,-46.7191
2951,Sao Paulo,SP,-23.4737,-46.7221
2952,Sao Paulo,SP,-23.4726,-46.7135
2955,Sao Paulo,SP,-23.4682,-46.7203
2956,Sao Paulo,SP,-23.4687,-46.7225
2957,Sao Paulo,SP,-23.4669,-46.7224
2959,Sao Paulo,SP,-23.4925,-46.7001
2960,Sao Paulo,SP,-23.4952,-46.7011
2961,Sao Paulo,SP,-23.4925,-46.6996
2962,Sao Paulo,SP,-23.4894,-46.7023
2963,Sao Paulo,SP,-23.5049,-46.6826
2964,Sao Paulo,SP,-23.4855,-46.7056
2965,Sao Paulo,SP,-23.4837,-46.7047
2966,Sao Paulo,SP,-23.4713,-46.7096
2967,Sao Paulo,SP,-23.481,-46.7042
2968,Sao Paulo,SP,-23.4793,-46.7077
2969,Sao Paulo,SP,-23.4921,-46.7106
2970,Sao Paulo,SP,-23.4828,-46.7149
2971,Sao Paulo,SP,-23.4849,-46.7083
2972,Sao Paulo,SP,-23.4812,-46.7105
2975,Sao Paulo,SP,-23.4781,-46.7114
2976,Sao Paulo,SP,-23.4761,-46.7158
2977,Sao Paulo,SP,-23.4708,-46.7144
2978,Sao Paulo,SP,-23.4736,-46.7068
2979,Sao Paulo,SP,-23.476,-46.6981
2981,Sao Paulo,SP,-23.46,-46.7172
2982,Sao Paulo,SP,-23.4543,-46.7159
2983,Sao Paulo,SP,-23.4522,-46.7188
2984,Sao Paulo,SP,-23.445,-46.7206
2985,Sao Paulo,SP,-23.442,-46.7194
2986,Sao Paulo,SP,-23.434,-46.7145
2987,Sao Paulo,SP,-23.4351,-46.7053
2988,São Paulo,SP,-23.6084,-46.7404
2989,Sao Paulo,SP,-23.4338,-46.721
2990,Sao Paulo,SP,-23.4448,-46.7276
2991,Sao Paulo,SP,-23.4367,-46.7273
2992,Sao Paulo,SP,-23.4488,-46.7288
2993,Sao Paulo,SP,-23.454,-46.7319
2994,Sao Paulo,SP,-23.4571,-46.7348
2995,Sao Paulo,SP,-23.4443,-46.739
2996,Sao Paulo,SP,-23.4418,-46.7396
2997,Sao Paulo,SP,-23.5353,-46.6807
2998,Sao Paulo,SP,-23.4435,-46.7278
3001,Sao Paulo,SP,-23.5417,-46.6147
3002,Sao Paulo,SP,-23.545,-46.6203
3003,Sao Paulo,SP,-23.5454,-46.6237
3004,Sao Paulo,SP,-23.544,-46.6217
3005,Sao Paulo,SP,-23.5427,-46.6248
3006,Sao Paulo,SP,-23.5418,-46.6246
3007,Sao Paulo,SP,-23.5412,-46.6264
3008,Sao Paulo,SP,-23.5426,-46.6205
3009,Sao Paulo,SP,-23.5362,-46.6206
3010,Sao Paulo,SP,-23.537,-46.6186
3011,Sao Paulo,SP,-23.5383,-46.6151
3012,Sao Paulo,SP,-23.5408,-46.6154
3013,Sao Paulo,SP,-23.5353,-46.6143
3014,Sao Paulo,SP,-23.5385,-46.602
3015,Sao Paulo,SP,-23.5374,-46.596
3016,Sao Paulo,SP,-23.5371,-46.6151
3017,Sao Paulo,SP,-23.5366,-46.6109
3018,Sao Paulo,SP,-23.5323,-46.6113
3019,Sao Paulo,SP,-23.5334,-46.605
3020,Sao Paulo,SP,-23.5333,-46.6021
3021,Sao Paulo,SP,-23.531,-46.6008
3022,Sao Paulo,SP,-23.5259,-46.6049
3023,Sao Paulo,SP,-23.5323,-46.6108
3024,Sao Paulo,SP,-23.5304,-46.6095
3025,Sao Paulo,SP,-23.5351,-46.6096
3026,Sao Paulo,SP,-23.5314,-46.6111
3027,Sao Paulo,SP,-23.5342,-46.6137
3028,Sao Paulo,SP,-23.5273,-46.6115
3029,Sao Paulo,SP,-23.5298,-46.6182
3030,Sao Paulo,SP,-23.5268,-46.6184
3031,Sao Paulo,SP,-23.5319,-46.6206
3032,Sao Paulo,SP,-23.5311,-46.6216
3033,Sao Paulo,SP,-23.5296,-46.6242
3034,Sao Paulo,SP,-23.523,-46.6174
3035,Sao Paulo,SP,-23.5256,-46.6147
3036,São Paulo,SP,-23.5196,-46.6186
3040,Sao Paulo,SP,-23.5499,-46.623
3041,Sao Paulo,SP,-23.5492,-46.6199
3042,Sao Paulo,SP,-23.5487,-46.6184
3043,Sao Paulo,SP,-23.5473,-46.6171
3044,Sao Paulo,SP,-23.5517,-46.6209
3045,Sao Paulo,SP,-23.5428,-46.6025
3046,Sao Paulo,SP,-23.5443,-46.6156
3047,Sao Paulo,SP,-23.5421,-46.6057
3050,Sao Paulo,SP,-23.5441,-46.6127
3051,Sao Paulo,SP,-23.5454,-46.6084
3052,Sao Paulo,SP,-23.5407,-46.6071
3053,Sao Paulo,SP,-23.5442,-46.6071
3054,Sao Paulo,SP,-23.5423,-46.6038
3055,Sao Paulo,SP,-23.5406,-46.5994
3057,Sao Paulo,SP,-23.5412,-46.5968
3058,Sao Paulo,SP,-23.5391,-46.5906
3059,Sao Paulo,SP,-23.5402,-46.5917
3060,Sao Paulo,SP,-23.5384,-46.587
3061,Sao Paulo,SP,-23.5403,-46.585
3062,Sao Paulo,SP,-23.5411,-46.5894
3063,Sao Paulo,SP,-23.5324,-46.5643
3064,Sao Paulo,SP,-23.5333,-46.5698
3065,Sao Paulo,SP,-23.5374,-46.5789
3066,Sao Paulo,SP,-23.5374,-46.5767
3067,Sao Paulo,SP,-23.5378,-46.5734
3068,Sao Paulo,SP,-23.5367,-46.5681
3069,Sao Paulo,SP,-23.5354,-46.5654
3070,Sao Paulo,SP,-23.5384,-46.5691
3071,Sao Paulo,SP,-23.534,-46.5615
3072,Sao Paulo,SP,-23.5344,-46.557
3073,Sao Paulo,SP,-23.5318,-46.5557
3074,Sao Paulo,SP,-23.5222,-46.5646
3076,Sao Paulo,SP,-23.5378,-46.582
3077,Sao Paulo,SP,-23.5317,-46.5807
3080,Sao Paulo,SP,-23.5329,-46.5785
3081,Sao Paulo,SP,-23.5316,-46.5755
3084,Sao Paulo,SP,-23.5335,-46.5709
3085,Sao Paulo,SP,-23.5331,-46.5685
3086,Sao Paulo,SP,-23.5303,-46.5671
3087,Sao Paulo,SP,-23.5304,-46.566
3088,Sao Paulo,SP,-23.5269,-46.5619
3089,Sao Paulo,SP,-23.531,-46.561
3090,Sao Paulo,SP,-23.5284,-46.5579
3101,Sao Paulo,SP,-23.5522,-46.6108
3102,Sao Paulo,SP,-23.5503,-46.6137
3103,Sao Paulo,SP,-23.5544,-46.6106
3104,Sao Paulo,SP,-23.5542,-46.6145
3105,Sao Paulo,SP,-23.5557,-46.6192
3106,Sao Paulo,SP,-23.5563,-46.6164
3107,Sao Paulo,SP,-23.5639,-46.6079
3108,Sao Paulo,SP,-23.5654,-46.6087
3109,Sao Paulo,SP,-23.5751,-46.5977
3110,Sao Paulo,SP,-23.5576,-46.6072
3111,Sao Paulo,SP,-23.5602,-46.6044
3112,Sao Paulo,SP,-23.5565,-46.602
3113,Sao Paulo,SP,-23.5615,-46.6024
3114,Sao Paulo,SP,-23.5642,-46.5959
3115,Sao Paulo,SP,-23.5644,-46.5944
3116,Sao Paulo,SP,-23.5675,-46.587
3117,Sao Paulo,SP,-23.5607,-46.5934
3118,Sao Paulo,SP,-23.5618,-46.5949
3119,Sao Paulo,SP,-23.5635,-46.5944
3120,Sao Paulo,SP,-23.561,-46.5974
3121,Sao Paulo,SP,-23.5633,-46.5994
3122,Sao Paulo,SP,-23.5682,-46.5948
3123,Sao Paulo,SP,-23.5726,-46.5941
3124,Sao Paulo,SP,-23.571,-46.591
3125,Sao Paulo,SP,-23.5769,-46.5912
3126,Sao Paulo,SP,-23.5804,-46.5913
3127,Sao Paulo,SP,-23.5779,-46.5882
3128,Sao Paulo,SP,-23.5731,-46.5846
3129,Sao Paulo,SP,-23.5785,-46.5821
3130,Sao Paulo,SP,-23.5801,-46.5836
3131,Sao Paulo,SP,-23.5789,-46.5796
3132,Sao Paulo,SP,-23.5823,-46.5822
3133,Sao Paulo,SP,-23.5962,-46.5776
3134,Sao Paulo,SP,-23.5848,-46.5844
3135,Sao Paulo,SP,-23.5789,-46.5809
3136,Sao Paulo,SP,-23.5794,-46.5788
3137,Sao Paulo,SP,-23.5801,-46.5762
3138,Sao Paulo,SP,-23.5874,-46.5814
3139,Sao Paulo,SP,-23.5861,-46.5781
3140,Sao Paulo,SP,-23.5862,-46.5768
3141,Sao Paulo,SP,-23.5885,-46.5746
3142,Sao Paulo,SP,-23.5906,-46.5773
3143,Sao Paulo,SP,-23.5902,-46.5778
3144,Sao Paulo,SP,-23.5945,-46.5722
3145,Sao Paulo,SP,-23.5917,-46.5724
3146,Sao Paulo,SP,-23.5931,-46.5769
3147,Sao Paulo,SP,-23.5951,-46.5733
3149,Sao Paulo,SP,-23.577,-46.5872
3150,Sao Paulo,SP,-23.5859,-46.5879
3151,Sao Paulo,SP,-23.5873,-46.5862
3152,Sao Paulo,SP,-23.5926,-46.5818
3153,Sao Paulo,SP,-23.5969,-46.5806
3154,Sao Paulo,SP,-23.5829,-46.5667
3155,Sao Paulo,SP,-23.5812,-46.5713
3156,Sao Paulo,SP,-23.5809,-46.5682
3157,Sao Paulo,SP,-23.5772,-46.5713
3158,Sao Paulo,SP,-23.5758,-46.5667
3159,Sao Paulo,SP,-23.5788,-46.5692
3160,Sao Paulo,SP,-23.5787,-46.5647
3161,Sao Paulo,SP,-23.5773,-46.5634
3162,Sao Paulo,SP,-23.5513,-46.6036
3163,Sao Paulo,SP,-23.546,-46.5959
3164,Sao Paulo,SP,-23.5484,-46.6092
3165,Sao Paulo,SP,-23.56,-46.586
3166,Sao Paulo,SP,-23.5493,-46.5956
3167,Sao Paulo,SP,-23.5557,-46.5946
3168,Sao Paulo,SP,-23.5544,-46.5957
3169,Sao Paulo,SP,-23.5529,-46.594
3170,Sao Paulo,SP,-23.5509,-46.5923
3171,Sao Paulo,SP,-23.5507,-46.5904
3172,Sao Paulo,SP,-23.5527,-46.5853
3173,Sao Paulo,SP,-23.5533,-46.5843
3174,Sao Paulo,SP,-23.5471,-46.5891
3175,Sao Paulo,SP,-23.5494,-46.5845
3176,Sao Paulo,SP,-23.55,-46.5879
3177,Sao Paulo,SP,-23.5507,-46.5862
3178,Sao Paulo,SP,-23.5535,-46.5878
3179,Sao Paulo,SP,-23.5529,-46.5814
3180,Sao Paulo,SP,-23.5597,-46.5877
3181,Sao Paulo,SP,-23.5584,-46.5821
3182,Sao Paulo,SP,-23.5594,-46.5914
3183,Sao Paulo,SP,-23.5604,-46.5909
3184,Sao Paulo,SP,-23.5642,-46.5866
3185,Sao Paulo,SP,-23.5634,-46.583
3186,Sao Paulo,SP,-23.5656,-46.5816
3187,Sao Paulo,SP,-23.5611,-46.5789
3188,Sao Paulo,SP,-23.5626,-46.5783
3189,Sao Paulo,SP,-23.5695,-46.5778
3190,Sao Paulo,SP,-23.5645,-46.5739
3191,Sao Paulo,SP,-23.5688,-46.5717
3192,Sao Paulo,SP,-23.5717,-46.5775
3193,Sao Paulo,SP,-23.5742,-46.5765
3194,São Paulo,SP,-23.5679,-46.5739
3195,Sao Paulo,SP,-23.5705,-46.582
3201,Sao Paulo,SP,-23.5987,-46.574
3202,Sao Paulo,SP,-23.6007,-46.5702
3203,Sao Paulo,SP,-23.5939,-46.5735
3204,Sao Paulo,SP,-23.5955,-46.5597
3205,Sao Paulo,SP,-23.6028,-46.5669
3206,Sao Paulo,SP,-23.5987,-46.5625
3207,Sao Paulo,SP,-23.6007,-46.5626
3208,Sao Paulo,SP,-23.5994,-46.5579
3209,Sao Paulo,SP,-23.6013,-46.5589
3210,Sao Paulo,SP,-23.6006,-46.5495
3211,Sao Paulo,SP,-23.6011,-46.5537
3212,Sao Paulo,SP,-23.6043,-46.5602
3213,Sao Paulo,SP,-23.6064,-46.5609
3214,Sao Paulo,SP,-23.6081,-46.5615
3215,Sao Paulo,SP,-23.6074,-46.5568
3216,Sao Paulo,SP,-23.6085,-46.5562
3220,Sao Paulo,SP,-23.6045,-46.5284
3221,Sao Paulo,SP,-23.5963,-46.5404
3222,Sao Paulo,SP,-23.5853,-46.5611
3223,Sao Paulo,SP,-23.5899,-46.5594
3224,Sao Paulo,SP,-23.5905,-46.561
3225,Sao Paulo,SP,-23.585,-46.5559
3226,Sao Paulo,SP,-23.5919,-46.5675
3227,Sao Paulo,SP,-23.5864,-46.5711
3231,São Paulo,SP,-23.6508,-46.6585
3236,Sao Paulo,SP,-23.5924,-46.5534
3237,Sao Paulo,SP,-23.5935,-46.5524
3238,Sao Paulo,SP,-23.5942,-46.5493
3239,Sao Paulo,SP,-23.5965,-46.5467
3240,Sao Paulo,SP,-23.5984,-46.5473
3241,Sao Paulo,SP,-23.6003,-46.5466
3242,Sao Paulo,SP,-23.5977,-46.5438
3243,Sao Paulo,SP,-23.599,-46.542
3244,Sao Paulo,SP,-23.6038,-46.5409
3245,Sao Paulo,SP,-23.6039,-46.5355
3249,Sao Paulo,SP,-23.5995,-46.5335
3250,Sao Paulo,SP,-23.6058,-46.5318
3251,Sao Paulo,SP,-23.6065,-46.5372
3252,Sao Paulo,SP,-23.6092,-46.5423
3253,Sao Paulo,SP,-23.6071,-46.5312
3254,Sao Paulo,SP,-23.6098,-46.5312
3255,Sao Paulo,SP,-23.6013,-46.5257
3256,Sao Paulo,SP,-23.6099,-46.5296
3257,Sao Paulo,SP,-23.6083,-46.5267
3258,Sao Paulo,SP,-23.6106,-46.5265
3259,Sao Paulo,SP,-23.6036,-46.5218
3260,Sao Paulo,SP,-23.6041,-46.518
3261,Sao Paulo,SP,-23.5867,-46.5519
3262,Sao Paulo,SP,-23.5884,-46.5499
3263,Sao Paulo,SP,-23.5892,-46.5479
3264,Sao Paulo,SP,-23.5915,-46.5447
3265,Sao Paulo,SP,-23.5949,-46.5412
3266,Sao Paulo,SP,-23.5984,-46.5367
3267,Sao Paulo,SP,-23.6009,-46.5293
3268,Sao Paulo,SP,-23.5989,-46.5264
3269,Sao Paulo,SP,-23.5994,-46.5244
3270,Sao Paulo,SP,-23.6008,-46.521
3271,Sao Paulo,SP,-23.6006,-46.5178
3272,Sao Paulo,SP,-23.6015,-46.5146
3273,Sao Paulo,SP,-23.5773,-46.56
3274,Sao Paulo,SP,-23.5785,-46.5573
3275,Sao Paulo,SP,-23.584,-46.5414
3276,Sao Paulo,SP,-23.579,-46.5472
3277,Sao Paulo,SP,-23.5832,-46.5465
3278,Sao Paulo,SP,-23.5822,-46.544
3279,Sao Paulo,SP,-23.5849,-46.5414
3280,Sao Paulo,SP,-23.5836,-46.5374
3281,Sao Paulo,SP,-23.5883,-46.5431
3282,Sao Paulo,SP,-23.5886,-46.5439
3283,Sao Paulo,SP,-23.5903,-46.5393
3284,Sao Paulo,SP,-23.5875,-46.5369
3286,Sao Paulo,SP,-23.5908,-46.5353
3287,Sao Paulo,SP,-23.5955,-46.5331
3288,Sao Paulo,SP,-23.5926,-46.532
3289,Sao Paulo,SP,-23.5951,-46.5293
3294,Sao Paulo,SP,-23.5929,-46.5366
3295,Sao Paulo,SP,-23.5882,-46.5448
3301,Sao Paulo,SP,-23.5433,-46.5828
3302,Sao Paulo,SP,-23.545,-46.5897
3303,Sao Paulo,SP,-23.5452,-46.5877
3304,Sao Paulo,SP,-23.5451,-46.5781
3305,Sao Paulo,SP,-23.5466,-46.5768
3306,Sao Paulo,SP,-23.5447,-46.5757
3307,Sao Paulo,SP,-23.5467,-46.5741
3308,Sao Paulo,SP,-23.5415,-46.5719
3309,Sao Paulo,SP,-23.5456,-46.5674
3310,Sao Paulo,SP,-23.5434,-46.5668
3311,Sao Paulo,SP,-23.5437,-46.564
3312,Sao Paulo,SP,-23.5485,-46.5583
3313,Sao Paulo,SP,-23.5453,-46.5583
3314,Sao Paulo,SP,-23.5413,-46.566
3315,Sao Paulo,SP,-23.5422,-46.5685
3316,Sao Paulo,SP,-23.5423,-46.5663
3317,Sao Paulo,SP,-23.5415,-46.5607
3318,Sao Paulo,SP,-23.5444,-46.5654
3319,Sao Paulo,SP,-23.5448,-46.5621
3320,Sao Paulo,SP,-23.5465,-46.5653
3321,Sao Paulo,SP,-23.5474,-46.5648
3322,Sao Paulo,SP,-23.5487,-46.5655
3323,Sao Paulo,SP,-23.5459,-46.5724
3324,Sao Paulo,SP,-23.5512,-46.5658
3325,Sao Paulo,SP,-23.5525,-46.5569
3330,Sao Paulo,SP,-23.5454,-46.5853
3331,Sao Paulo,SP,-23.5476,-46.583
3332,Sao Paulo,SP,-23.5518,-46.5751
3333,Sao Paulo,SP,-23.5562,-46.5691
3334,Sao Paulo,SP,-23.5537,-46.5723
3335,Sao Paulo,SP,-23.5549,-46.5684
3336,Sao Paulo,SP,-23.5539,-46.563
3337,Sao Paulo,SP,-23.5562,-46.5619
3338,Sao Paulo,SP,-23.5597,-46.5606
3340,Sao Paulo,SP,-23.5703,-46.5512
3342,Sao Paulo,SP,-23.5612,-46.5638
3343,Sao Paulo,SP,-23.5593,-46.571
3344,Sao Paulo,SP,-23.56,-46.5735
3345,Sao Paulo,SP,-23.5716,-46.5637
3346,Sao Paulo,SP,-23.5602,-46.5714
3347,Sao Paulo,SP,-23.5627,-46.5667
3348,Sao Paulo,SP,-23.5661,-46.5623
3349,Sao Paulo,SP,-23.5673,-46.5629
3350,Sao Paulo,SP,-23.5695,-46.566
3351,Sao Paulo,SP,-23.5721,-46.5643
3355,Sao Paulo,SP,-23.5604,-46.5534
3356,Sao Paulo,SP,-23.5657,-46.5455
3357,Sao Paulo,SP,-23.5651,-46.5551
3358,Sao Paulo,SP,-23.5657,-46.5504
3359,Sao Paulo,SP,-23.5668,-46.5487
3360,Sao Paulo,SP,-23.5693,-46.5435
3361,Sao Paulo,SP,-23.5737,-46.5299
3362,Sao Paulo,SP,-23.5651,-46.543
3363,Sao Paulo,SP,-23.5628,-46.5391
3364,Sao Paulo,SP,-23.5652,-46.5379
3365,Sao Paulo,SP,-23.57,-46.5372
3366,Sao Paulo,SP,-23.5646,-46.5343
3367,Sao Paulo,SP,-23.5693,-46.5348
3370,Sao Paulo,SP,-23.5699,-46.5593
3371,Sao Paulo,SP,-23.5685,-46.5528
3372,Sao Paulo,SP,-23.5706,-46.5559
3373,Sao Paulo,SP,-23.5734,-46.5529
3374,Sao Paulo,SP,-23.5885,-46.5313
3375,Sao Paulo,SP,-23.574,-46.5488
3376,Sao Paulo,SP,-23.5774,-46.5429
3377,Sao Paulo,SP,-23.5749,-46.5427
3378,Sao Paulo,SP,-23.571,-46.5392
3379,Sao Paulo,SP,-23.5759,-46.5376
3380,Sao Paulo,SP,-23.5761,-46.5326
3381,Sao Paulo,SP,-23.5783,-46.5332
3382,Sao Paulo,SP,-23.58,-46.5313
3383,Sao Paulo,SP,-23.5823,-46.5306
3384,Sao Paulo,SP,-23.5781,-46.5227
3385,Sao Paulo,SP,-23.5828,-46.5254
3386,Sao Paulo,SP,-23.5724,-46.5506
3387,Sao Paulo,SP,-23.5858,-46.5293
3388,Sao Paulo,SP,-23.5881,-46.5297
3389,Sao Paulo,SP,-23.59,-46.5279
3390,Sao Paulo,SP,-23.5924,-46.5258
3401,Sao Paulo,SP,-23.5488,-46.5547
3402,Sao Paulo,SP,-23.5438,-46.5458
3403,Sao Paulo,SP,-23.5455,-46.543
3404,Sao Paulo,SP,-23.5378,-46.5541
3405,Sao Paulo,SP,-23.5384,-46.5489
3406,Sao Paulo,SP,-23.5412,-46.5456
3407,Sao Paulo,SP,-23.5434,-46.551
3408,Sao Paulo,SP,-23.5471,-46.5532
3409,Sao Paulo,SP,-23.5472,-46.5507
3410,Sao Paulo,SP,-23.5505,-46.5514
3411,Sao Paulo,SP,-23.5478,-46.5476
3412,Sao Paulo,SP,-23.5552,-46.5511
3413,Sao Paulo,SP,-23.5547,-46.5479
3414,Sao Paulo,SP,-23.5606,-46.5487
3415,Sao Paulo,SP,-23.5597,-46.5451
3416,Sao Paulo,SP,-23.561,-46.5494
3417,Sao Paulo,SP,-23.5399,-46.5474
3420,Sao Paulo,SP,-23.5494,-46.5457
3421,Sao Paulo,SP,-23.5516,-46.5451
3422,Sao Paulo,SP,-23.5557,-46.5441
3423,Sao Paulo,SP,-23.551,-46.5415
3424,Sao Paulo,SP,-23.5524,-46.5408
3425,Sao Paulo,SP,-23.5555,-46.5399
3426,Sao Paulo,SP,-23.5523,-46.5369
3427,Sao Paulo,SP,-23.5528,-46.5365
3428,Sao Paulo,SP,-23.5535,-46.5385
3429,Sao Paulo,SP,-23.5535,-46.5361
3430,Sao Paulo,SP,-23.5497,-46.5378
3431,Sao Paulo,SP,-23.5505,-46.5388
3432,Sao Paulo,SP,-23.5581,-46.5367
3433,Sao Paulo,SP,-23.5601,-46.5342
3434,Sao Paulo,SP,-23.5596,-46.5329
3435,Sao Paulo,SP,-23.5586,-46.5309
3436,Sao Paulo,SP,-23.5595,-46.5314
3437,Sao Paulo,SP,-23.5585,-46.5291
3438,Sao Paulo,SP,-23.5587,-46.5272
3440,Sao Paulo,SP,-23.5445,-46.5436
3441,Sao Paulo,SP,-23.5468,-46.5368
3442,Sao Paulo,SP,-23.5438,-46.5399
3443,Sao Paulo,SP,-23.5441,-46.5359
3444,Sao Paulo,SP,-23.5451,-46.5344
3445,Sao Paulo,SP,-23.5488,-46.5287
3446,Sao Paulo,SP,-23.5506,-46.5291
3447,Sao Paulo,SP,-23.5534,-46.5253
3448,Sao Paulo,SP,-23.5537,-46.5228
3449,Sao Paulo,SP,-23.5561,-46.5226
3450,Sao Paulo,SP,-23.5558,-46.5184
3451,Sao Paulo,SP,-23.5586,-46.5193
3452,Sao Paulo,SP,-23.5676,-46.5107
3453,Sao Paulo,SP,-23.5644,-46.5143
3454,Sao Paulo,SP,-23.5632,-46.5125
3455,Sao Paulo,SP,-23.5656,-46.5097
3456,Sao Paulo,SP,-23.5694,-46.5065
3460,Sao Paulo,SP,-23.5652,-46.5177
3461,Sao Paulo,SP,-23.5699,-46.5255
3462,Sao Paulo,SP,-23.5738,-46.5277
3463,Sao Paulo,SP,-23.5723,-46.5308
3470,Sao Paulo,SP,-23.5691,-46.5223
3471,Sao Paulo,SP,-23.5651,-46.5186
3472,Sao Paulo,SP,-23.5744,-46.5221
3474,Sao Paulo,SP,-23.5725,-46.5148
3475,Sao Paulo,SP,-23.5747,-46.5162
3476,Sao Paulo,SP,-23.5721,-46.5115
3477,Sao Paulo,SP,-23.5685,-46.5118
3478,Sao Paulo,SP,-23.5715,-46.5134
3479,Sao Paulo,SP,-23.5754,-46.5081
3480,Sao Paulo,SP,-23.5782,-46.5073
3490,Sao Paulo,SP,-23.5559,-46.5165
3501,Sao Paulo,SP,-23.5334,-46.5403
3502,Sao Paulo,SP,-23.5365,-46.5424
3503,Sao Paulo,SP,-23.5369,-46.5417
3504,Sao Paulo,SP,-23.5376,-46.5382
3505,Sao Paulo,SP,-23.535,-46.5386
3506,Sao Paulo,SP,-23.5375,-46.5357
3507,Sao Paulo,SP,-23.5378,-46.5386
3508,Sao Paulo,SP,-23.5347,-46.5329
3509,Sao Paulo,SP,-23.5359,-46.5291
3510,Sao Paulo,SP,-23.5388,-46.5309
3511,Sao Paulo,SP,-23.5349,-46.5272
3512,Sao Paulo,SP,-23.539,-46.5266
3513,Sao Paulo,SP,-23.5358,-46.5231
3514,Sao Paulo,SP,-23.5338,-46.5179
3515,Sao Paulo,SP,-23.5398,-46.5315
3516,Sao Paulo,SP,-23.5415,-46.5246
3517,Sao Paulo,SP,-23.5437,-46.5282
3518,Sao Paulo,SP,-23.5445,-46.5243
3519,Sao Paulo,SP,-23.5468,-46.5231
3520,Sao Paulo,SP,-23.5471,-46.5216
3521,Sao Paulo,SP,-23.5476,-46.5185
3522,Sao Paulo,SP,-23.5479,-46.5189
3523,Sao Paulo,SP,-23.55,-46.5164
3524,Sao Paulo,SP,-23.5485,-46.5142
3525,Sao Paulo,SP,-23.5485,-46.5184
3526,Sao Paulo,SP,-23.5525,-46.5015
3527,Sao Paulo,SP,-23.5451,-46.5293
3530,Sao Paulo,SP,-23.5388,-46.5201
3531,Sao Paulo,SP,-23.5412,-46.5184
3532,Sao Paulo,SP,-23.542,-46.5159
3533,Sao Paulo,SP,-23.5446,-46.5168
3534,Sao Paulo,SP,-23.546,-46.5097
3535,Sao Paulo,SP,-23.5452,-46.5058
3540,Sao Paulo,SP,-23.5351,-46.4995
3541,Sao Paulo,SP,-23.535,-46.518
3542,Sao Paulo,SP,-23.531,-46.5158
3543,Sao Paulo,SP,-23.535,-46.5149
3544,Sao Paulo,SP,-23.5317,-46.5114
3545,Sao Paulo,SP,-23.5326,-46.5122
3546,Sao Paulo,SP,-23.5358,-46.5096
3547,Sao Paulo,SP,-23.5383,-46.5126
3548,Sao Paulo,SP,-23.5408,-46.5118
3550,Sao Paulo,SP,-23.5312,-46.5069
3551,Sao Paulo,SP,-23.5332,-46.5034
3552,Sao Paulo,SP,-23.5356,-46.5042
3553,Sao Paulo,SP,-23.5342,-46.5069
3554,Sao Paulo,SP,-23.538,-46.5065
3555,Sao Paulo,SP,-23.5385,-46.4988
3556,Sao Paulo,SP,-23.5398,-46.5007
3557,Sao Paulo,SP,-23.5415,-46.5049
3558,Sao Paulo,SP,-23.544,-46.5021
3559,Sao Paulo,SP,-23.5465,-46.5022
3560,Sao Paulo,SP,-23.5476,-46.4998
3561,Sao Paulo,SP,-23.5477,-46.495
3562,Sao Paulo,SP,-23.5449,-46.4967
3563,Sao Paulo,SP,-23.5465,-46.4919
3564,Sao Paulo,SP,-23.5352,-46.4973
3565,Sao Paulo,SP,-23.5386,-46.4945
3566,Sao Paulo,SP,-23.5403,-46.4971
3567,Sao Paulo,SP,-23.5399,-46.4896
3568,Sao Paulo,SP,-23.542,-46.4848
3569,Sao Paulo,SP,-23.5432,-46.4901
3570,Sao Paulo,SP,-23.5662,-46.4873
3571,Sao Paulo,SP,-23.5694,-46.486
3572,Sao Paulo,SP,-23.5748,-46.4968
3573,Sao Paulo,SP,-23.5591,-46.5088
3574,Sao Paulo,SP,-23.5549,-46.5121
3575,Sao Paulo,SP,-23.5563,-46.5074
3576,Sao Paulo,SP,-23.5525,-46.5082
3577,Sao Paulo,SP,-23.5532,-46.5031
3578,Sao Paulo,SP,-23.5584,-46.5048
3579,Sao Paulo,SP,-23.5634,-46.496
3580,Sao Paulo,SP,-23.5533,-46.4999
3581,Sao Paulo,SP,-23.5558,-46.4996
3582,Sao Paulo,SP,-23.5574,-46.4977
3583,Sao Paulo,SP,-23.558,-46.4942
3584,Sao Paulo,SP,-23.5603,-46.4866
3585,Sao Paulo,SP,-23.5658,-46.4918
3586,Sao Paulo,SP,-23.5562,-46.489
3587,Sao Paulo,SP,-23.5562,-46.4874
3588,Sao Paulo,SP,-23.5583,-46.4871
3589,Sao Paulo,SP,-23.5517,-46.4865
3590,Sao Paulo,SP,-23.5466,-46.4834
3591,Sao Paulo,SP,-23.5505,-46.4802
3601,Sao Paulo,SP,-23.5146,-46.5211
3602,Sao Paulo,SP,-23.5322,-46.5723
3603,Sao Paulo,SP,-23.5242,-46.5501
3604,Sao Paulo,SP,-23.5237,-46.5506
3605,Sao Paulo,SP,-23.5215,-46.5498
3606,Sao Paulo,SP,-23.5226,-46.5476
3607,Sao Paulo,SP,-23.5198,-46.542
3608,Sao Paulo,SP,-23.5168,-46.5431
3609,Sao Paulo,SP,-23.516,-46.5418
3610,Sao Paulo,SP,-23.52,-46.5396
3611,Sao Paulo,SP,-23.5196,-46.5377
3612,Sao Paulo,SP,-23.5175,-46.5357
3613,Sao Paulo,SP,-23.5192,-46.5336
3614,Sao Paulo,SP,-23.5177,-46.5317
3615,Sao Paulo,SP,-23.5183,-46.5299
3616,Sao Paulo,SP,-23.518,-46.5277
3617,Sao Paulo,SP,-23.5181,-46.5255
3618,Sao Paulo,SP,-23.516,-46.522
3619,Sao Paulo,SP,-23.5132,-46.5148
3620,Sao Paulo,SP,-23.52,-46.5242
3621,Sao Paulo,SP,-23.5199,-46.5221
3622,Sao Paulo,SP,-23.5205,-46.519
3623,Sao Paulo,SP,-23.5187,-46.5163
3624,Sao Paulo,SP,-23.5149,-46.5151
3625,Sao Paulo,SP,-23.5159,-46.5118
3626,Sao Paulo,SP,-23.5132,-46.5096
3627,Sao Paulo,SP,-23.5118,-46.5058
3630,Sao Paulo,SP,-23.5327,-46.55
3631,Sao Paulo,SP,-23.5305,-46.551
3632,Sao Paulo,SP,-23.528,-46.5498
3633,Sao Paulo,SP,-23.5296,-46.546
3634,Sao Paulo,SP,-23.5251,-46.5471
3635,Sao Paulo,SP,-23.5173,-46.5198
3636,Sao Paulo,SP,-23.5223,-46.5287
3637,Sao Paulo,SP,-23.525,-46.5435
3638,Sao Paulo,SP,-23.5282,-46.5415
3639,Sao Paulo,SP,-23.5259,-46.5403
3640,Sao Paulo,SP,-23.5312,-46.5414
3641,Sao Paulo,SP,-23.5239,-46.545
3642,Sao Paulo,SP,-23.5264,-46.5356
3643,Sao Paulo,SP,-23.5279,-46.5342
3644,Sao Paulo,SP,-23.526,-46.5334
3645,Sao Paulo,SP,-23.5251,-46.5318
3646,Sao Paulo,SP,-23.5255,-46.5296
3647,Sao Paulo,SP,-23.526,-46.5276
3648,Sao Paulo,SP,-23.5249,-46.5273
3649,Sao Paulo,SP,-23.5274,-46.5239
3650,Sao Paulo,SP,-23.5272,-46.5231
3651,Sao Paulo,SP,-23.5267,-46.5199
3652,Sao Paulo,SP,-23.5145,-46.5058
3653,Sao Paulo,SP,-23.5176,-46.5107
3654,Sao Paulo,SP,-23.5252,-46.517
3655,Sao Paulo,SP,-23.5254,-46.5138
3656,Sao Paulo,SP,-23.5256,-46.5098
3657,Sao Paulo,SP,-23.5276,-46.504
3658,Sao Paulo,SP,-23.5281,-46.5007
3659,Sao Paulo,SP,-23.5215,-46.5114
3660,Sao Paulo,SP,-23.5223,-46.5072
3661,Sao Paulo,SP,-23.5241,-46.5025
3662,Sao Paulo,SP,-23.5227,-46.5
3663,Sao Paulo,SP,-23.5247,-46.5006
3664,Sao Paulo,SP,-23.5254,-46.4984
3665,Sao Paulo,SP,-23.5268,-46.4968
3666,Sao Paulo,SP,-23.5287,-46.4957
3667,Sao Paulo,SP,-23.5313,-46.4948
3668,Sao Paulo,SP,-23.5335,-46.4897
3669,Sao Paulo,SP,-23.5317,-46.4914
3670,Sao Paulo,SP,-23.5172,-46.5066
3671,Sao Paulo,SP,-23.5174,-46.5031
3672,Sao Paulo,SP,-23.5162,-46.5027
3673,Sao Paulo,SP,-23.5148,-46.5025
3674,Sao Paulo,SP,-23.5186,-46.4997
3675,Sao Paulo,SP,-23.5192,-46.4973
3676,Sao Paulo,SP,-23.5183,-46.4935
3677,Sao Paulo,SP,-23.5249,-46.5061
3678,Sao Paulo,SP,-23.5175,-46.4899
3679,Sao Paulo,SP,-23.5197,-46.4891
3680,Sao Paulo,SP,-23.5235,-46.4893
3681,Sao Paulo,SP,-23.5223,-46.4866
3682,Sao Paulo,SP,-23.5194,-46.4824
3683,Sao Paulo,SP,-23.5219,-46.4823
3685,Sao Paulo,SP,-23.5241,-46.4784
3687,Sao Paulo,SP,-23.5265,-46.4864
3688,Sao Paulo,SP,-23.528,-46.4841
3689,Sao Paulo,SP,-23.5295,-46.4816
3690,Sao Paulo,SP,-23.5285,-46.4783
3691,Sao Paulo,SP,-23.5341,-46.4835
3692,Sao Paulo,SP,-23.5333,-46.4803
3693,Sao Paulo,SP,-23.5318,-46.4767
3694,Sao Paulo,SP,-23.5321,-46.4763
3695,Sao Paulo,SP,-23.5247,-46.4954
3701,Sao Paulo,SP,-23.5135,-46.5502
3702,Sao Paulo,SP,-23.516,-46.5474
3703,Sao Paulo,SP,-23.5138,-46.5506
3704,Sao Paulo,SP,-23.5125,-46.5529
3707,Sao Paulo,SP,-23.5074,-46.5442
3710,Sao Paulo,SP,-23.5119,-46.5489
3711,Sao Paulo,SP,-23.5076,-46.5291
3712,Sao Paulo,SP,-23.5077,-46.5291
3713,Sao Paulo,SP,-23.5107,-46.5459
3714,Sao Paulo,SP,-23.5077,-46.5405
3715,Sao Paulo,SP,-23.5065,-46.5376
3716,Sao Paulo,SP,-23.5047,-46.5337
3717,Sao Paulo,SP,-23.5107,-46.5278
3718,Sao Paulo,SP,-23.4985,-46.5293
3720,Sao Paulo,SP,-23.5027,-46.5298
3721,Sao Paulo,SP,-23.5028,-46.5243
3725,Sao Paulo,SP,-23.4999,-46.5186
3726,Sao Paulo,SP,-23.5009,-46.5161
3727,Sao Paulo,SP,-23.5026,-46.5131
3728,Sao Paulo,SP,-23.5013,-46.5096
3729,Sao Paulo,SP,-23.501,-46.505
3730,Sao Paulo,SP,-23.5339,-46.562
3731,Sao Paulo,SP,-23.5109,-46.5368
3732,Sao Paulo,SP,-23.5112,-46.5333
3733,Sao Paulo,SP,-23.51,-46.5289
3734,Sao Paulo,SP,-23.5099,-46.5252
3735,Sao Paulo,SP,-23.5096,-46.5212
3736,Sao Paulo,SP,-23.5082,-46.5164
3737,Sao Paulo,SP,-23.5089,-46.5123
3738,Sao Paulo,SP,-23.5075,-46.5075
3739,Sao Paulo,SP,-23.5141,-46.5466
3755,Sao Paulo,SP,-23.5114,-46.5028
3756,Sao Paulo,SP,-23.5066,-46.5037
3757,Sao Paulo,SP,-23.5075,-46.4973
3758,Sao Paulo,SP,-23.5043,-46.4997
3759,Sao Paulo,SP,-23.5026,-46.4932
3801,Sao Paulo,SP,-23.5028,-46.49
3802,Sao Paulo,SP,-23.5024,-46.4856
3803,Sao Paulo,SP,-23.4956,-46.4874
3804,Sao Paulo,SP,-23.4991,-46.4833
3805,Sao Paulo,SP,-23.5045,-46.4809
3806,Sao Paulo,SP,-23.4975,-46.4776
3807,Sao Paulo,SP,-23.4996,-46.473
3808,Sao Paulo,SP,-23.494,-46.4748
3809,Sao Paulo,SP,-23.4907,-46.4763
3810,Sao Paulo,SP,-23.4905,-46.4724
3811,Sao Paulo,SP,-23.491,-46.4826
3812,Sao Paulo,SP,-23.4899,-46.4762
3813,Sao Paulo,SP,-23.4882,-46.47
3814,Sao Paulo,SP,-23.4891,-46.4849
3816,Sao Paulo,SP,-23.4897,-46.4893
3817,Sao Paulo,SP,-23.4926,-46.4927
3818,Sao Paulo,SP,-23.4974,-46.4941
3819,Sao Paulo,SP,-23.4993,-46.4973
3820,Sao Paulo,SP,-23.4959,-46.5031
3821,Sao Paulo,SP,-23.4945,-46.5033
3822,Sao Paulo,SP,-23.4981,-46.4957
3823,Sao Paulo,SP,-23.498,-46.4858
3827,Sao Paulo,SP,-23.4838,-46.4818
3828,Sao Paulo,SP,-23.4816,-46.4933
3831,São Paulo,SP,-23.5871,-46.5803
3840,São Paulo,SP,-23.6015,-46.4617
3870,Sao Paulo,SP,-23.5079,-46.4878
3871,Sao Paulo,SP,-23.5081,-46.4922
3872,Sao Paulo,SP,-23.5125,-46.5008
3873,Sao Paulo,SP,-23.5104,-46.496
3874,Sao Paulo,SP,-23.5125,-46.4955
3875,Sao Paulo,SP,-23.5135,-46.496
3876,Sao Paulo,SP,-23.5112,-46.4943
3877,Sao Paulo,SP,-23.5116,-46.4915
3878,Sao Paulo,SP,-23.5105,-46.4938
3880,Sao Paulo,SP,-23.5083,-46.4855
3881,Sao Paulo,SP,-23.51,-46.4884
3882,Sao Paulo,SP,-23.5115,-46.4851
3883,Sao Paulo,SP,-23.5089,-46.4822
3884,Sao Paulo,SP,-23.5122,-46.4811
3886,Sao Paulo,SP,-23.5096,-46.4808
3887,Sao Paulo,SP,-23.511,-46.4784
3888,Sao Paulo,SP,-23.5086,-46.4793
3889,Sao Paulo,SP,-23.5129,-46.477
3890,Sao Paulo,SP,-23.5158,-46.4882
3891,Sao Paulo,SP,-23.5131,-46.4893
3892,Sao Paulo,SP,-23.5136,-46.4867
3893,Sao Paulo,SP,-23.5148,-46.484
3894,Sao Paulo,SP,-23.5155,-46.4818
3895,Sao Paulo,SP,-23.5156,-46.4793
3896,Sao Paulo,SP,-23.5139,-46.4797
3901,Sao Paulo,SP,-23.5782,-46.513
3904,Sao Paulo,SP,-23.5782,-46.5185
3905,Sao Paulo,SP,-23.5798,-46.5149
3906,Sao Paulo,SP,-23.5812,-46.5114
3907,Sao Paulo,SP,-23.5874,-46.5079
3908,Sao Paulo,SP,-23.5825,-46.5072
3909,Sao Paulo,SP,-23.5848,-46.5113
3910,Sao Paulo,SP,-23.5849,-46.5156
3911,Sao Paulo,SP,-23.582,-46.5193
3912,Sao Paulo,SP,-23.5826,-46.5223
3916,Sao Paulo,SP,-23.5884,-46.5114
3917,Sao Paulo,SP,-23.5864,-46.5211
3918,Sao Paulo,SP,-23.5921,-46.5198
3919,Sao Paulo,SP,-23.5932,-46.5235
3920,Sao Paulo,SP,-23.5977,-46.5265
3921,Sao Paulo,SP,-23.5894,-46.5166
3922,Sao Paulo,SP,-23.5951,-46.5163
3923,Sao Paulo,SP,-23.592,-46.511
3924,Sao Paulo,SP,-23.5913,-46.5053
3925,Sao Paulo,SP,-23.606,-46.5349
3926,Sao Paulo,SP,-23.5992,-46.5017
3927,Sao Paulo,SP,-23.6029,-46.4987
3928,Sao Paulo,SP,-23.6056,-46.5022
3929,Sao Paulo,SP,-23.6055,-46.4903
3930,Sao Paulo,SP,-23.5806,-46.4977
3931,Sao Paulo,SP,-23.5816,-46.4948
3932,Sao Paulo,SP,-23.5826,-46.501
3933,Sao Paulo,SP,-23.5849,-46.4987
3934,Sao Paulo,SP,-23.59,-46.5021
3935,Sao Paulo,SP,-23.5879,-46.5033
3936,Sao Paulo,SP,-23.5903,-46.4965
3937,Sao Paulo,SP,-23.586,-46.4996
3938,Sao Paulo,SP,-23.5953,-46.504
3939,Sao Paulo,SP,-23.5944,-46.5031
3940,Sao Paulo,SP,-23.5928,-46.5001
3941,Sao Paulo,SP,-23.5958,-46.4985
3942,Sao Paulo,SP,-23.5944,-46.4971
3943,Sao Paulo,SP,-23.5978,-46.4945
3944,Sao Paulo,SP,-23.602,-46.4938
3945,Sao Paulo,SP,-23.5978,-46.4908
3946,Sao Paulo,SP,-23.5965,-46.4903
3947,Sao Paulo,SP,-23.5908,-46.4932
3948,Sao Paulo,SP,-23.5909,-46.4918
3949,Sao Paulo,SP,-23.5997,-46.4843
3950,Sao Paulo,SP,-23.5942,-46.48
3951,Sao Paulo,SP,-23.5865,-46.4887
3952,Sao Paulo,SP,-23.5896,-46.4831
3953,Sao Paulo,SP,-23.5934,-46.4822
3958,Sao Paulo,SP,-23.5963,-46.4855
3959,Sao Paulo,SP,-23.5967,-46.4837
3960,Sao Paulo,SP,-23.5968,-46.4821
3961,Sao Paulo,SP,-23.6018,-46.4843
3962,Sao Paulo,SP,-23.6057,-46.4815
3963,Sao Paulo,SP,-23.6095,-46.4802
3964,Sao Paulo,SP,-23.6042,-46.4756
3965,Sao Paulo,SP,-23.6019,-46.477
3966,Sao Paulo,SP,-23.5979,-46.4774
3967,Sao Paulo,SP,-23.6027,-46.474
3968,Sao Paulo,SP,-23.6027,-46.4725
3969,Sao Paulo,SP,-23.6082,-46.4898
3970,Sao Paulo,SP,-23.6141,-46.4794
3971,Sao Paulo,SP,-23.6056,-46.4892
3972,Sao Paulo,SP,-23.616,-46.4818
3973,Sao Paulo,SP,-23.6202,-46.4812
3974,Sao Paulo,SP,-23.6165,-46.4843
3975,Sao Paulo,SP,-23.6073,-46.5133
3976,Sao Paulo,SP,-23.6121,-46.4976
3977,Sao Paulo,SP,-23.616,-46.498
3978,Sao Paulo,SP,-23.621,-46.5045
3979,Sao Paulo,SP,-23.6172,-46.5086
3980,Sao Paulo,SP,-23.6161,-46.5128
3981,Sao Paulo,SP,-23.6134,-46.5165
3982,Sao Paulo,SP,-23.6115,-46.5125
3983,Sao Paulo,SP,-23.6098,-46.5083
3984,Sao Paulo,SP,-23.6069,-46.5124
3985,Sao Paulo,SP,-23.6062,-46.5168
3986,Sao Paulo,SP,-23.6088,-46.5216
3987,Sao Paulo,SP,-23.6033,-46.511
3988,Sao Paulo,SP,-23.6019,-46.5141
3989,Sao Paulo,SP,-23.6123,-46.4839
4001,Sao Paulo,SP,-23.5729,-46.6511
4002,Sao Paulo,SP,-23.5715,-46.648
4003,Sao Paulo,SP,-23.5736,-46.647
4004,Sao Paulo,SP,-23.5738,-46.6463
4005,Sao Paulo,SP,-23.5763,-46.6487
4006,Sao Paulo,SP,-23.577,-46.647
4007,Sao Paulo,SP,-23.5792,-46.6538
4008,Sao Paulo,SP,-23.5806,-46.6519
4009,Sao Paulo,SP,-23.5891,-46.6363
4010,Sao Paulo,SP,-23.5849,-46.6375
4011,Sao Paulo,SP,-23.5795,-46.6441
4012,Sao Paulo,SP,-23.583,-46.6466
4013,Sao Paulo,SP,-23.5783,-46.6425
4014,Sao Paulo,SP,-23.5844,-46.6433
4015,Sao Paulo,SP,-23.5865,-46.6438
4016,Sao Paulo,SP,-23.5882,-46.6436
4017,Sao Paulo,SP,-23.5882,-46.638
4018,Sao Paulo,SP,-23.5868,-46.6418
4019,Sao Paulo,SP,-23.5903,-46.6459
4020,Sao Paulo,SP,-23.5934,-46.6392
4021,Sao Paulo,SP,-23.5932,-46.6432
4022,Sao Paulo,SP,-23.5941,-46.6458
4023,Sao Paulo,SP,-23.5929,-46.6422
4024,Sao Paulo,SP,-23.6004,-46.6445
4025,Sao Paulo,SP,-23.5984,-46.6464
4026,Sao Paulo,SP,-23.5992,-46.648
4027,Sao Paulo,SP,-23.6001,-46.6529
4028,Sao Paulo,SP,-23.6049,-46.6635
4029,Sao Paulo,SP,-23.6013,-46.6599
4030,Sao Paulo,SP,-23.593,-46.6559
4031,Sao Paulo,SP,-23.5942,-46.6587
4032,Sao Paulo,SP,-23.5955,-46.6592
4035,Sao Paulo,SP,-23.5951,-46.6366
4036,Sao Paulo,SP,-23.5972,-46.6367
4037,Sao Paulo,SP,-23.5956,-46.6433
4038,Sao Paulo,SP,-23.597,-46.6445
4039,Sao Paulo,SP,-23.5978,-46.6439
4040,Sao Paulo,SP,-23.5996,-46.6378
4041,Sao Paulo,SP,-23.6014,-46.6448
4042,Sao Paulo,SP,-23.6027,-46.644
4043,Sao Paulo,SP,-23.6061,-46.6429
4044,Sao Paulo,SP,-23.6006,-46.6398
4045,Sao Paulo,SP,-23.6187,-46.6396
4046,Sao Paulo,SP,-23.6184,-46.6403
4047,Sao Paulo,SP,-23.6097,-46.6427
4048,Sao Paulo,SP,-23.7028,-46.6365
4049,Sao Paulo,SP,-23.6065,-46.6396
4050,Sao Paulo,SP,-23.6063,-46.6449
4051,Sao Paulo,SP,-23.6083,-46.6438
4052,Sao Paulo,SP,-23.6107,-46.6402
4053,Sao Paulo,SP,-23.6143,-46.6431
4054,Sao Paulo,SP,-23.6163,-46.6422
4055,Sao Paulo,SP,-23.6191,-46.6413
4057,Sao Paulo,SP,-23.6091,-46.6469
4058,Sao Paulo,SP,-23.6103,-46.6482
4059,Sao Paulo,SP,-23.6161,-46.6452
4060,Sao Paulo,SP,-23.6109,-46.649
4061,Sao Paulo,SP,-23.6154,-46.6483
4062,Sao Paulo,SP,-23.6198,-46.6477
4063,Sao Paulo,SP,-23.6134,-46.6504
4064,Sao Paulo,SP,-23.6188,-46.6494
4065,Sao Paulo,SP,-23.622,-46.6491
4066,Sao Paulo,SP,-23.6138,-46.6516
4067,Sao Paulo,SP,-23.6151,-46.6521
4068,Sao Paulo,SP,-23.6207,-46.6475
4069,Sao Paulo,SP,-23.6233,-46.643
4070,Sao Paulo,SP,-23.6273,-46.6461
4071,Sao Paulo,SP,-23.6244,-46.6523
4072,Sao Paulo,SP,-23.6241,-46.6524
4074,Sao Paulo,SP,-23.6085,-46.6546
4075,Sao Paulo,SP,-23.6028,-46.658
4076,Sao Paulo,SP,-23.6065,-46.657
4077,Sao Paulo,SP,-23.6074,-46.6576
4078,Sao Paulo,SP,-23.6062,-46.6593
4079,Sao Paulo,SP,-23.6086,-46.6587
4080,Sao Paulo,SP,-23.6085,-46.6612
4081,Sao Paulo,SP,-23.61,-46.6622
4082,Sao Paulo,SP,-23.6128,-46.6604
4083,Sao Paulo,SP,-23.6129,-46.662
4084,Sao Paulo,SP,-23.6149,-46.6613
4085,Sao Paulo,SP,-23.6148,-46.6625
4086,Sao Paulo,SP,-23.6106,-46.6603
4087,Sao Paulo,SP,-23.6094,-46.6605
4088,Sao Paulo,SP,-23.6059,-46.6613
4089,Sao Paulo,SP,-23.6073,-46.6611
4090,Sao Paulo,SP,-23.609,-46.6612
4094,Sao Paulo,SP,-23.5864,-46.6545
4097,Sao Paulo,SP,-23.5812,-46.6584
4101,Sao Paulo,SP,-23.5856,-46.6338
4102,Sao Paulo,SP,-23.5898,-46.6326
4103,Sao Paulo,SP,-23.5747,-46.6369
4104,Sao Paulo,SP,-23.5761,-46.6387
4105,Sao Paulo,SP,-23.5778,-46.6366
4106,Sao Paulo,SP,-23.5815,-46.635
4107,Sao Paulo,SP,-23.58,-46.6342
4108,Sao Paulo,SP,-23.5783,-46.6303
4109,Sao Paulo,SP,-23.5761,-46.6318
4110,Sao Paulo,SP,-23.5847,-46.6336
4111,Sao Paulo,SP,-23.5864,-46.6323
4112,Sao Paulo,SP,-23.5852,-46.629
4113,Sao Paulo,SP,-23.5851,-46.6258
4114,Sao Paulo,SP,-23.5863,-46.6238
4115,Sao Paulo,SP,-23.5898,-46.6245
4116,Sao Paulo,SP,-23.5925,-46.6255
4117,Sao Paulo,SP,-23.5894,-46.6304
4118,Sao Paulo,SP,-23.595,-46.6286
4119,Sao Paulo,SP,-23.5968,-46.6346
4120,Sao Paulo,SP,-23.5957,-46.6311
4121,Sao Paulo,SP,-23.5997,-46.6253
4122,Sao Paulo,SP,-23.6027,-46.6218
4123,Sao Paulo,SP,-23.6104,-46.6266
4124,Sao Paulo,SP,-23.5975,-46.6196
4125,Sao Paulo,SP,-23.6006,-46.6191
4126,Sao Paulo,SP,-23.5986,-46.6308
4127,Sao Paulo,SP,-23.6016,-46.63
4128,Sao Paulo,SP,-23.6021,-46.6329
4129,Sao Paulo,SP,-23.6029,-46.623
4130,Sao Paulo,SP,-23.605,-46.62
4131,Sao Paulo,SP,-23.6063,-46.6179
4132,Sao Paulo,SP,-23.6166,-46.6185
4133,Sao Paulo,SP,-23.6217,-46.6184
4134,Sao Paulo,SP,-23.6068,-46.6227
4135,Sao Paulo,SP,-23.6093,-46.6285
4136,Sao Paulo,SP,-23.6106,-46.6254
4137,Sao Paulo,SP,-23.6093,-46.6186
4138,Sao Paulo,SP,-23.6109,-46.6345
4139,Sao Paulo,SP,-23.6059,-46.6341
4140,Sao Paulo,SP,-23.6064,-46.6312
4141,Sao Paulo,SP,-23.6101,-46.6333
4142,Sao Paulo,SP,-23.6119,-46.6306
4143,Sao Paulo,SP,-23.615,-46.635
4144,Sao Paulo,SP,-23.6191,-46.6389
4145,Sao Paulo,SP,-23.6166,-46.6325
4146,Sao Paulo,SP,-23.6171,-46.6291
4147,Sao Paulo,SP,-23.6204,-46.6306
4148,Sao Paulo,SP,-23.6146,-46.6228
4149,Sao Paulo,SP,-23.6168,-46.6227
4150,Sao Paulo,SP,-23.6206,-46.6223
4151,Sao Paulo,SP,-23.6213,-46.6253
4152,Sao Paulo,SP,-23.6246,-46.6245
4153,Sao Paulo,SP,-23.627,-46.6244
4154,Sao Paulo,SP,-23.6284,-46.622
4155,Sao Paulo,SP,-23.6326,-46.6262
4156,Sao Paulo,SP,-23.6318,-46.6231
4157,Sao Paulo,SP,-23.6318,-46.6189
4158,Sao Paulo,SP,-23.6236,-46.6183
4159,Sao Paulo,SP,-23.6229,-46.6114
4160,Sao Paulo,SP,-23.6255,-46.612
4161,Sao Paulo,SP,-23.6298,-46.6156
4162,Sao Paulo,SP,-23.6269,-46.6067
4163,Sao Paulo,SP,-23.6298,-46.6132
4164,Sao Paulo,SP,-23.6275,-46.6083
4165,Sao Paulo,SP,-23.6262,-46.6062
4166,Sao Paulo,SP,-23.6427,-46.6067
4167,Sao Paulo,SP,-23.6337,-46.6144
4168,Sao Paulo,SP,-23.6342,-46.6123
4169,Sao Paulo,SP,-23.6532,-46.615
4170,Sao Paulo,SP,-23.635,-46.6129
4171,Sao Paulo,SP,-23.6369,-46.6129
4173,Sao Paulo,SP,-23.6382,-46.6102
4174,Sao Paulo,SP,-23.6338,-46.6074
4176,Sao Paulo,SP,-23.6351,-46.6036
4177,Sao Paulo,SP,-23.6422,-46.6078
4180,Sao Paulo,SP,-23.635,-46.5991
4181,Sao Paulo,SP,-23.6385,-46.5999
4182,Sao Paulo,SP,-23.6417,-46.5987
4183,Sao Paulo,SP,-23.643,-46.5967
4184,Sao Paulo,SP,-23.6488,-46.5998
4185,Sao Paulo,SP,-23.6474,-46.5925
4186,Sao Paulo,SP,-23.6471,-46.5944
4187,Sao Paulo,SP,-23.6485,-46.5949
4190,Sao Paulo,SP,-23.6516,-46.6027
4191,Sao Paulo,SP,-23.6457,-46.6043
4193,Sao Paulo,SP,-23.6489,-46.6085
4194,Sao Paulo,SP,-23.6537,-46.6104
4195,Sao Paulo,SP,-23.6572,-46.6128
4201,Sao Paulo,SP,-23.5748,-46.6059
4202,Sao Paulo,SP,-23.5776,-46.605
4203,Sao Paulo,SP,-23.5906,-46.6066
4204,Sao Paulo,SP,-23.5855,-46.6073
4205,Sao Paulo,SP,-23.5809,-46.6059
4206,Sao Paulo,SP,-23.5847,-46.6044
4207,Sao Paulo,SP,-23.5873,-46.6032
4208,Sao Paulo,SP,-23.5928,-46.6012
4209,Sao Paulo,SP,-23.5862,-46.6011
4210,Sao Paulo,SP,-23.5852,-46.6042
4211,Sao Paulo,SP,-23.5923,-46.6065
4212,Sao Paulo,SP,-23.5905,-46.605
4213,Sao Paulo,SP,-23.5925,-46.6024
4214,Sao Paulo,SP,-23.5946,-46.5994
4215,Sao Paulo,SP,-23.5956,-46.6012
4216,Sao Paulo,SP,-23.5967,-46.6005
4217,Sao Paulo,SP,-23.5992,-46.5976
4218,Sao Paulo,SP,-23.6061,-46.6015
4220,Sao Paulo,SP,-23.5971,-46.5873
4221,Sao Paulo,SP,-23.5941,-46.5947
4222,Sao Paulo,SP,-23.5985,-46.589
4223,Sao Paulo,SP,-23.5993,-46.59
4224,Sao Paulo,SP,-23.5973,-46.5942
4225,Sao Paulo,SP,-23.6024,-46.5898
4229,Sao Paulo,SP,-23.6063,-46.593
4230,Sao Paulo,SP,-23.6055,-46.592
4231,Sao Paulo,SP,-23.6061,-46.596
4232,Sao Paulo,SP,-23.6133,-46.5949
4233,Sao Paulo,SP,-23.5498,-46.5579
4235,Sao Paulo,SP,-23.613,-46.5918
4236,Sao Paulo,SP,-23.6072,-46.5888
4239,Sao Paulo,SP,-23.6233,-46.583
4240,Sao Paulo,SP,-23.6202,-46.5855
4241,Sao Paulo,SP,-23.6231,-46.5885
4242,Sao Paulo,SP,-23.6263,-46.5887
4243,Sao Paulo,SP,-23.6258,-46.5864
4244,Sao Paulo,SP,-23.6291,-46.5876
4246,Sao Paulo,SP,-23.6219,-46.5987
4247,Sao Paulo,SP,-23.6214,-46.5984
4248,Sao Paulo,SP,-23.6127,-46.5981
4249,Sao Paulo,SP,-23.6163,-46.5989
4250,Sao Paulo,SP,-23.6204,-46.5989
4251,Sao Paulo,SP,-23.6258,-46.597
4252,Sao Paulo,SP,-23.6136,-46.598
4253,Sao Paulo,SP,-23.6171,-46.5965
4254,Sao Paulo,SP,-23.6186,-46.5943
4255,Sao Paulo,SP,-23.6236,-46.5932
4256,Sao Paulo,SP,-23.6296,-46.5915
4257,Sao Paulo,SP,-23.6335,-46.5904
4258,Sao Paulo,SP,-23.6348,-46.5885
4260,Sao Paulo,SP,-23.5831,-46.6149
4261,Sao Paulo,SP,-23.5827,-46.6121
4262,Sao Paulo,SP,-23.5989,-46.6096
4263,Sao Paulo,SP,-23.5846,-46.6105
4264,Sao Paulo,SP,-23.5849,-46.6141
4265,Sao Paulo,SP,-23.5874,-46.6153
4266,Sao Paulo,SP,-23.5901,-46.6099
4267,Sao Paulo,SP,-23.5988,-46.6099
4268,Sao Paulo,SP,-23.5951,-46.6086
4269,Sao Paulo,SP,-23.5984,-46.6125
4270,Sao Paulo,SP,-23.5915,-46.6139
4271,Sao Paulo,SP,-23.5893,-46.617
4272,Sao Paulo,SP,-23.6054,-46.6139
4273,Sao Paulo,SP,-23.6075,-46.6117
4274,Sao Paulo,SP,-23.5912,-46.6171
4275,Sao Paulo,SP,-23.5938,-46.6165
4276,Sao Paulo,SP,-23.6013,-46.614
4277,Sao Paulo,SP,-23.6013,-46.6122
4278,Sao Paulo,SP,-23.6019,-46.6089
4279,Sao Paulo,SP,-23.6007,-46.6054
4280,Sao Paulo,SP,-23.6054,-46.607
4281,Sao Paulo,SP,-23.6062,-46.6092
4282,Sao Paulo,SP,-23.6076,-46.611
4283,Sao Paulo,SP,-23.6093,-46.6044
4284,Sao Paulo,SP,-23.6079,-46.6019
4285,Sao Paulo,SP,-23.6132,-46.6031
4286,Sao Paulo,SP,-23.6132,-46.6033
4287,Sao Paulo,SP,-23.6076,-46.6058
4288,Sao Paulo,SP,-23.6106,-46.6124
4289,Sao Paulo,SP,-23.6081,-46.6156
4290,Sao Paulo,SP,-23.6136,-46.6117
4291,Sao Paulo,SP,-23.6173,-46.613
4292,Sao Paulo,SP,-23.6171,-46.6117
4293,Sao Paulo,SP,-23.6214,-46.616
4294,Sao Paulo,SP,-23.6206,-46.6064
4295,Sao Paulo,SP,-23.622,-46.6047
4296,Sao Paulo,SP,-23.6212,-46.6039
4297,Sao Paulo,SP,-23.6281,-46.6023
4298,Sao Paulo,SP,-23.6272,-46.6003
4301,Sao Paulo,SP,-23.6248,-46.6335
4302,Sao Paulo,SP,-23.622,-46.6368
4303,Sao Paulo,SP,-23.6241,-46.6375
4304,Sao Paulo,SP,-23.6271,-46.6367
4305,Sao Paulo,SP,-23.6285,-46.6355
4306,Sao Paulo,SP,-23.6312,-46.6367
4307,Sao Paulo,SP,-23.6237,-46.6369
4308,Sao Paulo,SP,-23.6447,-46.6396
4309,Sao Paulo,SP,-23.6426,-46.6411
4310,Sao Paulo,SP,-23.6325,-46.6404
4311,Sao Paulo,SP,-23.6332,-46.6383
4312,Sao Paulo,SP,-23.6324,-46.6309
4313,Sao Paulo,SP,-23.6373,-46.638
4314,Sao Paulo,SP,-23.6358,-46.6355
4315,Sao Paulo,SP,-23.6357,-46.6287
4316,Sao Paulo,SP,-23.6392,-46.6353
4317,Sao Paulo,SP,-23.6417,-46.6328
4318,Sao Paulo,SP,-23.6448,-46.6365
4319,Sao Paulo,SP,-23.6474,-46.6366
4320,Sao Paulo,SP,-23.6488,-46.6363
4321,Sao Paulo,SP,-23.6473,-46.6439
4323,Sao Paulo,SP,-23.6537,-46.6394
4324,Sao Paulo,SP,-23.6544,-46.6371
4325,Sao Paulo,SP,-23.6627,-46.6365
4326,Sao Paulo,SP,-23.6574,-46.6354
4327,Sao Paulo,SP,-23.663,-46.6329
4328,Sao Paulo,SP,-23.6647,-46.6359
4330,Sao Paulo,SP,-23.656,-46.6468
4331,Sao Paulo,SP,-23.6577,-46.6491
4332,Sao Paulo,SP,-23.6591,-46.6491
4333,Sao Paulo,SP,-23.6611,-46.6446
4334,Sao Paulo,SP,-23.6573,-46.6388
4335,Sao Paulo,SP,-23.6635,-46.6398
4336,Sao Paulo,SP,-23.6653,-46.6445
4337,Sao Paulo,SP,-23.6649,-46.6472
4338,Sao Paulo,SP,-23.6698,-46.6461
4339,Sao Paulo,SP,-23.6675,-46.641
4340,Sao Paulo,SP,-23.6679,-46.6404
4342,Sao Paulo,SP,-23.6352,-46.6506
4343,Sao Paulo,SP,-23.6355,-46.6459
4344,Sao Paulo,SP,-23.6371,-46.6489
4345,Sao Paulo,SP,-23.6403,-46.6435
4346,Sao Paulo,SP,-23.6406,-46.6531
4347,Sao Paulo,SP,-23.6426,-46.648
4348,Sao Paulo,SP,-23.645,-46.6502
4349,Sao Paulo,SP,-23.6487,-46.6468
4350,Sao Paulo,SP,-23.6449,-46.6528
4351,Sao Paulo,SP,-23.6456,-46.6543
4355,Sao Paulo,SP,-23.6337,-46.6578
4356,Sao Paulo,SP,-23.6367,-46.6594
4357,Sao Paulo,SP,-23.636,-46.6547
4358,Sao Paulo,SP,-23.6397,-46.6569
4359,Sao Paulo,SP,-23.64,-46.6545
4360,Sao Paulo,SP,-23.64,-46.6633
4361,Sao Paulo,SP,-23.6435,-46.6628
4362,Sao Paulo,SP,-23.6453,-46.669
4363,Sao Paulo,SP,-23.6465,-46.6662
4364,Sao Paulo,SP,-23.6502,-46.6708
4365,Sao Paulo,SP,-23.6716,-46.6486
4366,Sao Paulo,SP,-23.6736,-46.6469
4367,Sao Paulo,SP,-23.6515,-46.6673
4368,Sao Paulo,SP,-23.6544,-46.6662
4369,Sao Paulo,SP,-23.6549,-46.6631
4370,Sao Paulo,SP,-23.649,-46.6616
4371,Sao Paulo,SP,-23.6483,-46.6584
4372,Sao Paulo,SP,-23.6485,-46.6572
4373,Sao Paulo,SP,-23.6523,-46.6575
4374,Sao Paulo,SP,-23.6519,-46.6564
4375,Sao Paulo,SP,-23.6545,-46.6572
4376,Sao Paulo,SP,-23.6533,-46.6559
4377,Sao Paulo,SP,-23.6539,-46.6518
4378,Sao Paulo,SP,-23.6496,-46.6607
4379,Sao Paulo,SP,-23.6567,-46.6565
4381,Sao Paulo,SP,-23.6555,-46.6661
4382,Sao Paulo,SP,-23.6581,-46.6637
4383,Sao Paulo,SP,-23.6587,-46.6605
4384,Sao Paulo,SP,-23.6603,-46.6599
4385,Sao Paulo,SP,-23.6648,-46.6571
4386,Sao Paulo,SP,-23.6636,-46.6552
4387,Sao Paulo,SP,-23.663,-46.651
4401,Sao Paulo,SP,-23.6669,-46.6649
4402,Sao Paulo,SP,-23.6669,-46.6628
4403,Sao Paulo,SP,-23.6705,-46.6611
4404,Sao Paulo,SP,-23.6691,-46.6582
4405,Sao Paulo,SP,-23.6735,-46.6565
4406,Sao Paulo,SP,-23.6706,-46.6542
4407,Sao Paulo,SP,-23.6713,-46.6513
4408,Sao Paulo,SP,-23.6737,-46.6506
4409,Sao Paulo,SP,-23.6764,-46.6513
4410,Sao Paulo,SP,-23.6802,-46.6486
4411,Sao Paulo,SP,-23.678,-46.6444
4412,Sao Paulo,SP,-23.6751,-46.6455
4413,Sao Paulo,SP,-23.6706,-46.6381
4414,Sao Paulo,SP,-23.6681,-46.6386
4415,Sao Paulo,SP,-23.6739,-46.6368
4416,Sao Paulo,SP,-23.677,-46.6385
4417,Sao Paulo,SP,-23.6798,-46.6341
4419,Sao Paulo,SP,-23.6825,-46.6411
4421,Sao Paulo,SP,-23.6902,-46.6395
4423,Sao Paulo,SP,-23.6862,-46.6344
4424,Sao Paulo,SP,-23.6874,-46.6404
4425,Sao Paulo,SP,-23.6813,-46.6439
4426,Sao Paulo,SP,-23.6816,-46.6448
4427,Sao Paulo,SP,-23.6805,-46.6529
4428,Sao Paulo,SP,-23.6805,-46.6549
4429,Sao Paulo,SP,-23.6792,-46.6614
4430,Sao Paulo,SP,-23.681,-46.6432
4431,Sao Paulo,SP,-23.6882,-46.6552
4432,Sao Paulo,SP,-23.6828,-46.661
4433,Sao Paulo,SP,-23.6814,-46.6569
4434,Sao Paulo,SP,-23.6831,-46.6668
4436,Sao Paulo,SP,-23.671,-46.6726
4437,Sao Paulo,SP,-23.6704,-46.6759
4438,Sao Paulo,SP,-23.6766,-46.6699
4439,Sao Paulo,SP,-23.6796,-46.668
4444,Sao Paulo,SP,-23.6888,-46.688
4445,Sao Paulo,SP,-23.6832,-46.6853
4446,Sao Paulo,SP,-23.687,-46.6843
4447,Sao Paulo,SP,-23.6893,-46.6791
4448,Sao Paulo,SP,-23.7509,-46.7046
4455,Sao Paulo,SP,-23.6804,-46.6792
4456,Sao Paulo,SP,-23.6857,-46.678
4457,Sao Paulo,SP,-23.6897,-46.6756
4458,Sao Paulo,SP,-23.6883,-46.6729
4459,Sao Paulo,SP,-23.693,-46.6722
4460,Sao Paulo,SP,-23.6917,-46.6742
4461,Sao Paulo,SP,-23.6912,-46.6796
4462,Sao Paulo,SP,-23.6945,-46.6655
4463,Sao Paulo,SP,-23.6952,-46.662
4464,Sao Paulo,SP,-23.6973,-46.6579
4466,Sao Paulo,SP,-23.6845,-46.6468
4467,Sao Paulo,SP,-23.6864,-46.6484
4468,Sao Paulo,SP,-23.6914,-46.6645
4469,Sao Paulo,SP,-23.6926,-46.6681
4470,Sao Paulo,SP,-23.7122,-46.6543
4472,Sao Paulo,SP,-23.6462,-46.5847
4473,Sao Paulo,SP,-23.7018,-46.6513
4474,Sao Paulo,SP,-23.6876,-46.6371
4475,Sao Paulo,SP,-23.701,-46.635
4476,Sao Paulo,SP,-23.7072,-46.6249
4477,Sao Paulo,SP,-23.7168,-46.6388
4479,Sao Paulo,SP,-23.6602,-46.7204
4501,Sao Paulo,SP,-23.589,-46.663
4502,Sao Paulo,SP,-23.5848,-46.6633
4503,Sao Paulo,SP,-23.5835,-46.667
4504,Sao Paulo,SP,-23.5847,-46.6657
4505,Sao Paulo,SP,-23.5946,-46.673
4506,Sao Paulo,SP,-23.5932,-46.6727
4507,Sao Paulo,SP,-23.5872,-46.6681
4508,Sao Paulo,SP,-23.5894,-46.6694
4509,Sao Paulo,SP,-23.5913,-46.6704
4510,Sao Paulo,SP,-23.5936,-46.6702
4511,Sao Paulo,SP,-23.5959,-46.6689
4512,Sao Paulo,SP,-23.5973,-46.6683
4513,Sao Paulo,SP,-23.597,-46.6705
4514,Sao Paulo,SP,-23.6008,-46.6714
4515,Sao Paulo,SP,-23.6016,-46.6662
4516,Sao Paulo,SP,-23.6047,-46.6693
4517,Sao Paulo,SP,-23.606,-46.6734
4518,Sao Paulo,SP,-23.6091,-46.6742
4520,Sao Paulo,SP,-23.6012,-46.6675
4521,Sao Paulo,SP,-23.6867,-46.6649
4522,Sao Paulo,SP,-23.5982,-46.6624
4523,Sao Paulo,SP,-23.6037,-46.6668
4524,Sao Paulo,SP,-23.6051,-46.6657
4530,Sao Paulo,SP,-23.5817,-46.6731
4531,Sao Paulo,SP,-23.5817,-46.6771
4532,Sao Paulo,SP,-23.5837,-46.6747
4533,Sao Paulo,SP,-23.5843,-46.6784
4534,Sao Paulo,SP,-23.5842,-46.6741
4535,Sao Paulo,SP,-23.59,-46.6756
4536,Sao Paulo,SP,-23.582,-46.6806
4537,Sao Paulo,SP,-23.5931,-46.6768
4538,Sao Paulo,SP,-23.5893,-46.6814
4542,Sao Paulo,SP,-23.5873,-46.6792
4543,Sao Paulo,SP,-23.5895,-46.681
4544,Sao Paulo,SP,-23.5916,-46.6776
4545,Sao Paulo,SP,-23.5959,-46.6756
4546,Sao Paulo,SP,-23.5979,-46.6799
4547,Sao Paulo,SP,-23.5978,-46.684
4548,Sao Paulo,SP,-23.5995,-46.6828
4549,Sao Paulo,SP,-23.602,-46.6774
4550,Sao Paulo,SP,-23.602,-46.6799
4551,Sao Paulo,SP,-23.5947,-46.6873
4552,Sao Paulo,SP,-23.5934,-46.6857
4553,Sao Paulo,SP,-23.602,-46.6837
4555,Sao Paulo,SP,-23.6139,-46.679
4556,Sao Paulo,SP,-23.6133,-46.6787
4557,Sao Paulo,SP,-23.603,-46.6833
4558,Sao Paulo,SP,-23.6022,-46.6863
4559,Sao Paulo,SP,-23.6146,-46.6814
4560,Sao Paulo,SP,-23.6118,-46.6817
4561,Sao Paulo,SP,-23.6085,-46.6857
4562,Sao Paulo,SP,-23.6103,-46.6871
4563,Sao Paulo,SP,-23.6109,-46.6866
4564,Sao Paulo,SP,-23.613,-46.6848
4565,Sao Paulo,SP,-23.6111,-46.6896
4566,Sao Paulo,SP,-23.6138,-46.6862
4567,Sao Paulo,SP,-23.6133,-46.69
4568,Sao Paulo,SP,-23.612,-46.688
4569,Sao Paulo,SP,-23.6068,-46.6892
4570,Sao Paulo,SP,-23.6019,-46.6896
4571,Sao Paulo,SP,-23.6048,-46.6936
4575,Sao Paulo,SP,-23.6084,-46.6944
4576,Sao Paulo,SP,-23.6157,-46.689
4578,Sao Paulo,SP,-23.6076,-46.6973
4580,Sao Paulo,SP,-23.6199,-46.6851
4581,Sao Paulo,SP,-23.6197,-46.6834
4582,Sao Paulo,SP,-23.6199,-46.6893
4583,Sao Paulo,SP,-23.6186,-46.6967
4601,Sao Paulo,SP,-23.6197,-46.6817
4602,Sao Paulo,SP,-23.6223,-46.6814
4603,Sao Paulo,SP,-23.6221,-46.6802
4604,Sao Paulo,SP,-23.6227,-46.6801
4605,Sao Paulo,SP,-23.6196,-46.6757
4606,Sao Paulo,SP,-23.6208,-46.6752
4607,Sao Paulo,SP,-23.6211,-46.6741
4608,Sao Paulo,SP,-23.6241,-46.6744
4609,Sao Paulo,SP,-23.6227,-46.6738
4610,Sao Paulo,SP,-23.6248,-46.6724
4611,Sao Paulo,SP,-23.6247,-46.6715
4612,Sao Paulo,SP,-23.6223,-46.6636
4613,Sao Paulo,SP,-23.6189,-46.6677
4614,Sao Paulo,SP,-23.617,-46.6722
4615,Sao Paulo,SP,-23.6231,-46.6675
4616,Sao Paulo,SP,-23.6197,-46.6733
4617,Sao Paulo,SP,-23.6232,-46.6699
4618,Sao Paulo,SP,-23.6209,-46.6759
4619,Sao Paulo,SP,-23.6235,-46.6758
4620,Sao Paulo,SP,-23.6268,-46.6749
4621,Sao Paulo,SP,-23.627,-46.6804
4622,Sao Paulo,SP,-23.6292,-46.6804
4623,Sao Paulo,SP,-23.6362,-46.675
4624,Sao Paulo,SP,-23.6281,-46.6691
4625,Sao Paulo,SP,-23.6283,-46.666
4626,Sao Paulo,SP,-23.6347,-46.669
4627,Sao Paulo,SP,-23.6347,-46.671
4630,Sao Paulo,SP,-23.6326,-46.663
4631,Sao Paulo,SP,-23.6317,-46.6641
4632,Sao Paulo,SP,-23.6323,-46.6662
4633,Sao Paulo,SP,-23.6341,-46.665
4634,Sao Paulo,SP,-23.6386,-46.6675
4635,Sao Paulo,SP,-23.641,-46.6705
4636,Sao Paulo,SP,-23.6378,-46.6776
4637,Sao Paulo,SP,-23.6312,-46.6814
4638,Sao Paulo,SP,-23.632,-46.6851
4639,Sao Paulo,SP,-23.6362,-46.6853
4640,Sao Paulo,SP,-23.6318,-46.6817
4641,Sao Paulo,SP,-23.6356,-46.6852
4642,Sao Paulo,SP,-23.6413,-46.6871
4643,Sao Paulo,SP,-23.6459,-46.6838
4644,Sao Paulo,SP,-23.6391,-46.6722
4645,Sao Paulo,SP,-23.6466,-46.679
4646,Sao Paulo,SP,-23.6425,-46.676
4647,Sao Paulo,SP,-23.6477,-46.6772
4648,Sao Paulo,SP,-23.6501,-46.6741
4649,Sao Paulo,SP,-23.6424,-46.6573
4650,Sao Paulo,SP,-23.6579,-46.6769
4651,Sao Paulo,SP,-23.6583,-46.6709
4652,Sao Paulo,SP,-23.6627,-46.668
4653,Sao Paulo,SP,-23.6639,-46.6747
4654,Sao Paulo,SP,-23.6604,-46.6765
4655,Sao Paulo,SP,-23.6635,-46.672
4657,Sao Paulo,SP,-23.668,-46.6738
4658,Sao Paulo,SP,-23.668,-46.6673
4660,Sao Paulo,SP,-23.6651,-46.6795
4661,Sao Paulo,SP,-23.6743,-46.6842
4662,Sao Paulo,SP,-23.6551,-46.692
4663,Sao Paulo,SP,-23.6532,-46.6835
4664,Sao Paulo,SP,-23.6568,-46.6833
4671,Sao Paulo,SP,-23.6588,-46.6918
4672,Sao Paulo,SP,-23.661,-46.6992
4673,Sao Paulo,SP,-23.664,-46.6948
4674,Sao Paulo,SP,-23.6639,-46.6858
4675,Sao Paulo,SP,-23.665,-46.6909
4676,Sao Paulo,SP,-23.662,-46.6788
4677,Sao Paulo,SP,-23.6677,-46.6824
4678,Sao Paulo,SP,-23.6677,-46.6803
4679,Sao Paulo,SP,-23.6743,-46.6819
4685,Sao Paulo,SP,-23.6632,-46.6935
4686,Sao Paulo,SP,-23.6654,-46.6908
4688,Sao Paulo,SP,-23.6663,-46.6917
4689,Sao Paulo,SP,-23.6702,-46.6911
4690,Sao Paulo,SP,-23.6733,-46.6929
4691,Sao Paulo,SP,-23.6746,-46.6902
4692,Sao Paulo,SP,-23.6746,-46.6868
4693,Sao Paulo,SP,-23.6797,-46.6914
4696,Sao Paulo,SP,-23.6694,-46.7025
4701,Sao Paulo,SP,-23.6378,-46.6964
4702,Sao Paulo,SP,-23.634,-46.6936
4703,Sao Paulo,SP,-23.6209,-46.6912
4704,Sao Paulo,SP,-23.6235,-46.6883
4705,Sao Paulo,SP,-23.6215,-46.6952
4707,Sao Paulo,SP,-23.625,-46.6934
4708,Sao Paulo,SP,-23.6294,-46.6921
4709,Sao Paulo,SP,-23.6295,-46.6957
4710,Sao Paulo,SP,-23.6278,-46.6957
4711,Sao Paulo,SP,-23.6273,-46.7009
4713,Sao Paulo,SP,-23.6297,-46.7017
4714,Sao Paulo,SP,-23.6318,-46.7003
4715,Sao Paulo,SP,-23.632,-46.7014
4716,Sao Paulo,SP,-23.6319,-46.7038
4717,Sao Paulo,SP,-23.6314,-46.7054
4718,Sao Paulo,SP,-23.6321,-46.7038
4719,Sao Paulo,SP,-23.6329,-46.707
4720,Sao Paulo,SP,-23.6363,-46.7031
4721,Sao Paulo,SP,-23.6409,-46.7004
4722,Sao Paulo,SP,-23.6407,-46.7039
4723,Sao Paulo,SP,-23.6453,-46.7132
4724,Sao Paulo,SP,-23.6454,-46.7122
4725,Sao Paulo,SP,-23.6436,-46.705
4726,Sao Paulo,SP,-23.636,-46.713
4727,Sao Paulo,SP,-23.6424,-46.7141
4728,Sao Paulo,SP,-23.6394,-46.7145
4729,Sao Paulo,SP,-23.6377,-46.7173
4730,Sao Paulo,SP,-23.642,-46.7203
4733,Sao Paulo,SP,-23.6355,-46.694
4734,Sao Paulo,SP,-23.6426,-46.6983
4735,Sao Paulo,SP,-23.6427,-46.6974
4736,Sao Paulo,SP,-23.6429,-46.6967
4737,Sao Paulo,SP,-23.6444,-46.6957
4738,Sao Paulo,SP,-23.6423,-46.6954
4739,Sao Paulo,SP,-23.6456,-46.6988
4740,Sao Paulo,SP,-23.6466,-46.693
4741,Sao Paulo,SP,-23.6494,-46.7007
4742,Sao Paulo,SP,-23.6509,-46.7009
4743,Sao Paulo,SP,-23.6533,-46.7036
4744,Sao Paulo,SP,-23.6566,-46.7067
4745,Sao Paulo,SP,-23.6565,-46.7054
4746,Sao Paulo,SP,-23.6589,-46.7079
4747,Sao Paulo,SP,-23.6567,-46.6978
4748,Sao Paulo,SP,-23.6497,-46.6895
4750,Sao Paulo,SP,-23.6471,-46.7048
4751,Sao Paulo,SP,-23.6518,-46.7075
4752,Sao Paulo,SP,-23.6533,-46.7118
4753,Sao Paulo,SP,-23.6543,-46.7138
4754,Sao Paulo,SP,-23.6523,-46.7155
4755,Sao Paulo,SP,-23.6472,-46.7138
4756,Sao Paulo,SP,-23.647,-46.7187
4757,Sao Paulo,SP,-23.6511,-46.7196
4760,Sao Paulo,SP,-23.6636,-46.7152
4761,Sao Paulo,SP,-23.6628,-46.718
4762,Sao Paulo,SP,-23.6652,-46.7195
4763,Sao Paulo,SP,-23.6696,-46.7186
4764,Sao Paulo,SP,-23.6724,-46.7147
4765,Sao Paulo,SP,-23.6733,-46.7114
4766,Sao Paulo,SP,-23.6719,-46.7094
4767,Sao Paulo,SP,-23.6776,-46.7065
4768,Sao Paulo,SP,-23.6727,-46.7119
4770,Sao Paulo,SP,-23.681,-46.7154
4771,Sao Paulo,SP,-23.6816,-46.7121
4772,Sao Paulo,SP,-23.6878,-46.715
4773,Sao Paulo,SP,-23.6822,-46.709
4774,Sao Paulo,SP,-23.6844,-46.707
4775,Sao Paulo,SP,-23.6854,-46.7004
4776,Sao Paulo,SP,-23.687,-46.7024
4777,Sao Paulo,SP,-23.6955,-46.6982
4778,Sao Paulo,SP,-23.6322,-46.7056
4779,Sao Paulo,SP,-23.6602,-46.7204
4781,Sao Paulo,SP,-23.6863,-46.7045
4782,Sao Paulo,SP,-23.691,-46.7038
4783,Sao Paulo,SP,-23.6947,-46.7043
4784,Sao Paulo,SP,-23.6831,-46.7076
4785,Sao Paulo,SP,-23.6935,-46.7113
4786,Sao Paulo,SP,-23.7023,-46.705
4787,Sao Paulo,SP,-23.6974,-46.7101
4788,Sao Paulo,SP,-23.7036,-46.7103
4789,Sao Paulo,SP,-23.7067,-46.7084
4792,Sao Paulo,SP,-23.7017,-46.7038
4794,Sao Paulo,SP,-23.6201,-46.6998
4795,Sao Paulo,SP,-23.663,-46.7109
4801,Sao Paulo,SP,-23.7137,-46.6992
4802,Sao Paulo,SP,-23.7097,-46.7059
4803,Sao Paulo,SP,-23.7161,-46.7096
4805,Sao Paulo,SP,-23.715,-46.7035
4806,Sao Paulo,SP,-23.7118,-46.7027
4807,Sao Paulo,SP,-23.7138,-46.6986
4808,São Paulo,SP,-23.7141,-46.7046
4809,Sao Paulo,SP,-23.7169,-46.6947
4810,Sao Paulo,SP,-23.7114,-46.6979
4811,Sao Paulo,SP,-23.7104,-46.6933
4812,Sao Paulo,SP,-23.7132,-46.6874
4813,Sao Paulo,SP,-23.7203,-46.687
4814,Sao Paulo,SP,-23.7255,-46.6785
4815,Sao Paulo,SP,-23.7038,-46.6913
4816,Sao Paulo,SP,-23.7052,-46.6863
4820,Sao Paulo,SP,-23.7363,-46.6871
4821,Sao Paulo,SP,-23.7258,-46.6874
4822,Sao Paulo,SP,-23.7333,-46.6904
4823,Sao Paulo,SP,-23.7245,-46.6952
4824,Sao Paulo,SP,-23.7301,-46.6951
4826,Sao Paulo,SP,-23.7233,-46.7102
4827,Sao Paulo,SP,-23.7216,-46.7018
4828,Sao Paulo,SP,-23.7257,-46.7045
4829,Sao Paulo,SP,-23.7301,-46.7095
4830,Sao Paulo,SP,-23.7318,-46.7013
4831,Sao Paulo,SP,-23.7345,-46.7136
4832,Sao Paulo,SP,-23.7348,-46.7156
4833,Sao Paulo,SP,-23.7435,-46.7063
4835,Sao Paulo,SP,-23.7376,-46.7048
4836,Sao Paulo,SP,-23.7438,-46.7102
4837,Sao Paulo,SP,-23.7429,-46.7044
4840,Sao Paulo,SP,-23.7554,-46.683
4841,Sao Paulo,SP,-23.7387,-46.6893
4842,Sao Paulo,SP,-23.745,-46.6853
4843,Sao Paulo,SP,-23.7429,-46.6944
4844,Sao Paulo,SP,-23.7511,-46.7018
4845,Sao Paulo,SP,-23.7471,-46.6913
4846,Sao Paulo,SP,-23.7448,-46.6781
4847,Sao Paulo,SP,-23.7547,-46.6963
4848,Sao Paulo,SP,-23.7327,-46.6775
4849,Sao Paulo,SP,-23.7193,-46.6604
4850,Sao Paulo,SP,-23.7479,-46.6818
4851,Sao Paulo,SP,-23.7316,-46.6666
4852,Sao Paulo,SP,-23.7609,-46.6709
4853,Sao Paulo,SP,-23.7683,-46.6739
4854,Sao Paulo,SP,-23.7469,-46.6908
4855,Sao Paulo,SP,-23.7583,-46.6807
4856,Sao Paulo,SP,-23.7699,-46.6861
4857,Sao Paulo,SP,-23.764,-46.6881
4858,Sao Paulo,SP,-23.7717,-46.7125
4859,Sao Paulo,SP,-23.7663,-46.7045
4860,Sao Paulo,SP,-23.7619,-46.7146
4862,Sao Paulo,SP,-23.7619,-46.6994
4863,Sao Paulo,SP,-23.7622,-46.7064
4864,Sao Paulo,SP,-23.7683,-46.721
4865,Sao Paulo,SP,-23.7832,-46.7064
4866,Sao Paulo,SP,-23.7865,-46.7177
4867,Sao Paulo,SP,-23.6965,-46.7339
4870,Sao Paulo,SP,-23.7576,-46.7561
4872,Sao Paulo,SP,-23.7164,-46.6393
4875,São Paulo,SP,-23.8206,-46.6854
4877,Sao Paulo,SP,-23.8609,-46.6445
4880,Sao Paulo,SP,-23.7884,-46.7203
4881,Sao Paulo,SP,-23.7943,-46.7304
4882,Sao Paulo,SP,-23.8093,-46.7571
4883,Sao Paulo,SP,-23.8133,-46.735
4884,Sao Paulo,SP,-23.8019,-46.7027
4886,Sao Paulo,SP,-23.8347,-46.758
4888,Sao Paulo,SP,-23.827,-46.7368
4890,Sao Paulo,SP,-23.8287,-46.7228
4891,Sao Paulo,SP,-23.8027,-46.7315
4892,Sao Paulo,SP,-23.8466,-46.7151
4893,Sao Paulo,SP,-23.808,-46.6867
4894,Sao Paulo,SP,-23.848,-46.7521
4895,Sao Paulo,SP,-23.8121,-46.6988
4896,Sao Paulo,SP,-23.8412,-46.7071
4897,Sao Paulo,SP,-23.8142,-46.6891
4898,Sao Paulo,SP,-23.7349,-46.6351
4902,Sao Paulo,SP,-23.6719,-46.7326
4904,Sao Paulo,SP,-23.6738,-46.7374
4905,Sao Paulo,SP,-23.6747,-46.7506
4906,Sao Paulo,SP,-23.6756,-46.7553
4909,Sao Paulo,SP,-23.6789,-46.7363
4910,Sao Paulo,SP,-23.6845,-46.7381
4911,Sao Paulo,SP,-23.6804,-46.7405
4912,Sao Paulo,SP,-23.6824,-46.7446
4913,Sao Paulo,SP,-23.677,-46.7407
4914,Sao Paulo,SP,-23.6764,-46.7453
4915,Sao Paulo,SP,-23.6814,-46.7483
4916,Sao Paulo,SP,-23.6858,-46.7507
4917,Sao Paulo,SP,-23.6863,-46.7459
4918,Sao Paulo,SP,-23.6906,-46.7447
4919,Sao Paulo,SP,-23.6934,-46.7632
4920,Sao Paulo,SP,-23.6917,-46.7568
4921,Sao Paulo,SP,-23.6947,-46.752
4922,Sao Paulo,SP,-23.6907,-46.7393
4923,Sao Paulo,SP,-23.7044,-46.7481
4925,Sao Paulo,SP,-23.7061,-46.7456
4926,Sao Paulo,SP,-23.7027,-46.7413
4928,Sao Paulo,SP,-23.7071,-46.7328
4929,Sao Paulo,SP,-23.6999,-46.7652
4930,Sao Paulo,SP,-23.6804,-46.7527
4931,Sao Paulo,SP,-23.6805,-46.7556
4932,Sao Paulo,SP,-23.6794,-46.7562
4933,Sao Paulo,SP,-23.6824,-46.7645
4935,Sao Paulo,SP,-23.6844,-46.7672
4937,Sao Paulo,SP,-23.686,-46.7612
4938,Sao Paulo,SP,-23.69,-46.7614
4939,Sao Paulo,SP,-23.6902,-46.7704
4940,Sao Paulo,SP,-23.6886,-46.7661
4941,Sao Paulo,SP,-23.7008,-46.7745
4942,Sao Paulo,SP,-23.6978,-46.7755
4943,Sao Paulo,SP,-23.7053,-46.7883
4944,Sao Paulo,SP,-23.7114,-46.7764
4945,Sao Paulo,SP,-23.7134,-46.7783
4947,Sao Paulo,SP,-23.7198,-46.7592
4948,Sao Paulo,SP,-23.7035,-46.7805
4949,Sao Paulo,SP,-23.7203,-46.7698
4950,Sao Paulo,SP,-23.7226,-46.7591
4951,Sao Paulo,SP,-23.7273,-46.7585
4952,Sao Paulo,SP,-23.7208,-46.7528
4953,Sao Paulo,SP,-23.723,-46.7556
4955,Sao Paulo,SP,-23.7622,-46.6843
4960,Sao Paulo,SP,-23.724,-46.7826
4961,Sao Paulo,SP,-23.682,-46.756
4962,Sao Paulo,SP,-23.7363,-46.7826
4963,Sao Paulo,SP,-23.7493,-46.7791
4965,Sao Paulo,SP,-23.7381,-46.778
4966,Sao Paulo,SP,-23.7276,-46.784
5001,Sao Paulo,SP,-23.5275,-46.6738
5002,Sao Paulo,SP,-23.5295,-46.6735
5003,Sao Paulo,SP,-23.5276,-46.6757
5004,Sao Paulo,SP,-23.5327,-46.6656
5005,Sao Paulo,SP,-23.5323,-46.6713
5006,Sao Paulo,SP,-23.5351,-46.6678
5007,Sao Paulo,SP,-23.5348,-46.6718
5008,Sao Paulo,SP,-23.5346,-46.6751
5009,Sao Paulo,SP,-23.5341,-46.6786
5010,Sao Paulo,SP,-23.5352,-46.6798
5011,Sao Paulo,SP,-23.5358,-46.6817
5012,Sao Paulo,SP,-23.539,-46.6793
5013,Sao Paulo,SP,-23.5377,-46.6681
5014,Sao Paulo,SP,-23.5366,-46.6701
5015,Sao Paulo,SP,-23.5359,-46.6709
5016,Sao Paulo,SP,-23.5381,-46.6768
5017,Sao Paulo,SP,-23.5371,-46.6797
5018,Sao Paulo,SP,-23.5349,-46.6806
5019,Sao Paulo,SP,-23.5346,-46.6823
5020,Sao Paulo,SP,-23.5348,-46.6842
5021,Sao Paulo,SP,-23.5327,-46.6849
5022,Sao Paulo,SP,-23.5348,-46.6885
5023,Sao Paulo,SP,-23.5304,-46.6848
5024,Sao Paulo,SP,-23.5301,-46.6854
5025,Sao Paulo,SP,-23.5338,-46.6882
5026,Sao Paulo,SP,-23.5306,-46.6894
5027,Sao Paulo,SP,-23.5323,-46.6924
5028,Sao Paulo,SP,-23.5371,-46.6928
5029,Sao Paulo,SP,-23.541,-46.6938
5030,Sao Paulo,SP,-23.5421,-46.6918
5033,Sao Paulo,SP,-23.5232,-46.6853
5034,Sao Paulo,SP,-23.5115,-46.6838
5035,Sao Paulo,SP,-23.5097,-46.7195
5036,Sao Paulo,SP,-23.5157,-46.6882
5037,Sao Paulo,SP,-23.5136,-46.6891
5038,Sao Paulo,SP,-23.5146,-46.699
5040,Sao Paulo,SP,-23.5131,-46.7079
5041,Sao Paulo,SP,-23.5239,-46.6958
5042,Sao Paulo,SP,-23.5249,-46.692
5043,Sao Paulo,SP,-23.5257,-46.6917
5044,Sao Paulo,SP,-23.5286,-46.6947
5045,Sao Paulo,SP,-23.5288,-46.6953
5046,Sao Paulo,SP,-23.5305,-46.6978
5047,Sao Paulo,SP,-23.5254,-46.6994
5048,Sao Paulo,SP,-23.5313,-46.6974
5049,Sao Paulo,SP,-23.5271,-46.7005
5050,Sao Paulo,SP,-23.5235,-46.7014
5051,Sao Paulo,SP,-23.5274,-46.696
5052,Sao Paulo,SP,-23.5332,-46.701
5053,Sao Paulo,SP,-23.5376,-46.6996
5054,Sao Paulo,SP,-23.5403,-46.7001
5055,Sao Paulo,SP,-23.5327,-46.7031
5056,Sao Paulo,SP,-23.5324,-46.7051
5057,Sao Paulo,SP,-23.5321,-46.7072
5058,Sao Paulo,SP,-23.532,-46.7083
5059,Sao Paulo,SP,-23.5335,-46.7113
5060,Sao Paulo,SP,-23.5286,-46.7086
5061,Sao Paulo,SP,-23.5396,-46.7047
5065,Sao Paulo,SP,-23.5188,-46.6956
5068,Sao Paulo,SP,-23.5162,-46.7023
5069,Sao Paulo,SP,-23.5146,-46.7067
5072,Sao Paulo,SP,-23.5214,-46.7035
5073,Sao Paulo,SP,-23.5229,-46.7063
5074,Sao Paulo,SP,-23.5199,-46.7056
5075,Sao Paulo,SP,-23.5228,-46.7087
5076,Sao Paulo,SP,-23.5221,-46.7102
5077,Sao Paulo,SP,-23.5205,-46.7205
5078,Sao Paulo,SP,-23.5229,-46.7172
5079,Sao Paulo,SP,-23.5262,-46.7118
5080,Sao Paulo,SP,-23.5273,-46.7142
5081,Sao Paulo,SP,-23.5272,-46.7146
5082,Sao Paulo,SP,-23.5294,-46.7176
5083,Sao Paulo,SP,-23.533,-46.7168
5084,Sao Paulo,SP,-23.5297,-46.7217
5085,Sao Paulo,SP,-23.526,-46.7289
5086,Sao Paulo,SP,-23.524,-46.7287
5087,Sao Paulo,SP,-23.5243,-46.7259
5088,Sao Paulo,SP,-23.5254,-46.7264
5089,Sao Paulo,SP,-23.5204,-46.7267
5092,Sao Paulo,SP,-23.5122,-46.7152
5093,Sao Paulo,SP,-23.5162,-46.72
5094,Sao Paulo,SP,-23.5114,-46.7192
5095,Sao Paulo,SP,-23.512,-46.7178
5101,Sao Paulo,SP,-23.5049,-46.7266
5102,Sao Paulo,SP,-23.5177,-46.7507
5103,Sao Paulo,SP,-23.5142,-46.7528
5104,Sao Paulo,SP,-23.5139,-46.7562
5105,Sao Paulo,SP,-23.5121,-46.7573
5106,Sao Paulo,SP,-23.5109,-46.7363
5107,Sao Paulo,SP,-23.5183,-46.7517
5108,Sao Paulo,SP,-23.5093,-46.7581
5109,Sao Paulo,SP,-23.5038,-46.7606
5110,Sao Paulo,SP,-23.4937,-46.7504
5112,Sao Paulo,SP,-23.4755,-46.7673
5113,Sao Paulo,SP,-23.4799,-46.7584
5114,Sao Paulo,SP,-23.5078,-46.7521
5115,Sao Paulo,SP,-23.5102,-46.7504
5116,Sao Paulo,SP,-23.5127,-46.7465
5117,Sao Paulo,SP,-23.5134,-46.7436
5118,Sao Paulo,SP,-23.5162,-46.742
5119,Sao Paulo,SP,-23.4944,-46.736
5120,São Paulo,SP,-23.5119,-46.7314
5121,Sao Paulo,SP,-23.5076,-46.73
5122,Sao Paulo,SP,-23.505,-46.7349
5123,Sao Paulo,SP,-23.5055,-46.738
5124,Sao Paulo,SP,-23.5045,-46.7364
5125,Sao Paulo,SP,-23.5027,-46.7387
5126,Sao Paulo,SP,-23.5021,-46.7411
5127,Sao Paulo,SP,-23.4975,-46.7389
5128,Sao Paulo,SP,-23.4928,-46.7407
5131,Sao Paulo,SP,-23.4988,-46.7441
5132,Sao Paulo,SP,-23.5052,-46.7447
5133,Sao Paulo,SP,-23.4929,-46.7435
5134,Sao Paulo,SP,-23.4877,-46.7441
5135,Sao Paulo,SP,-23.4937,-46.7483
5136,Sao Paulo,SP,-23.501,-46.7488
5138,Sao Paulo,SP,-23.4848,-46.7341
5139,Sao Paulo,SP,-23.489,-46.7316
5140,Sao Paulo,SP,-23.49,-46.7271
5141,Sao Paulo,SP,-23.492,-46.729
5142,Sao Paulo,SP,-23.4942,-46.727
5143,Sao Paulo,SP,-23.4962,-46.7224
5144,Sao Paulo,SP,-23.4998,-46.7225
5145,Sao Paulo,SP,-23.5033,-46.7204
5154,Sao Paulo,SP,-23.4953,-46.7466
5157,Sao Paulo,SP,-23.4857,-46.7632
5158,Sao Paulo,SP,-23.4898,-46.759
5159,Sao Paulo,SP,-23.488,-46.7521
5160,Sao Paulo,SP,-23.4858,-46.7506
5161,Sao Paulo,SP,-23.4858,-46.7563
5162,Sao Paulo,SP,-23.4816,-46.7558
5163,Sao Paulo,SP,-23.4816,-46.7648
5164,Sao Paulo,SP,-23.4844,-46.7191
5165,Sao Paulo,SP,-23.4819,-46.753
5170,Sao Paulo,SP,-23.4836,-46.7481
5171,Sao Paulo,SP,-23.4776,-46.7492
5172,Sao Paulo,SP,-23.4813,-46.7434
5173,Sao Paulo,SP,-23.4796,-46.7421
5174,Sao Paulo,SP,-23.4799,-46.7422
5175,Sao Paulo,SP,-23.4753,-46.7385
5176,Sao Paulo,SP,-23.4771,-46.7119
5177,Sao Paulo,SP,-23.4826,-46.7456
5180,Sao Paulo,SP,-23.4589,-46.7495
5181,Sao Paulo,SP,-23.4559,-46.7441
5182,Sao Paulo,SP,-23.4507,-46.7463
5183,Sao Paulo,SP,-23.4526,-46.7524
5184,Sao Paulo,SP,-23.4569,-46.7549
5185,Sao Paulo,SP,-23.4415,-46.7479
5186,Sao Paulo,SP,-23.4347,-46.7514
5187,Sao Paulo,SP,-23.4446,-46.7505
5201,Sao Paulo,SP,-23.413,-46.7237
5202,Sao Paulo,SP,-23.4021,-46.7471
5203,Sao Paulo,SP,-23.4076,-46.7464
5204,Sao Paulo,SP,-23.4076,-46.7552
5205,Sao Paulo,SP,-23.4095,-46.7643
5206,Sao Paulo,SP,-23.4046,-46.7632
5207,Sao Paulo,SP,-23.3988,-46.7529
5208,Sao Paulo,SP,-23.4133,-46.7545
5209,Sao Paulo,SP,-23.4315,-46.7271
5210,Sao Paulo,SP,-23.4301,-46.7472
5211,Sao Paulo,SP,-23.409,-46.7594
5212,Sao Paulo,SP,-23.4153,-46.7474
5215,Sao Paulo,SP,-23.3918,-46.7349
5220,Sao Paulo,SP,-23.405,-46.7261
5223,Sao Paulo,SP,-23.4096,-46.7398
5224,Sao Paulo,SP,-23.4131,-46.7437
5240,Sao Paulo,SP,-23.4295,-46.7638
5263,Sao Paulo,SP,-23.5126,-46.5615
5264,Sao Paulo,SP,-23.4458,-46.7851
5265,Sao Paulo,SP,-23.4512,-46.7901
5266,Sao Paulo,SP,-23.4462,-46.7998
5267,Sao Paulo,SP,-23.4406,-46.7924
5268,Sao Paulo,SP,-23.4409,-46.784
5269,Sao Paulo,SP,-23.4335,-46.7892
5270,Sao Paulo,SP,-23.5449,-46.6483
5271,Sao Paulo,SP,-23.4297,-46.7942
5272,Sao Paulo,SP,-23.4773,-46.7674
5273,Sao Paulo,SP,-23.4381,-46.7957
5274,Sao Paulo,SP,-23.4582,-46.7933
5275,Sao Paulo,SP,-23.4259,-46.8067
5276,Sao Paulo,SP,-23.4975,-46.4915
5279,Sao Paulo,SP,-23.5428,-46.5779
5280,Sao Paulo,SP,-23.4379,-46.7707
5281,Sao Paulo,SP,-23.4694,-46.7585
5282,Sao Paulo,SP,-23.464,-46.755
5283,Sao Paulo,SP,-23.4416,-46.7753
5301,Sao Paulo,SP,-23.534,-46.7223
5302,Sao Paulo,SP,-23.5306,-46.7269
5303,Sao Paulo,SP,-23.5277,-46.7306
5304,Sao Paulo,SP,-23.5242,-46.7352
5305,Sao Paulo,SP,-23.532,-46.7295
5307,Sao Paulo,SP,-23.5226,-46.7422
5308,Sao Paulo,SP,-23.5265,-46.7427
5310,São Paulo,SP,-23.5433,-46.7349
5311,Sao Paulo,SP,-23.5284,-46.74
5312,Sao Paulo,SP,-23.53,-46.7375
5313,Sao Paulo,SP,-23.5305,-46.7372
5314,Sao Paulo,SP,-23.5306,-46.7365
5315,Sao Paulo,SP,-23.5334,-46.7313
5316,Sao Paulo,SP,-23.5349,-46.7339
5317,Sao Paulo,SP,-23.546,-46.7328
5318,Sao Paulo,SP,-23.5355,-46.7296
5319,Sao Paulo,SP,-23.5418,-46.7307
5321,Sao Paulo,SP,-23.5439,-46.7415
5322,Sao Paulo,SP,-23.5396,-46.7515
5323,Sao Paulo,SP,-23.5434,-46.7525
5324,Sao Paulo,SP,-23.5407,-46.7566
5325,Sao Paulo,SP,-23.5394,-46.7587
5326,Sao Paulo,SP,-23.5433,-46.7578
5327,Sao Paulo,SP,-23.5453,-46.7576
5328,Sao Paulo,SP,-23.5429,-46.756
5329,Sao Paulo,SP,-23.5735,-46.7379
5330,Sao Paulo,SP,-23.5429,-46.7482
5331,Sao Paulo,SP,-23.5454,-46.7488
5332,Sao Paulo,SP,-23.5462,-46.7473
5333,Sao Paulo,SP,-23.5426,-46.7438
5334,Sao Paulo,SP,-23.548,-46.7467
5335,Sao Paulo,SP,-23.5462,-46.7536
5336,Sao Paulo,SP,-23.5449,-46.7533
5337,Sao Paulo,SP,-23.5522,-46.7497
5338,Sao Paulo,SP,-23.5531,-46.7498
5339,Sao Paulo,SP,-23.5545,-46.7555
5340,Sao Paulo,SP,-23.5532,-46.7552
5343,Sao Paulo,SP,-23.5541,-46.7508
5344,Sao Paulo,SP,-23.553,-46.7452
5345,Sao Paulo,SP,-23.5513,-46.7442
5346,Sao Paulo,SP,-23.556,-46.7444
5347,Sao Paulo,SP,-23.5535,-46.7383
5348,Sao Paulo,SP,-23.5475,-46.7371
5350,Sao Paulo,SP,-23.5676,-46.7544
5351,Sao Paulo,SP,-23.5595,-46.7548
5352,Sao Paulo,SP,-23.5556,-46.7588
5353,Sao Paulo,SP,-23.5603,-46.7509
5356,Sao Paulo,SP,-23.5632,-46.7536
5358,Sao Paulo,SP,-23.5719,-46.75
5359,Sao Paulo,SP,-23.57,-46.7442
5360,Sao Paulo,SP,-23.5687,-46.7383
5361,Sao Paulo,SP,-23.5665,-46.7485
5362,Sao Paulo,SP,-23.5727,-46.7409
5363,Sao Paulo,SP,-23.573,-46.7471
5364,Sao Paulo,SP,-23.5715,-46.7522
5365,Sao Paulo,SP,-23.5761,-46.7478
5366,Sao Paulo,SP,-23.5778,-46.7561
5367,Sao Paulo,SP,-23.5719,-46.7553
5368,Sao Paulo,SP,-23.5787,-46.7523
5369,Sao Paulo,SP,-23.5706,-46.7447
5371,Sao Paulo,SP,-23.5833,-46.754
5372,Sao Paulo,SP,-23.5798,-46.7575
5373,Sao Paulo,SP,-23.5836,-46.7586
5374,Sao Paulo,SP,-23.5792,-46.7605
5376,Sao Paulo,SP,-23.5809,-46.7665
5379,Sao Paulo,SP,-23.5658,-46.7527
5381,Sao Paulo,SP,-23.5722,-46.7618
5382,Sao Paulo,SP,-23.5746,-46.762
5386,Sao Paulo,SP,-23.5651,-46.7597
5387,Sao Paulo,SP,-23.5659,-46.765
5388,Sao Paulo,SP,-23.5692,-46.7634
5396,Sao Paulo,SP,-23.5733,-46.7698
5397,Sao Paulo,SP,-23.5796,-46.7756
5398,Sao Paulo,SP,-23.5741,-46.7778
5399,Sao Paulo,SP,-23.5747,-46.7791
5400,São Paulo,SP,-23.557,-46.676
5401,Sao Paulo,SP,-23.5635,-46.6772
5402,Sao Paulo,SP,-23.5643,-46.6787
5403,Sao Paulo,SP,-23.5576,-46.6691
5404,Sao Paulo,SP,-23.5638,-46.6837
5405,Sao Paulo,SP,-23.5605,-46.6825
5406,Sao Paulo,SP,-23.5582,-46.679
5407,Sao Paulo,SP,-23.56,-46.685
5408,Sao Paulo,SP,-23.5592,-46.6833
5409,Sao Paulo,SP,-23.5574,-46.675
5410,Sao Paulo,SP,-23.5554,-46.6772
5411,Sao Paulo,SP,-23.5584,-46.6775
5412,Sao Paulo,SP,-23.5568,-46.6804
5413,Sao Paulo,SP,-23.5598,-46.68
5414,Sao Paulo,SP,-23.562,-46.6815
5415,Sao Paulo,SP,-23.5627,-46.6839
5416,Sao Paulo,SP,-23.5609,-46.6884
5417,Sao Paulo,SP,-23.5614,-46.6898
5418,Sao Paulo,SP,-23.564,-46.6896
5419,Sao Paulo,SP,-23.5623,-46.6944
5420,Sao Paulo,SP,-23.5652,-46.6914
5421,Sao Paulo,SP,-23.565,-46.6921
5422,Sao Paulo,SP,-23.5669,-46.6874
5423,Sao Paulo,SP,-23.57,-46.6943
5424,Sao Paulo,SP,-23.5688,-46.6981
5425,Sao Paulo,SP,-23.5692,-46.7001
5426,Sao Paulo,SP,-23.5623,-46.695
5427,Sao Paulo,SP,-23.5634,-46.696
5428,Sao Paulo,SP,-23.5632,-46.6982
5429,Sao Paulo,SP,-23.562,-46.6993
5432,Sao Paulo,SP,-23.5572,-46.6898
5433,Sao Paulo,SP,-23.5523,-46.6912
5434,Sao Paulo,SP,-23.5554,-46.691
5435,Sao Paulo,SP,-23.5516,-46.6904
5436,Sao Paulo,SP,-23.5545,-46.6854
5437,Sao Paulo,SP,-23.5448,-46.6921
5438,Sao Paulo,SP,-23.5453,-46.6915
5439,Sao Paulo,SP,-23.5496,-46.6894
5440,Sao Paulo,SP,-23.5473,-46.6914
5441,Sao Paulo,SP,-23.5458,-46.695
5442,Sao Paulo,SP,-23.5444,-46.6973
5443,Sao Paulo,SP,-23.5531,-46.6957
5444,Sao Paulo,SP,-23.5574,-46.6973
5445,Sao Paulo,SP,-23.5523,-46.6982
5446,Sao Paulo,SP,-23.5537,-46.7004
5447,Sao Paulo,SP,-23.5485,-46.7003
5448,Sao Paulo,SP,-23.5464,-46.7006
5449,Sao Paulo,SP,-23.5459,-46.705
5450,Sao Paulo,SP,-23.548,-46.7062
5451,Sao Paulo,SP,-23.5427,-46.7025
5452,Sao Paulo,SP,-23.5443,-46.7081
5453,Sao Paulo,SP,-23.5423,-46.7076
5454,Sao Paulo,SP,-23.541,-46.7105
5455,Sao Paulo,SP,-23.5414,-46.7119
5458,Sao Paulo,SP,-23.5418,-46.7163
5459,Sao Paulo,SP,-23.5579,-46.7029
5460,Sao Paulo,SP,-23.5509,-46.7111
5461,Sao Paulo,SP,-23.5478,-46.7164
5462,Sao Paulo,SP,-23.559,-46.7045
5463,Sao Paulo,SP,-23.5587,-46.7079
5464,Sao Paulo,SP,-23.5506,-46.7148
5465,Sao Paulo,SP,-23.5541,-46.716
5466,Sao Paulo,SP,-23.5511,-46.7188
5467,Sao Paulo,SP,-23.5435,-46.7155
5468,Sao Paulo,SP,-23.5391,-46.7158
5469,Sao Paulo,SP,-23.5411,-46.7196
5470,Sao Paulo,SP,-23.5408,-46.7237
5471,Sao Paulo,SP,-23.54,-46.726
5472,Sao Paulo,SP,-23.5496,-46.718
5477,Sao Paulo,SP,-23.552,-46.7223
5501,Sao Paulo,SP,-23.5708,-46.705
5502,Sao Paulo,SP,-23.577,-46.7045
5503,Sao Paulo,SP,-23.5702,-46.7108
5505,Sao Paulo,SP,-23.5588,-46.7121
5506,Sao Paulo,SP,-23.5632,-46.7085
5507,Sao Paulo,SP,-23.5668,-46.7101
5508,Sao Paulo,SP,-23.561,-46.7278
5509,Sao Paulo,SP,-23.5709,-46.7112
5510,Sao Paulo,SP,-23.573,-46.709
5511,Sao Paulo,SP,-23.5766,-46.7087
5512,Sao Paulo,SP,-23.5839,-46.7183
5513,Sao Paulo,SP,-23.5816,-46.7151
5514,Sao Paulo,SP,-23.584,-46.6879
5515,Sao Paulo,SP,-23.5802,-46.7143
5516,Sao Paulo,SP,-23.5817,-46.7179
5517,Sao Paulo,SP,-23.584,-46.7221
5518,Sao Paulo,SP,-23.5862,-46.727
5519,Sao Paulo,SP,-23.5891,-46.731
5520,Sao Paulo,SP,-23.5981,-46.7407
5521,Sao Paulo,SP,-23.5887,-46.7267
5522,Sao Paulo,SP,-23.5922,-46.7364
5523,Sao Paulo,SP,-23.5937,-46.7402
5524,Sao Paulo,SP,-23.597,-46.7428
5525,Sao Paulo,SP,-23.6018,-46.7518
5526,Sao Paulo,SP,-23.6017,-46.7468
5527,Sao Paulo,SP,-23.5953,-46.7468
5528,Sao Paulo,SP,-23.5946,-46.7572
5529,Sao Paulo,SP,-23.593,-46.7361
5530,Sao Paulo,SP,-23.5767,-46.7171
5531,Sao Paulo,SP,-23.5795,-46.7227
5532,Sao Paulo,SP,-23.5782,-46.7237
5533,Sao Paulo,SP,-23.5829,-46.7247
5534,Sao Paulo,SP,-23.6014,-46.7493
5535,Sao Paulo,SP,-23.5833,-46.7314
5536,Sao Paulo,SP,-23.5888,-46.7389
5537,Sao Paulo,SP,-23.5859,-46.735
5538,Sao Paulo,SP,-23.5885,-46.7379
5539,Sao Paulo,SP,-23.5759,-46.7272
5540,Sao Paulo,SP,-23.5762,-46.724
5541,Sao Paulo,SP,-23.5883,-46.7417
5542,Sao Paulo,SP,-23.5876,-46.7493
5543,Sao Paulo,SP,-23.5888,-46.7401
5544,Sao Paulo,SP,-23.5936,-46.7661
5545,Sao Paulo,SP,-23.5867,-46.7669
5546,Sao Paulo,SP,-23.5865,-46.7701
5547,Sao Paulo,SP,-23.5933,-46.7725
5549,Sao Paulo,SP,-23.5971,-46.7662
5550,Sao Paulo,SP,-23.5782,-46.7612
5551,Sao Paulo,SP,-23.5891,-46.7612
5560,Sao Paulo,SP,-23.5881,-46.7802
5563,Sao Paulo,SP,-23.6018,-46.7842
5564,Sao Paulo,SP,-23.5917,-46.7703
5565,Sao Paulo,SP,-23.5957,-46.7891
5566,Sao Paulo,SP,-23.5929,-46.7914
5567,Sao Paulo,SP,-23.594,-46.7862
5568,Sao Paulo,SP,-23.5901,-46.7861
5569,Sao Paulo,SP,-23.6003,-46.7935
5570,Sao Paulo,SP,-23.6036,-46.7951
5571,Sao Paulo,SP,-23.5946,-46.7875
5572,Sao Paulo,SP,-23.5967,-46.7954
5573,Sao Paulo,SP,-23.5853,-46.7406
5574,Sao Paulo,SP,-23.5884,-46.8024
5576,Sao Paulo,SP,-23.5871,-46.7785
5577,Sao Paulo,SP,-23.585,-46.7672
5578,Sao Paulo,SP,-23.5766,-46.7124
5579,Sao Paulo,SP,-23.5714,-46.7131
5580,Sao Paulo,SP,-23.573,-46.7175
5581,Sao Paulo,SP,-23.5718,-46.7223
5582,Sao Paulo,SP,-23.5737,-46.7288
5583,Sao Paulo,SP,-23.5833,-46.7871
5584,Sao Paulo,SP,-23.5804,-46.7911
5585,Sao Paulo,SP,-23.5711,-46.7253
5586,Sao Paulo,SP,-23.5707,-46.7286
5587,Sao Paulo,SP,-23.5719,-46.7255
5588,Sao Paulo,SP,-23.576,-46.7412
5589,Sao Paulo,SP,-23.5758,-46.7381
5590,Sao Paulo,SP,-23.5756,-46.7327
5591,Sao Paulo,SP,-23.5788,-46.7325
5592,Sao Paulo,SP,-23.5792,-46.7372
5593,Sao Paulo,SP,-23.5812,-46.7367
5594,Sao Paulo,SP,-23.5825,-46.7399
5595,Sao Paulo,SP,-23.5804,-46.7428
5596,Sao Paulo,SP,-23.581,-46.7462
5601,Sao Paulo,SP,-23.582,-46.7005
5602,Sao Paulo,SP,-23.5772,-46.7047
5603,Sao Paulo,SP,-23.583,-46.7017
5604,Sao Paulo,SP,-23.5873,-46.7002
5605,Sao Paulo,SP,-23.5905,-46.7041
5606,São Paulo,SP,-23.5802,-46.7058
5608,Sao Paulo,SP,-23.5821,-46.7068
5609,Sao Paulo,SP,-23.5809,-46.7088
5610,Sao Paulo,SP,-23.5851,-46.7099
5611,Sao Paulo,SP,-23.5853,-46.7126
5612,Sao Paulo,SP,-23.5915,-46.709
5613,Sao Paulo,SP,-23.5899,-46.7126
5614,Sao Paulo,SP,-23.5952,-46.7114
5615,Sao Paulo,SP,-23.5873,-46.7174
5616,Sao Paulo,SP,-23.5885,-46.7193
5617,Sao Paulo,SP,-23.5913,-46.72
5618,Sao Paulo,SP,-23.5903,-46.7236
5619,Sao Paulo,SP,-23.5912,-46.7271
5620,Sao Paulo,SP,-23.594,-46.7241
5621,Sao Paulo,SP,-23.5977,-46.723
5622,Sao Paulo,SP,-23.5991,-46.7249
5623,Sao Paulo,SP,-23.6009,-46.7267
5624,Sao Paulo,SP,-23.5953,-46.7282
5625,Sao Paulo,SP,-23.5962,-46.7305
5626,Sao Paulo,SP,-23.5945,-46.7335
5627,Sao Paulo,SP,-23.5954,-46.7323
5628,Sao Paulo,SP,-23.5996,-46.7307
5629,Sao Paulo,SP,-23.6038,-46.7293
5630,Sao Paulo,SP,-23.6115,-46.7364
5632,Sao Paulo,SP,-23.5995,-46.7354
5633,Sao Paulo,SP,-23.6,-46.7397
5634,Sao Paulo,SP,-23.6064,-46.7375
5635,Sao Paulo,SP,-23.6028,-46.736
5638,Sao Paulo,SP,-23.6075,-46.7404
5639,Sao Paulo,SP,-23.6092,-46.7403
5640,Sao Paulo,SP,-23.6164,-46.7398
5641,Sao Paulo,SP,-23.6181,-46.7369
5642,Sao Paulo,SP,-23.6217,-46.736
5650,Sao Paulo,SP,-23.6109,-46.6993
5651,Sao Paulo,SP,-23.6024,-46.7236
5652,Sao Paulo,SP,-23.5981,-46.7169
5653,Sao Paulo,SP,-23.6014,-46.7174
5654,Sao Paulo,SP,-23.6062,-46.7163
5655,Sao Paulo,SP,-23.6088,-46.7163
5656,Sao Paulo,SP,-23.6129,-46.7206
5657,Sao Paulo,SP,-23.6205,-46.717
5658,Sao Paulo,SP,-23.6034,-46.7227
5659,Sao Paulo,SP,-23.6094,-46.7239
5660,Sao Paulo,SP,-23.6125,-46.7271
5661,Sao Paulo,SP,-23.6107,-46.7262
5662,Sao Paulo,SP,-23.6121,-46.7249
5663,Sao Paulo,SP,-23.614,-46.7268
5664,Sao Paulo,SP,-23.6176,-46.7238
5665,Sao Paulo,SP,-23.6189,-46.7286
5670,Sao Paulo,SP,-23.586,-46.697
5671,Sao Paulo,SP,-23.5878,-46.6948
5672,Sao Paulo,SP,-23.5905,-46.6965
5673,Sao Paulo,SP,-23.5909,-46.7013
5674,Sao Paulo,SP,-23.5919,-46.6992
5675,Sao Paulo,SP,-23.595,-46.7007
5676,Sao Paulo,SP,-23.597,-46.6986
5678,Sao Paulo,SP,-23.5981,-46.7047
5679,Sao Paulo,SP,-23.6015,-46.7013
5683,Sao Paulo,SP,-23.6048,-46.7081
5684,Sao Paulo,SP,-23.6071,-46.7046
5685,Sao Paulo,SP,-23.607,-46.7049
5686,Sao Paulo,SP,-23.6117,-46.7029
5687,Sao Paulo,SP,-23.6106,-46.7073
5688,Sao Paulo,SP,-23.6112,-46.7074
5690,Sao Paulo,SP,-23.6153,-46.7046
5691,Sao Paulo,SP,-23.6156,-46.7086
5692,Sao Paulo,SP,-23.6191,-46.7059
5693,Sao Paulo,SP,-23.6202,-46.7028
5704,Sao Paulo,SP,-23.6289,-46.7202
5705,Sao Paulo,SP,-23.6258,-46.7212
5706,Sao Paulo,SP,-23.6284,-46.7248
5707,Sao Paulo,SP,-23.6409,-46.7298
5709,Sao Paulo,SP,-23.6179,-46.7418
5710,Sao Paulo,SP,-23.6091,-46.745
5711,Sao Paulo,SP,-23.6132,-46.7437
5712,Sao Paulo,SP,-23.6213,-46.7302
5713,Sao Paulo,SP,-23.6264,-46.7303
5715,Sao Paulo,SP,-23.6291,-46.7321
5716,Sao Paulo,SP,-23.6305,-46.7339
5717,Sao Paulo,SP,-23.6346,-46.7323
5718,Sao Paulo,SP,-23.6351,-46.7378
5723,Sao Paulo,SP,-23.6419,-46.7323
5724,Sao Paulo,SP,-23.6328,-46.7357
5725,Sao Paulo,SP,-23.6248,-46.7361
5726,Sao Paulo,SP,-23.6255,-46.7414
5727,Sao Paulo,SP,-23.6266,-46.7395
5728,Sao Paulo,SP,-23.6322,-46.7392
5729,Sao Paulo,SP,-23.6346,-46.7359
5730,Sao Paulo,SP,-23.635,-46.7414
5731,Sao Paulo,SP,-23.6404,-46.7428
5734,Sao Paulo,SP,-23.6257,-46.7435
5735,Sao Paulo,SP,-23.6289,-46.749
5736,Sao Paulo,SP,-23.6337,-46.7464
5741,Sao Paulo,SP,-23.6106,-46.7479
5742,Sao Paulo,SP,-23.6104,-46.75
5743,Sao Paulo,SP,-23.6122,-46.7536
5745,Sao Paulo,SP,-23.6145,-46.752
5749,Sao Paulo,SP,-23.6199,-46.7467
5750,Sao Paulo,SP,-23.6156,-46.7466
5752,Sao Paulo,SP,-23.6186,-46.752
5754,Sao Paulo,SP,-23.6198,-46.754
5755,Sao Paulo,SP,-23.6207,-46.7563
5756,Sao Paulo,SP,-23.6244,-46.755
5757,Sao Paulo,SP,-23.6245,-46.76
5758,Sao Paulo,SP,-23.6289,-46.7638
5759,Sao Paulo,SP,-23.6302,-46.7663
5760,Sao Paulo,SP,-23.6325,-46.7666
5761,Sao Paulo,SP,-23.6355,-46.7666
5762,Sao Paulo,SP,-23.6409,-46.7634
5763,Sao Paulo,SP,-23.6436,-46.759
5765,Sao Paulo,SP,-23.6293,-46.7568
5766,Sao Paulo,SP,-23.6309,-46.7548
5767,Sao Paulo,SP,-23.6321,-46.7608
5770,Sao Paulo,SP,-23.6485,-46.759
5772,Sao Paulo,SP,-23.6396,-46.7555
5773,Sao Paulo,SP,-23.635,-46.755
5774,Sao Paulo,SP,-23.6337,-46.7501
5775,Sao Paulo,SP,-23.6354,-46.7534
5776,Sao Paulo,SP,-23.6367,-46.7466
5777,Sao Paulo,SP,-23.6457,-46.753
5778,Sao Paulo,SP,-23.6418,-46.7522
5780,Sao Paulo,SP,-23.6471,-46.7526
5781,Sao Paulo,SP,-23.652,-46.7603
5782,Sao Paulo,SP,-23.6513,-46.7669
5783,Sao Paulo,SP,-23.6451,-46.7692
5784,Sao Paulo,SP,-23.6202,-46.7617
5785,Sao Paulo,SP,-23.6248,-46.7665
5786,Sao Paulo,SP,-23.6352,-46.7725
5787,Sao Paulo,SP,-23.6198,-46.7595
5788,Sao Paulo,SP,-23.6317,-46.7737
5789,Sao Paulo,SP,-23.6477,-46.7777
5790,Sao Paulo,SP,-23.6419,-46.7854
5791,Sao Paulo,SP,-23.6464,-46.7845
5792,Sao Paulo,SP,-23.6388,-46.7731
5793,Sao Paulo,SP,-23.6392,-46.7752
5794,Sao Paulo,SP,-23.6415,-46.7711
5795,Sao Paulo,SP,-23.6466,-46.7759
5796,Sao Paulo,SP,-23.6503,-46.7744
5797,Sao Paulo,SP,-23.6548,-46.7724
5798,Sao Paulo,SP,-23.6574,-46.7681
5801,Sao Paulo,SP,-23.6472,-46.7345
5802,Sao Paulo,SP,-23.6586,-46.7255
5804,Sao Paulo,SP,-23.6483,-46.7317
5805,Sao Paulo,SP,-23.6533,-46.7345
5812,Sao Paulo,SP,-23.6558,-46.7341
5813,Sao Paulo,SP,-23.6549,-46.7317
5814,Sao Paulo,SP,-23.6597,-46.7323
5815,Sao Paulo,SP,-23.662,-46.7358
5816,Sao Paulo,SP,-23.6669,-46.7391
5818,Sao Paulo,SP,-23.665,-46.7317
5819,Sao Paulo,SP,-23.6658,-46.7366
5820,Sao Paulo,SP,-23.6653,-46.74
5821,Sao Paulo,SP,-23.6674,-46.7512
5822,Sao Paulo,SP,-23.6631,-46.7521
5823,Sao Paulo,SP,-23.6641,-46.7499
5828,Sao Paulo,SP,-23.6685,-46.7417
5830,Sao Paulo,SP,-23.6694,-46.745
5831,Sao Paulo,SP,-23.6723,-46.7479
5832,Sao Paulo,SP,-23.6731,-46.7514
5833,Sao Paulo,SP,-23.6709,-46.7592
5834,Sao Paulo,SP,-23.6701,-46.7551
5835,Sao Paulo,SP,-23.6503,-46.7537
5836,Sao Paulo,SP,-23.6462,-46.7376
5840,Sao Paulo,SP,-23.6458,-46.7406
5841,Sao Paulo,SP,-23.6459,-46.7428
5842,Sao Paulo,SP,-23.6503,-46.7442
5843,Sao Paulo,SP,-23.6512,-46.7369
5844,Sao Paulo,SP,-23.6571,-46.7406
5845,Sao Paulo,SP,-23.6542,-46.7426
5846,Sao Paulo,SP,-23.6555,-46.7424
5847,Sao Paulo,SP,-23.6543,-46.7486
5848,Sao Paulo,SP,-23.6582,-46.7599
5849,Sao Paulo,SP,-23.6524,-46.7558
5850,Sao Paulo,SP,-23.6584,-46.7538
5851,Sao Paulo,SP,-23.6636,-46.7564
5852,Sao Paulo,SP,-23.6661,-46.7575
5853,Sao Paulo,SP,-23.6596,-46.7518
5854,Sao Paulo,SP,-23.6609,-46.7621
5855,Sao Paulo,SP,-23.6626,-46.7643
5856,Sao Paulo,SP,-23.6517,-46.7843
5857,Sao Paulo,SP,-23.6568,-46.7805
5858,Sao Paulo,SP,-23.6675,-46.7823
5859,Sao Paulo,SP,-23.6672,-46.7704
5860,Sao Paulo,SP,-23.6648,-46.7666
5861,Sao Paulo,SP,-23.6716,-46.7647
5862,Sao Paulo,SP,-23.6679,-46.7644
5863,Sao Paulo,SP,-23.6769,-46.7662
5864,Sao Paulo,SP,-23.6753,-46.7613
5866,Sao Paulo,SP,-23.6776,-46.7697
5867,Sao Paulo,SP,-23.673,-46.7701
5868,Sao Paulo,SP,-23.6661,-46.7793
5869,Sao Paulo,SP,-23.6773,-46.7714
5870,Sao Paulo,SP,-23.6806,-46.7726
5871,Sao Paulo,SP,-23.6849,-46.7728
5872,Sao Paulo,SP,-23.6856,-46.7761
5873,Sao Paulo,SP,-23.69,-46.7785
5874,Sao Paulo,SP,-23.6796,-46.7729
5875,Sao Paulo,SP,-23.6908,-46.7781
5876,Sao Paulo,SP,-23.6973,-46.7937
5877,Sao Paulo,SP,-23.6919,-46.7907
5878,Sao Paulo,SP,-23.6898,-46.7848
5879,Sao Paulo,SP,-23.6887,-46.7926
5880,Sao Paulo,SP,-23.6867,-46.7883
5881,Sao Paulo,SP,-23.6814,-46.7781
5882,Sao Paulo,SP,-23.6807,-46.7842
5883,Sao Paulo,SP,-23.6766,-46.7794
5884,Sao Paulo,SP,-23.6716,-46.776
5885,Sao Paulo,SP,-23.675,-46.7857
5886,Sao Paulo,SP,-23.6806,-46.7924
5887,Sao Paulo,SP,-23.6784,-46.7976
5888,Sao Paulo,SP,-23.6731,-46.7922
5889,Sao Paulo,SP,-23.6676,-46.7836
5890,Sao Paulo,SP,-23.6656,-46.7886
5891,Sao Paulo,SP,-23.663,-46.7917
5892,Sao Paulo,SP,-23.6613,-46.7864
5893,Sao Paulo,SP,-23.658,-46.7903
5894,Sao Paulo,SP,-23.6525,-46.7886
5895,Sao Paulo,SP,-23.6523,-46.7858
6010,Osasco,SP,-23.5355,-46.7681
6013,Osasco,SP,-23.5319,-46.7772
6016,Osasco,SP,-23.5325,-46.7795
6018,Osasco,SP,-23.5409,-46.7761
6020,Osasco,SP,-23.5385,-46.7616
6023,Osasco,SP,-23.5434,-46.7703
6026,Osasco,SP,-23.5516,-46.7639
6028,Osasco,SP,-23.5461,-46.7673
6029,Osasco,SP,-23.5485,-46.7698
6030,Osasco,SP,-23.5571,-46.7676
6033,Osasco,SP,-23.5604,-46.7779
6036,Osasco,SP,-23.5581,-46.776
6037,Osasco,SP,-23.555,-46.7733
6038,Osasco,SP,-23.5655,-46.7784
6040,Osasco,SP,-23.5693,-46.7831
6045,Osasco,SP,-23.5729,-46.7929
6050,Osasco,SP,-23.5602,-46.7871
6053,Osasco,SP,-23.5591,-46.7876
6056,Osasco,SP,-23.5663,-46.7878
6060,Osasco,SP,-23.5531,-46.782
6065,Osasco,SP,-23.555,-46.7903
6070,Osasco,SP,-23.5481,-46.7805
6075,Osasco,SP,-23.5495,-46.7878
6080,Osasco,SP,-23.5435,-46.7849
6083,Osasco,SP,-23.5421,-46.7787
6086,Osasco,SP,-23.5347,-46.7851
6090,Osasco,SP,-23.5333,-46.7823
6093,Osasco,SP,-23.53,-46.7828
6097,Osasco,SP,-23.5285,-46.7798
6102,Osasco,SP,-23.5495,-46.813
6110,Osasco,SP,-23.5316,-46.7914
6112,Osasco,SP,-23.5364,-46.796
6114,Osasco,SP,-23.5336,-46.7978
6120,Osasco,SP,-23.5419,-46.7918
6122,Osasco,SP,-23.5423,-46.7988
6124,Osasco,SP,-23.5467,-46.7981
6126,Osasco,SP,-23.5516,-46.7945
6130,Osasco,SP,-23.5576,-46.7968
6132,Osasco,SP,-23.5566,-46.7984
6140,Osasco,SP,-23.5765,-46.8009
6142,Osasco,SP,-23.5695,-46.7979
6144,Osasco,SP,-23.5669,-46.8009
6145,Osasco,SP,-23.5701,-46.803
6147,Osasco,SP,-23.5787,-46.8077
6149,Osasco,SP,-23.5818,-46.8134
6150,Osasco,SP,-23.5703,-46.8113
6152,Osasco,SP,-23.5636,-46.8036
6154,Osasco,SP,-23.5601,-46.8045
6160,Osasco,SP,-23.5574,-46.8121
6162,Osasco,SP,-23.5536,-46.8091
6170,Osasco,SP,-23.5455,-46.8049
6172,Osasco,SP,-23.5425,-46.8128
6180,Osasco,SP,-23.5365,-46.8034
6182,Osasco,SP,-23.5291,-46.8124
6184,Osasco,SP,-23.5384,-46.808
6186,Osasco,SP,-23.5333,-46.8131
6187,Osasco,SP,-23.5452,-46.8137
6190,Osasco,SP,-23.53,-46.7989
6192,Osasco,SP,-23.5277,-46.8013
6194,Osasco,SP,-23.5254,-46.8019
6210,Osasco,SP,-23.5284,-46.7663
6213,Osasco,SP,-23.5302,-46.7682
6216,Osasco,SP,-23.5257,-46.7716
6220,Osasco,SP,-23.5165,-46.7824
6223,Osasco,SP,-23.5157,-46.7776
6226,Osasco,SP,-23.5083,-46.7781
6230,Osasco,SP,-23.5164,-46.7998
6233,Osasco,SP,-23.5166,-46.787
6236,Osasco,SP,-23.5101,-46.7874
6240,Osasco,SP,-23.504,-46.8056
6243,Osasco,SP,-23.5036,-46.7983
6246,Osasco,SP,-23.4989,-46.8071
6250,Osasco,SP,-23.5007,-46.796
6253,Osasco,SP,-23.4971,-46.7974
6260,Osasco,SP,-23.4994,-46.791
6263,Osasco,SP,-23.4938,-46.7965
6266,Osasco,SP,-23.4932,-46.7879
6268,Osasco,SP,-23.5,-46.7782
6270,Osasco,SP,-23.4962,-46.7714
6273,Osasco,SP,-23.4991,-46.7679
6276,Osasco,SP,-23.4845,-46.7751
6278,Osasco,SP,-23.4788,-46.7788
6280,Osasco,SP,-23.5098,-46.7668
6283,Osasco,SP,-23.5144,-46.7682
6286,Osasco,SP,-23.5066,-46.7721
6288,Osasco,SP,-23.5024,-46.7656
6290,Osasco,SP,-23.5203,-46.7713
6293,Osasco,SP,-23.5163,-46.7629
6296,Osasco,SP,-23.5182,-46.7573
6298,Osasco,SP,-23.5211,-46.754
6310,Carapicuiba,SP,-23.5155,-46.8391
6311,Carapicuiba,SP,-23.5209,-46.8458
6315,Carapicuiba,SP,-23.5252,-46.8415
6317,Carapicuiba,SP,-23.5263,-46.8457
6320,Carapicuiba,SP,-23.5246,-46.8363
6321,Carapicuiba,SP,-23.5385,-46.8306
6322,Carapicuiba,SP,-23.5301,-46.8334
6325,Carapicuiba,SP,-23.5302,-46.8293
6326,Carapicuiba,SP,-23.5293,-46.8285
6327,Carapicuiba,SP,-23.5331,-46.824
6328,Carapicuiba,SP,-23.5291,-46.826
6329,Carapicuiba,SP,-23.5389,-46.8218
6330,Carapicuiba,SP,-23.5555,-46.8283
6331,Carapicuiba,SP,-23.5437,-46.8287
6332,Carapicuiba,SP,-23.5488,-46.8302
6333,Carapicuiba,SP,-23.5597,-46.8315
6334,Carapicuiba,SP,-23.5445,-46.8321
6335,Carapicuiba,SP,-23.5548,-46.8338
6340,Carapicuiba,SP,-23.5674,-46.8243
6341,Carapicuiba,SP,-23.5725,-46.82
6342,Carapicuiba,SP,-23.5798,-46.8254
6343,Carapicuiba,SP,-23.5685,-46.8332
6345,Carapicuiba,SP,-23.5745,-46.8418
6350,Carapicuiba,SP,-23.5747,-46.8559
6351,Carapicuiba,SP,-23.5691,-46.8636
6352,Carapicuiba,SP,-23.564,-46.8698
6355,Carapicuiba,SP,-23.5598,-46.8602
6360,Carapicuiba,SP,-23.5589,-46.8391
6361,Carapicuiba,SP,-23.5568,-46.8462
6362,Carapicuiba,SP,-23.5543,-46.8414
6363,Carapicuiba,SP,-23.5678,-46.8386
6364,Carapicuiba,SP,-23.5656,-46.8423
6365,Carapicuiba,SP,-23.5529,-46.8508
6379,Carapicuíba,SP,-23.5348,-46.8597
6380,Carapicuiba,SP,-23.5419,-46.8372
6381,Carapicuiba,SP,-23.5458,-46.8388
6382,Carapicuiba,SP,-23.5498,-46.8392
6384,Carapicuiba,SP,-23.5427,-46.8463
6385,Carapicuiba,SP,-23.5421,-46.8431
6386,Carapicuiba,SP,-23.5326,-46.8428
6387,Carapicuiba,SP,-23.5513,-46.8351
6390,Carapicuiba,SP,-23.5403,-46.853
6394,Carapicuiba,SP,-23.525,-46.857
6395,Carapicuiba,SP,-23.5323,-46.8502
6396,Carapicuiba,SP,-23.5295,-46.854
6397,Carapicuiba,SP,-23.5309,-46.8583
6401,Barueri,SP,-23.5095,-46.8811
6402,Barueri,SP,-23.5084,-46.8792
6404,Barueri,SP,-23.5064,-46.8686
6405,Barueri,SP,-23.497,-46.8836
6406,Barueri,SP,-23.5017,-46.887
6407,Barueri,SP,-23.5001,-46.8906
6408,Barueri,SP,-23.4956,-46.8854
6409,Barueri,SP,-23.4942,-46.8961
6410,Barueri,SP,-23.5016,-46.8672
6411,Barueri,SP,-23.5014,-46.8744
6412,Barueri,SP,-23.4972,-46.881
6413,Barueri,SP,-23.4871,-46.8787
6414,Barueri,SP,-23.4936,-46.8717
6415,Barueri,SP,-23.4905,-46.889
6416,Barueri,SP,-23.4869,-46.8928
6417,Barueri,SP,-23.4861,-46.8839
6418,Barueri,SP,-23.4829,-46.8858
6419,Barueri,SP,-23.4769,-46.8853
6420,Barueri,SP,-23.5122,-46.896
6421,Barueri,SP,-23.5087,-46.9013
6422,Barueri,SP,-23.5167,-46.9
6423,Barueri,SP,-23.4974,-46.9061
6424,Barueri,SP,-23.4959,-46.8747
6428,Barueri,SP,-23.4965,-46.9577
6429,Barueri,SP,-23.4897,-46.9529
6433,Barueri,SP,-23.5261,-46.888
6434,Barueri,SP,-23.5299,-46.8893
6435,Barueri,SP,-23.5317,-46.8842
6436,Barueri,SP,-23.5377,-46.8889
6437,Barueri,SP,-23.5443,-46.8887
6440,Barueri,SP,-23.5109,-46.8599
6442,Barueri,SP,-23.5158,-46.8734
6443,Barueri,SP,-23.5395,-46.8644
6444,Barueri,SP,-23.5427,-46.8838
6445,Barueri,SP,-23.5292,-46.8648
6447,Barueri,SP,-23.5415,-46.8772
6448,Barueri,SP,-23.548,-46.8757
6449,Barueri,SP,-23.5421,-46.8687
6453,Barueri,SP,-23.4971,-46.8511
6454,Barueri,SP,-23.4958,-46.8475
6455,Barueri,SP,-23.5011,-46.8497
6458,Barueri,SP,-23.4913,-46.8259
6460,Barueri,SP,-23.4988,-46.8331
6462,Barueri,SP,-23.4854,-46.8098
6463,Barueri,SP,-23.5024,-46.8135
6465,Barueri,SP,-23.4985,-46.8505
6470,Barueri,SP,-23.4948,-46.8587
6471,Barueri,SP,-23.4865,-46.8534
6472,Barueri,SP,-23.4853,-46.8526
6473,Barueri,SP,-23.4837,-46.8635
6474,Barueri,SP,-23.4878,-46.8462
6475,Barueri,SP,-23.4871,-46.8372
6480,Barueri,SP,-23.488,-46.8555
6485,Barueri,SP,-23.4833,-46.8478
6501,Santana De Parnaiba,SP,-23.444,-46.9155
6502,Santana De Parnaiba,SP,-23.4454,-46.925
6503,Santana De Parnaiba,SP,-23.4563,-46.9372
6504,Santana De Parnaiba,SP,-23.4396,-46.9366
6505,Santana De Parnaiba,SP,-23.4121,-46.9412
6506,Santana De Parnaiba,SP,-23.4186,-46.9589
6509,Santana De Parnaiba,SP,-23.4519,-46.9469
6513,Santana De Parnaiba,SP,-23.4616,-46.9153
6514,Santana De Parnaiba,SP,-23.4732,-46.9122
6515,Santana De Parnaiba,SP,-23.4737,-46.8965
6516,Santana De Parnaiba,SP,-23.481,-46.8935
6517,Santana De Parnaiba,SP,-23.4761,-46.934
6519,Santana De Parnaiba,SP,-23.4913,-46.9638
6520,Santana De Parnaiba,SP,-23.478,-46.9751
6523,Santana De Parnaiba,SP,-23.4935,-47.0006
6524,Santana De Parnaiba,SP,-23.4757,-47.0041
6525,Santana De Parnaiba,SP,-23.4166,-46.8934
6526,Santana De Parnaiba,SP,-23.4295,-46.922
6528,Santana De Parnaiba,SP,-23.4083,-46.8972
6529,Santana De Parnaiba,SP,-23.4043,-46.8835
6530,Santana De Parnaiba,SP,-23.4106,-46.8848
6531,Santana De Parnaiba,SP,-23.4206,-46.8752
6532,Santana De Parnaiba,SP,-23.4421,-46.8879
6533,Santana De Parnaiba,SP,-23.4221,-46.8736
6534,Santana De Parnaiba,SP,-23.4147,-46.8688
6535,Santana De Parnaiba,SP,-23.4255,-46.8557
6537,Santana De Parnaiba,SP,-23.429,-46.8268
6539,Santana De Parnaiba,SP,-23.465,-46.885
6540,Santana De Parnaiba,SP,-23.4539,-46.8826
6541,Santana De Parnaiba,SP,-23.463,-46.8726
6542,Santana De Parnaiba,SP,-23.4736,-46.8685
6543,Santana De Parnaiba,SP,-23.4699,-46.8481
6544,Santana De Parnaiba,SP,-23.4637,-46.8525
6550,Pirapora Do Bom Jesus,SP,-23.403,-46.9951
6600,Jandira,SP,-23.5324,-46.9014
6602,Jandira,SP,-23.5343,-46.8975
6604,Jandira,SP,-23.5393,-46.904
6606,Jandira,SP,-23.5329,-46.9073
6608,Jandira,SP,-23.5338,-46.9149
6609,Jandira,SP,-23.5351,-46.9108
6610,Jandira,SP,-23.5242,-46.9209
6612,Jandira,SP,-23.521,-46.9191
6616,Jandira,SP,-23.5247,-46.9112
6618,Jandira,SP,-23.525,-46.8987
6620,Jandira,SP,-23.5473,-46.8925
6622,Jandira,SP,-23.5467,-46.8998
6624,Jandira,SP,-23.5482,-46.9104
6626,Jandira,SP,-23.5416,-46.9116
6630,Jandira,SP,-23.5553,-46.8903
6631,Jandira,SP,-23.545,-46.9043
6633,Jandira,SP,-23.5306,-46.8862
6634,Jandira,SP,-23.5593,-46.9047
6636,Jandira,SP,-23.5566,-46.899
6642,Jandira,SP,-23.5574,-46.8773
6648,Jandira,SP,-23.5485,-46.8671
6650,Itapevi,SP,-23.5446,-46.9352
6652,Itapevi,SP,-23.5496,-46.9263
6653,Itapevi,SP,-23.5471,-46.9297
6654,Itapevi,SP,-23.5389,-46.9241
6655,Itapevi,SP,-23.565,-46.9755
6656,Itapevi,SP,-23.5546,-46.9234
6657,Itapevi,SP,-23.5573,-46.9291
6660,Itapevi,SP,-23.5485,-46.9558
6663,Itapevi,SP,-23.5576,-46.9398
6665,Itapevi,SP,-23.5642,-46.9731
6670,Itapevi,SP,-23.5861,-46.9654
6673,Itapevi,SP,-23.5549,-46.9119
6675,Itapevi,SP,-23.5474,-46.9713
6680,Itapevi,SP,-23.5352,-46.9766
6683,Itapevi,SP,-23.5396,-46.9689
6684,Itapevi,SP,-23.5389,-46.9422
6685,Itapevi,SP,-23.5414,-47.0
6690,Itapevi,SP,-23.5283,-46.9482
6693,Itapevi,SP,-23.5381,-46.9461
6694,Itapevi,SP,-23.5428,-46.9387
6695,Itapevi,SP,-23.5375,-46.9545
6696,Itapevi,SP,-23.5239,-46.9415
6700,Cotia,SP,-23.6095,-46.9328
6701,Cotia,SP,-23.6085,-46.9717
6702,Cotia,SP,-23.5816,-46.9294
6703,Cotia,SP,-23.5967,-46.912
6704,Cotia,SP,-23.5778,-46.917
6705,Cotia,SP,-23.5895,-46.8961
6706,Cotia,SP,-23.5785,-46.8743
6707,Cotia,SP,-23.59,-46.8704
6708,Cotia,SP,-23.5925,-46.8471
6709,Cotia,SP,-23.5943,-46.8343
6710,Cotia,SP,-23.5985,-46.8322
6711,Cotia,SP,-23.606,-46.8392
6712,Cotia,SP,-23.6105,-46.8475
6713,Cotia,SP,-23.6284,-46.8706
6714,Cotia,SP,-23.5995,-46.8726
6715,Cotia,SP,-23.6101,-46.8766
6716,Cotia,SP,-23.6077,-46.9
6717,Cotia,SP,-23.6095,-46.9175
6719,Cotia,SP,-23.6235,-46.937
6720,Cotia,SP,-23.6222,-46.9648
6721,Cotia,SP,-23.6425,-46.9768
6722,Cotia,SP,-23.638,-46.9512
6723,Cotia,SP,-23.6633,-46.9807
6724,Cotia,SP,-23.6855,-46.9098
6725,Cotia,SP,-23.6863,-47.0292
6726,Cotia,SP,-23.659,-47.0533
6727,Cotia,SP,-23.6735,-47.0234
6728,Cotia,SP,-23.6724,-46.9887
6729,Cotia,SP,-23.7212,-47.0253
6730,Vargem Grande Paulista,SP,-23.6226,-47.0127
6738,Vargem Grande Paulista,SP,-23.6462,-47.0028
6753,Taboao Da Serra,SP,-23.6023,-46.756
6754,Taboao Da Serra,SP,-23.6061,-46.7575
6755,Taboao Da Serra,SP,-23.6009,-46.7656
6756,Taboao Da Serra,SP,-23.6064,-46.7736
6757,Taboao Da Serra,SP,-23.6084,-46.7789
6760,Taboao Da Serra,SP,-23.6135,-46.7731
6763,Taboao Da Serra,SP,-23.6113,-46.7607
6764,Taboao Da Serra,SP,-23.6158,-46.7685
6765,Taboao Da Serra,SP,-23.6192,-46.774
6766,Taboao Da Serra,SP,-23.6277,-46.7783
6767,Taboao Da Serra,SP,-23.6215,-46.785
6768,Taboao Da Serra,SP,-23.6077,-46.7528
6770,Taboao Da Serra,SP,-23.6369,-46.785
6773,Taboao Da Serra,SP,-23.6422,-46.7918
6774,Taboao Da Serra,SP,-23.6422,-46.8003
6775,Taboao Da Serra,SP,-23.6367,-46.7941
6780,Taboao Da Serra,SP,-23.6232,-46.7915
6783,Taboao Da Serra,SP,-23.6307,-46.7892
6784,Taboao Da Serra,SP,-23.632,-46.7908
6785,Taboao Da Serra,SP,-23.6365,-46.8061
6786,Taboao Da Serra,SP,-23.6256,-46.8079
6787,Taboao Da Serra,SP,-23.6237,-46.8004
6790,Taboao Da Serra,SP,-23.6112,-46.7867
6793,Taboao Da Serra,SP,-23.6107,-46.767
6794,Taboao Da Serra,SP,-23.6163,-46.8072
6795,Taboao Da Serra,SP,-23.613,-46.7974
6803,Embu Das Artes,SP,-23.6488,-46.849
6804,Embu Das Artes,SP,-23.6443,-46.8508
6805,Embu Das Artes,SP,-23.6342,-46.8505
6806,Embu Das Artes,SP,-23.6358,-46.8386
6807,Embu Das Artes,SP,-23.627,-46.8232
6810,Embu Das Artes,SP,-23.6471,-46.8013
6813,Embu Das Artes,SP,-23.6513,-46.8052
6814,Embu Das Artes,SP,-23.6601,-46.8145
6815,Embu Das Artes,SP,-23.6528,-46.8151
6816,Embu Das Artes,SP,-23.6447,-46.8202
6817,Embu Das Artes,SP,-23.6342,-46.8204
6818,Embu Das Artes,SP,-23.642,-46.8375
6820,Embu Das Artes,SP,-23.6594,-46.7967
6823,Embu Das Artes,SP,-23.6699,-46.802
6824,Embu Das Artes,SP,-23.6764,-46.8049
6825,Embu Das Artes,SP,-23.6673,-46.8115
6826,Embu Das Artes,SP,-23.6586,-46.8012
6830,Embu Das Artes,SP,-23.647,-46.8424
6833,Embu Das Artes,SP,-23.6568,-46.8448
6835,Embu Das Artes,SP,-23.6767,-46.8512
6840,Embu Das Artes,SP,-23.6496,-46.8604
6843,Embu Das Artes,SP,-23.667,-46.8623
6844,Embu Das Artes,SP,-23.6618,-46.8808
6845,Embu Das Artes,SP,-23.6418,-46.8943
6846,Embu Das Artes,SP,-23.6355,-46.8725
6850,Itapecerica Da Serra,SP,-23.7098,-46.8515
6851,Itapecerica Da Serra,SP,-23.718,-46.8592
6852,Itapecerica Da Serra,SP,-23.7065,-46.8589
6853,Itapecerica Da Serra,SP,-23.6908,-46.8555
6854,Itapecerica Da Serra,SP,-23.6997,-46.8482
6855,Itapecerica Da Serra,SP,-23.6951,-46.8283
6856,Itapecerica Da Serra,SP,-23.6931,-46.806
6857,Itapecerica Da Serra,SP,-23.7047,-46.7991
6858,Itapecerica Da Serra,SP,-23.7073,-46.8255
6859,Itapecerica Da Serra,SP,-23.7097,-46.834
6860,Itapecerica Da Serra,SP,-23.7235,-46.8406
6861,Itapecerica Da Serra,SP,-23.7308,-46.8119
6863,Itapecerica Da Serra,SP,-23.7258,-46.8178
6864,Itapecerica Da Serra,SP,-23.7442,-46.801
6865,Itapecerica Da Serra,SP,-23.7467,-46.7941
6866,Itapecerica Da Serra,SP,-23.7551,-46.8009
6867,Itapecerica Da Serra,SP,-23.7564,-46.8099
6868,Itapecerica Da Serra,SP,-23.7597,-46.8252
6869,Itapecerica Da Serra,SP,-23.7445,-46.8467
6870,Itapecerica Da Serra,SP,-23.7308,-46.8778
6871,Itapecerica Da Serra,SP,-23.7241,-46.8567
6872,Itapecerica Da Serra,SP,-23.7334,-46.8512
6873,Itapecerica Da Serra,SP,-23.7547,-46.8568
6874,Itapecerica Da Serra,SP,-23.7625,-46.8442
6876,Itapecerica Da Serra,SP,-23.7595,-46.8791
6877,Itapecerica Da Serra,SP,-23.7765,-46.9162
6880,Itapecerica Da Serra,SP,-23.7782,-46.9187
6881,Itapecerica Da Serra,SP,-23.7443,-46.9181
6882,Itapecerica Da Serra,SP,-23.7403,-46.8979
6885,Itapecerica Da Serra,SP,-23.7083,-46.8772
6886,Itapecerica Da Serra,SP,-23.7155,-46.8885
6887,Itapecerica Da Serra,SP,-23.6918,-46.8859
6888,Itapecerica Da Serra,SP,-23.687,-46.8635
6890,Sao Lourenco Da Serra,SP,-23.8557,-46.9489
6900,Embu-Guacu,SP,-23.8351,-46.8141
6930,São Lourenço da Serra,SP,-23.8552,-46.945
6950,Juquitiba,SP,-23.9419,-47.0732
7010,Guarulhos,SP,-23.4677,-46.5295
7011,Guarulhos,SP,-23.4685,-46.5309
7012,Guarulhos,SP,-23.4718,-46.5303
7013,Guarulhos,SP,-23.472,-46.5253
7020,Guarulhos,SP,-23.4696,-46.5374
7021,Guarulhos,SP,-23.473,-46.5397
7022,Guarulhos,SP,-23.4746,-46.5376
7023,Guarulhos,SP,-23.4776,-46.541
7024,Guarulhos,SP,-23.4789,-46.5382
7025,Guarulhos,SP,-23.4828,-46.5435
7030,Guarulhos,SP,-23.4957,-46.5496
7031,Guarulhos,SP,-23.4937,-46.5462
7032,Guarulhos,SP,-23.5039,-46.5545
7033,Guarulhos,SP,-23.4992,-46.5549
7034,Guarulhos,SP,-23.4771,-46.5229
7040,Guarulhos,SP,-23.4754,-46.5443
7041,Guarulhos,SP,-23.4833,-46.55
7042,Guarulhos,SP,-23.4828,-46.5504
7043,Guarulhos,SP,-23.485,-46.5517
7044,Guarulhos,SP,-23.4816,-46.5533
7050,Guarulhos,SP,-23.4627,-46.5522
7051,Guarulhos,SP,-23.4679,-46.5508
7052,Guarulhos,SP,-23.4726,-46.5541
7053,Guarulhos,SP,-23.476,-46.556
7054,Guarulhos,SP,-23.4661,-46.5578
7055,Guarulhos,SP,-23.4674,-46.5611
7056,Guarulhos,SP,-23.4603,-46.5658
7060,Guarulhos,SP,-23.4553,-46.5468
7061,Guarulhos,SP,-23.4546,-46.5532
7062,Guarulhos,SP,-23.46,-46.5524
7063,Guarulhos,SP,-23.4572,-46.5571
7064,Guarulhos,SP,-23.4513,-46.5552
7070,Guarulhos,SP,-23.452,-46.5572
7071,Guarulhos,SP,-23.4535,-46.5624
7072,Guarulhos,SP,-23.4468,-46.5554
7073,Guarulhos,SP,-23.4472,-46.5632
7074,Guarulhos,SP,-23.4499,-46.5629
7075,Guarulhos,SP,-23.4255,-46.5506
7076,Guarulhos,SP,-23.4319,-46.5631
7077,Guarulhos,SP,-23.4362,-46.5523
7080,Guarulhos,SP,-23.4449,-46.5466
7081,Guarulhos,SP,-23.4435,-46.5532
7082,Guarulhos,SP,-23.4365,-46.5442
7083,Guarulhos,SP,-23.4376,-46.5502
7084,Guarulhos,SP,-23.4295,-46.5496
7085,Guarulhos,SP,-23.4277,-46.5481
7087,Guarulhos,SP,-23.4189,-46.5234
7090,Guarulhos,SP,-23.4681,-46.5349
7091,Guarulhos,SP,-23.4642,-46.5393
7092,Guarulhos,SP,-23.4635,-46.5453
7093,Guarulhos,SP,-23.4579,-46.5407
7094,Guarulhos,SP,-23.4533,-46.5399
7095,Guarulhos,SP,-23.4611,-46.5348
7096,Guarulhos,SP,-23.4513,-46.5387
7097,Guarulhos,SP,-23.4457,-46.5415
7110,Guarulhos,SP,-23.4672,-46.5264
7111,Guarulhos,SP,-23.4649,-46.5223
7112,Guarulhos,SP,-23.4687,-46.5161
7113,Guarulhos,SP,-23.4636,-46.5177
7114,Guarulhos,SP,-23.4544,-46.5287
7115,Guarulhos,SP,-23.4508,-46.5329
7120,Guarulhos,SP,-23.4549,-46.5258
7121,Guarulhos,SP,-23.4511,-46.5229
7122,Guarulhos,SP,-23.4487,-46.518
7123,Guarulhos,SP,-23.4449,-46.5256
7124,Guarulhos,SP,-23.4336,-46.5338
7130,Guarulhos,SP,-23.4425,-46.5206
7131,Guarulhos,SP,-23.4336,-46.5253
7132,Guarulhos,SP,-23.4348,-46.517
7133,Guarulhos,SP,-23.4367,-46.5113
7134,Guarulhos,SP,-23.4283,-46.5132
7135,Guarulhos,SP,-23.4256,-46.5253
7140,Guarulhos,SP,-23.43,-46.498
7141,Guarulhos,SP,-23.4287,-46.5075
7142,Guarulhos,SP,-23.4145,-46.4906
7143,Guarulhos,SP,-23.4224,-46.5012
7144,Guarulhos,SP,-23.4092,-46.5149
7145,Guarulhos,SP,-23.4146,-46.4951
7150,Guarulhos,SP,-23.4178,-46.463
7151,Guarulhos,SP,-23.4094,-46.4555
7152,Guarulhos,SP,-23.4051,-46.4709
7153,Guarulhos,SP,-23.3781,-46.4483
7154,Guarulhos,SP,-23.3743,-46.4488
7155,Guarulhos,SP,-23.4162,-46.4676
7156,Guarulhos,SP,-23.3945,-46.4513
7159,Guarulhos,SP,-23.3825,-46.4031
7160,Guarulhos,SP,-23.4106,-46.4452
7161,Guarulhos,SP,-23.3982,-46.4383
7162,Guarulhos,SP,-23.4052,-46.4455
7170,Guarulhos,SP,-23.4319,-46.4349
7171,Guarulhos,SP,-23.4219,-46.4369
7172,Guarulhos,SP,-23.4213,-46.4308
7173,Guarulhos,SP,-23.4308,-46.4295
7174,Guarulhos,SP,-23.4249,-46.4227
7175,Guarulhos,SP,-23.4092,-46.4021
7176,Guarulhos,SP,-23.4096,-46.3864
7177,Guarulhos,SP,-23.4198,-46.3983
7178,Guarulhos,SP,-23.4007,-46.3982
7179,Guarulhos,SP,-23.404,-46.4188
7180,Guarulhos,SP,-23.4523,-46.4764
7181,Guarulhos,SP,-23.4441,-46.4675
7182,Guarulhos,SP,-23.4427,-46.4637
7183,Guarulhos,SP,-23.4405,-46.4628
7184,Guarulhos,SP,-23.4177,-46.3937
7190,Guarulhos,SP,-23.4573,-46.4972
7191,Guarulhos,SP,-23.4572,-46.508
7192,Guarulhos,SP,-23.4522,-46.5064
7193,Guarulhos,SP,-23.4473,-46.5025
7194,Guarulhos,SP,-23.4429,-46.5067
7195,Guarulhos,SP,-23.4478,-46.5111
7196,Guarulhos,SP,-23.4541,-46.5115
7197,Guarulhos,SP,-23.4603,-46.5155
7210,Guarulhos,SP,-23.4554,-46.4375
7215,Guarulhos,SP,-23.4597,-46.4452
7220,Guarulhos,SP,-23.47,-46.4664
7221,Guarulhos,SP,-23.4712,-46.4727
7222,Guarulhos,SP,-23.4645,-46.4726
7223,Guarulhos,SP,-23.4624,-46.4784
7224,Guarulhos,SP,-23.4659,-46.4835
7230,Guarulhos,SP,-23.4548,-46.4564
7231,Guarulhos,SP,-23.4557,-46.4641
7232,Guarulhos,SP,-23.4665,-46.4635
7240,Guarulhos,SP,-23.448,-46.4388
7241,Guarulhos,SP,-23.447,-46.4267
7242,Guarulhos,SP,-23.4387,-46.4226
7243,Guarulhos,SP,-23.4386,-46.4129
7244,Guarulhos,SP,-23.4469,-46.4135
7250,Guarulhos,SP,-23.4204,-46.375
7251,Guarulhos,SP,-23.4356,-46.4023
7252,Guarulhos,SP,-23.4415,-46.43
7260,Guarulhos,SP,-23.4541,-46.4275
7261,Guarulhos,SP,-23.4465,-46.4086
7262,Guarulhos,SP,-23.4756,-46.3932
7263,Guarulhos,SP,-23.4581,-46.4147
7270,Guarulhos,SP,-23.462,-46.429
7271,Guarulhos,SP,-23.412,-46.4596
7272,Guarulhos,SP,-23.4599,-46.4408
7273,Guarulhos,SP,-23.4578,-46.421
7283,Guarulhos,SP,-23.4393,-46.4609
7400,Aruja,SP,-23.3962,-46.3241
7401,Aruja,SP,-23.3891,-46.3215
7402,Aruja,SP,-23.3963,-46.3147
7403,Aruja,SP,-23.3926,-46.3109
7404,Aruja,SP,-23.3896,-46.2997
7405,Aruja,SP,-23.3888,-46.3015
7407,Aruja,SP,-23.3778,-46.3106
7411,Aruja,SP,-23.4052,-46.343
7412,Arujá,SP,-23.3951,-46.3214
7413,Aruja,SP,-23.408,-46.3616
7414,Aruja,SP,-23.4063,-46.3648
7417,Aruja,SP,-23.3838,-46.3234
7422,Arujá,SP,-23.3886,-46.3547
7424,Aruja,SP,-23.3306,-46.3084
7428,Aruja,SP,-23.407,-46.3233
7429,Aruja,SP,-23.414,-46.3294
7430,Arujá (Industrial),SP,-23.4112,-46.3451
7431,Aruja,SP,-23.4194,-46.3551
7432,Aruja,SP,-23.4201,-46.364
7434,Aruja,SP,-23.4159,-46.3212
7435,Aruja,SP,-23.416,-46.3159
7436,Aruja,SP,-23.4148,-46.3025
7437,Aruja,SP,-23.4252,-46.2942
7438,Aruja,SP,-23.4066,-46.2931
7439,Aruja,SP,-23.4,-46.2825
7440,Aruja,SP,-23.4159,-46.2833
7443,Aruja,SP,-23.4184,-46.3051
7500,Santa Isabel,SP,-23.3183,-46.2261
7600,Mairipora,SP,-23.3297,-46.5971
7700,Caieiras,SP,-23.3629,-46.741
7703,Caieiras,SP,-23.3722,-46.7528
7704,Caieiras,SP,-23.3763,-46.7507
7705,Mauá,SP,-23.6596,-46.4758
7712,Caieiras,SP,-23.3555,-46.7457
7713,Caieiras,SP,-23.3529,-46.7482
7714,Caieiras,SP,-23.348,-46.7585
7715,Caieiras,SP,-23.3461,-46.7519
7716,Caieiras,SP,-23.3431,-46.7464
7717,Caieiras,SP,-23.3348,-46.7526
7718,Caieiras,SP,-23.3375,-46.7563
7724,Caieiras,SP,-23.3577,-46.7332
7726,Caieiras,SP,-23.3742,-46.7024
7727,Caieiras,SP,-23.3737,-46.6772
7729,Caieiras,SP,-23.3644,-46.7441
7733,Caieiras,SP,-23.4098,-46.6738
7734,Caieiras,SP,-23.4036,-46.6921
7739,Caieiras,SP,-23.3927,-46.7136
7740,Caieiras,SP,-23.3913,-46.7129
7741,Caieiras,SP,-23.3931,-46.709
7743,Caieiras,SP,-23.3774,-46.7098
7744,Caieiras,SP,-23.3912,-46.7161
7745,Caieiras,SP,-23.3813,-46.719
7747,Caieiras,SP,-23.3909,-46.7185
7748,Caieiras,SP,-23.3915,-46.7307
7749,Caieiras,SP,-23.3855,-46.7387
7750,Cajamar,SP,-23.3739,-46.8637
7752,Cajamar,SP,-23.3633,-46.8551
7753,Cajamar,SP,-23.3298,-46.9202
7756,Cajamar,SP,-23.3899,-46.8631
7760,Jordanesia,SP,-23.3593,-46.8026
7764,Cajamar,SP,-23.3767,-46.9268
7767,Cajamar,SP,-23.3356,-46.9262
7768,Cajamar,SP,-23.3353,-46.9146
7770,Polvilho,SP,-23.4122,-46.8434
7776,Cajamar,SP,-23.3404,-46.844
7778,Cajamar,SP,-23.3616,-46.8723
7781,Cajamar,SP,-23.2855,-46.8737
7784,Cajamar,SP,-23.3514,-46.8741
7785,Cajamar,SP,-23.3323,-46.8292
7786,Cajamar,SP,-23.335,-46.8312
7787,Cajamar,SP,-23.3402,-46.8301
7788,Cajamar,SP,-23.3522,-46.8257
7789,Cajamar,SP,-23.3613,-46.8478
7790,Cajamar,SP,-23.3709,-46.848
7791,Cajamar,SP,-23.4069,-46.8612
7792,Cajamar,SP,-23.4122,-46.8451
7793,Cajamar,SP,-23.4138,-46.8299
7794,Cajamar,SP,-23.4174,-46.8255
7801,Franco Da Rocha,SP,-23.3219,-46.7258
7802,Franco Da Rocha,SP,-23.3264,-46.7287
7803,Franco Da Rocha,SP,-23.3311,-46.7322
7804,Franco Da Rocha,SP,-23.3252,-46.7341
7807,Franco Da Rocha,SP,-23.3208,-46.7331
7808,Franco Da Rocha,SP,-23.3201,-46.739
7809,Franco Da Rocha,SP,-23.3245,-46.7472
7810,Franco Da Rocha,SP,-23.323,-46.7636
7811,Franco Da Rocha,SP,-23.3154,-46.7783
7812,Franco Da Rocha,SP,-22.9068,-47.0122
7813,Franco Da Rocha,SP,-23.3192,-46.7243
7830,Franco Da Rocha,SP,-23.3026,-46.7569
7832,Franco Da Rocha,SP,-23.0002,-46.8349
7835,Franco Da Rocha,SP,-23.3085,-46.7436
7836,Franco Da Rocha,SP,-23.3039,-46.7413
7840,Franco Da Rocha,SP,-23.3158,-46.7314
7841,Franco Da Rocha,SP,-23.3156,-46.7375
7842,Franco Da Rocha,SP,-23.3206,-46.7207
7844,Franco Da Rocha,SP,-23.3051,-46.7339
7845,Franco Da Rocha,SP,-23.3078,-46.7301
7846,Franco Da Rocha,SP,-23.3106,-46.7286
7847,Franco Da Rocha,SP,-23.3133,-46.7249
7849,Franco Da Rocha,SP,-23.318,-46.7263
7850,Franco Da Rocha,SP,-23.3318,-46.7247
7851,Franco Da Rocha,SP,-23.3285,-46.7223
7852,Franco Da Rocha,SP,-23.3253,-46.7197
7853,Franco Da Rocha,SP,-23.3228,-46.7136
7854,Franco Da Rocha,SP,-23.3236,-46.7076
7855,Franco Da Rocha,SP,-23.3254,-46.704
7856,Franco Da Rocha,SP,-23.3234,-46.7008
7857,Franco Da Rocha,SP,-23.3298,-46.7118
7858,Franco Da Rocha,SP,-23.3286,-46.7105
7859,Franco Da Rocha,SP,-23.3291,-46.7159
7860,Franco Da Rocha,SP,-23.3197,-46.7186
7861,Franco Da Rocha,SP,-23.316,-46.7145
7862,Franco Da Rocha,SP,-23.319,-46.7102
7863,Franco Da Rocha,SP,-23.3137,-46.6942
7865,Franco Da Rocha,SP,-23.3058,-46.7224
7866,Franco Da Rocha,SP,-23.3,-46.7095
7867,Franco Da Rocha,SP,-23.3147,-46.7766
7868,Franco Da Rocha,SP,-23.3031,-46.7434
7901,Francisco Morato,SP,-23.2828,-46.7462
7902,Francisco Morato,SP,-23.2907,-46.7426
7903,Francisco Morato,SP,-23.295,-46.7403
7904,Francisco Morato,SP,-23.2967,-46.7369
7905,Francisco Morato,SP,-23.2896,-46.7629
7906,Francisco Morato,SP,-23.2983,-46.7452
7907,Francisco Morato,SP,-23.2969,-46.7483
7908,Francisco Morato,SP,-23.2903,-46.75
7909,Francisco Morato,SP,-23.2896,-46.7447
7910,Francisco Morato,SP,-23.2788,-46.7459
7911,Francisco Morato,SP,-23.284,-46.7518
7912,Francisco Morato,SP,-23.2903,-46.7556
7913,Francisco Morato,SP,-23.2886,-46.7619
7914,Francisco Morato,SP,-23.2814,-46.753
7915,Francisco Morato,SP,-23.2765,-46.7415
7916,Francisco Morato,SP,-23.2774,-46.758
7917,Francisco Morato,SP,-23.2763,-46.7509
7919,Francisco Morato,SP,-23.2643,-46.7331
7920,Francisco Morato,SP,-23.2716,-46.7483
7921,Francisco Morato,SP,-23.2726,-46.7608
7929,Francisco Morato,SP,-23.2631,-46.755
7930,Francisco Morato,SP,-23.2591,-46.7503
7934,Francisco Morato,SP,-23.2844,-46.7507
7935,Francisco Morato,SP,-23.2596,-46.7408
7936,Francisco Morato,SP,-23.2618,-46.7429
7940,Francisco Morato,SP,-23.27,-46.7476
7941,Francisco Morato,SP,-23.2688,-46.7445
7942,Francisco Morato,SP,-23.2756,-46.7383
7943,Francisco Morato,SP,-23.2665,-46.7399
7944,Francisco Morato,SP,-23.2656,-46.7317
7945,Francisco Morato,SP,-23.2639,-46.7312
7946,Francisco Morato,SP,-23.2776,-46.7379
7950,Francisco Morato,SP,-23.273,-46.7461
7951,Francisco Morato,SP,-23.2727,-46.7325
7952,Francisco Morato,SP,-23.2732,-46.7281
7953,Francisco Morato,SP,-23.2652,-46.726
7955,Francisco Morato,SP,-23.2642,-46.7209
7956,Francisco Morato,SP,-23.2781,-46.7317
7957,Francisco Morato,SP,-23.2697,-46.7325
7980,Francisco Morato,SP,-23.2771,-46.7464
7985,Francisco Morato,SP,-23.2849,-46.7041
7986,Francisco Morato,SP,-23.2893,-46.7001
7987,Francisco Morato,SP,-23.2887,-46.7072
7988,Francisco Morato,SP,-23.2793,-46.7419
7989,Francisco Morato,SP,-23.2975,-46.7147
7990,Francisco Morato,SP,-23.2792,-46.7402
7991,Francisco Morato,SP,-23.2837,-46.7394
7992,Francisco Morato,SP,-23.2867,-46.7345
7995,Francisco Morato,SP,-23.2956,-46.7295
7996,Francisco Morato,SP,-23.2984,-46.7254
7997,Francisco Morato,SP,-23.2716,-46.7357
7998,Francisco Morato,SP,-23.2933,-46.7334
8010,Sao Paulo,SP,-23.4942,-46.4383
8011,Sao Paulo,SP,-23.4954,-46.4467
8020,Sao Paulo,SP,-23.5047,-46.4415
8021,Sao Paulo,SP,-23.5001,-46.4346
8022,Sao Paulo,SP,-23.4937,-46.4252
8030,Sao Paulo,SP,-23.5032,-46.4223
8031,Sao Paulo,SP,-23.5114,-46.4239
8032,Sao Paulo,SP,-23.5175,-46.4268
8040,Sao Paulo,SP,-23.5081,-46.4489
8041,Sao Paulo,SP,-23.5153,-46.4408
8042,Sao Paulo,SP,-23.5081,-46.434
8050,Sao Paulo,SP,-23.5112,-46.4588
8051,Sao Paulo,SP,-23.5131,-46.468
8060,Sao Paulo,SP,-23.5023,-46.4524
8061,Sao Paulo,SP,-23.5028,-46.4647
8062,Sao Paulo,SP,-23.5103,-46.4732
8070,Sao Paulo,SP,-23.496,-46.4617
8071,Sao Paulo,SP,-23.4905,-46.4499
8072,Sao Paulo,SP,-23.5115,-46.4843
8080,Sao Paulo,SP,-23.4874,-46.43
8081,Sao Paulo,SP,-23.4859,-46.4193
8090,Sao Paulo,SP,-23.4797,-46.4333
8110,Sao Paulo,SP,-23.4983,-46.3995
8111,Sao Paulo,SP,-23.492,-46.3801
8115,Sao Paulo,SP,-23.4905,-46.3898
8120,Sao Paulo,SP,-23.5032,-46.3961
8121,Sao Paulo,SP,-23.5021,-46.3841
8122,Sao Paulo,SP,-23.4963,-46.3794
8130,Sao Paulo,SP,-23.5069,-46.374
8131,Sao Paulo,SP,-23.5031,-46.3762
8132,Sao Paulo,SP,-23.5099,-46.3759
8140,Sao Paulo,SP,-23.5112,-46.3993
8141,Sao Paulo,SP,-23.5145,-46.3922
8142,Sao Paulo,SP,-23.5187,-46.3913
8143,Sao Paulo,SP,-23.5169,-46.4649
8150,Sao Paulo,SP,-23.5186,-46.4138
8151,Sao Paulo,SP,-23.5183,-46.4037
8152,Sao Paulo,SP,-23.5128,-46.4069
8160,Sao Paulo,SP,-23.5044,-46.4101
8161,Sao Paulo,SP,-23.5034,-46.4138
8180,Sao Paulo,SP,-23.4927,-46.421
8190,Sao Paulo,SP,-23.4878,-46.394
8191,Sao Paulo,SP,-23.4809,-46.3831
8210,Sao Paulo,SP,-23.537,-46.4496
8215,Sao Paulo,SP,-23.5398,-46.4448
8220,Sao Paulo,SP,-23.5374,-46.4666
8223,Sao Paulo,SP,-23.5269,-46.4711
8225,Sao Paulo,SP,-23.5298,-46.4618
8226,Sao Paulo,SP,-23.5523,-46.5349
8230,Sao Paulo,SP,-23.5231,-46.4529
8233,Sao Paulo,SP,-23.5258,-46.4727
8235,Sao Paulo,SP,-23.5215,-46.4665
8240,Sao Paulo,SP,-23.5236,-46.4435
8241,Sao Paulo,SP,-23.5193,-46.4365
8245,Sao Paulo,SP,-23.5189,-46.4461
8246,Sao Paulo,SP,-23.5312,-46.438
8247,Sao Paulo,SP,-23.5348,-46.4339
8248,Sao Paulo,SP,-23.5295,-46.4336
8250,Sao Paulo,SP,-23.5399,-46.4398
8253,Sao Paulo,SP,-23.5491,-46.4394
8255,Sao Paulo,SP,-23.5506,-46.4358
8257,Sao Paulo,SP,-23.5535,-46.4283
8260,Sao Paulo,SP,-23.5659,-46.4349
8265,Sao Paulo,SP,-23.5803,-46.4528
8270,Sao Paulo,SP,-23.5612,-46.4613
8275,Sao Paulo,SP,-23.5713,-46.4794
8280,Sao Paulo,SP,-23.5612,-46.4745
8285,Sao Paulo,SP,-23.5533,-46.4727
8290,Sao Paulo,SP,-23.5536,-46.4527
8295,Sao Paulo,SP,-23.548,-46.4593
8310,Sao Paulo,SP,-23.6289,-46.4672
8311,Sao Paulo,SP,-23.6312,-46.4658
8320,Sao Paulo,SP,-23.6271,-46.4732
8321,Sao Paulo,SP,-23.6052,-46.489
8330,Sao Paulo,SP,-23.6138,-46.4673
8331,Sao Paulo,SP,-23.6097,-46.4692
8340,Sao Paulo,SP,-23.6101,-46.4601
8341,Sao Paulo,SP,-23.6011,-46.4536
8342,São Paulo,SP,-23.5954,-46.4312
8343,Sao Paulo,SP,-23.6061,-46.4468
8344,Sao Paulo,SP,-23.6099,-46.4492
8345,Sao Paulo,SP,-23.6101,-46.4441
8346,Sao Paulo,SP,-23.5565,-46.6783
8347,Sao Paulo,SP,-23.5203,-46.5779
8370,Sao Paulo,SP,-23.6086,-46.4635
8371,Sao Paulo,SP,-23.5967,-46.4313
8372,Sao Paulo,SP,-23.6021,-46.4367
8373,Sao Paulo,SP,-23.4824,-46.6469
8375,Sao Paulo,SP,-23.6006,-46.4632
8380,Sao Paulo,SP,-23.5989,-46.4404
8381,Sao Paulo,SP,-23.608,-46.4307
8382,Sao Paulo,SP,-23.6147,-46.4331
8383,Sao Paulo,SP,-23.5611,-46.5148
8390,Sao Paulo,SP,-23.6271,-46.4669
8391,Sao Paulo,SP,-23.5931,-46.5562
8395,Sao Paulo,SP,-23.6225,-46.4562
8404,Sao Paulo,SP,-23.5297,-46.4095
8410,Sao Paulo,SP,-23.5489,-46.4229
8411,Sao Paulo,SP,-23.5538,-46.4123
8412,Sao Paulo,SP,-23.5523,-46.4079
8420,Sao Paulo,SP,-23.5449,-46.4289
8421,Sao Paulo,SP,-23.5592,-46.4286
8430,Sao Paulo,SP,-23.5269,-46.4239
8431,Sao Paulo,SP,-23.5334,-46.4175
8440,Sao Paulo,SP,-23.5335,-46.4104
8441,Sao Paulo,SP,-23.5349,-46.4122
8450,Sao Paulo,SP,-23.544,-46.4002
8451,Sao Paulo,SP,-23.5393,-46.4005
8452,Sao Paulo,SP,-23.5321,-46.3974
8460,Sao Paulo,SP,-23.5528,-46.4019
8461,Sao Paulo,SP,-23.5598,-46.4042
8465,Sao Paulo,SP,-23.566,-46.3982
8466,Sao Paulo,SP,-23.5414,-46.5153
8470,Sao Paulo,SP,-23.5906,-46.4054
8471,Sao Paulo,SP,-23.6029,-46.4
8472,Sao Paulo,SP,-23.5711,-46.4036
8473,Sao Paulo,SP,-23.5836,-46.4156
8474,Sao Paulo,SP,-23.5948,-46.4127
8475,Sao Paulo,SP,-23.5885,-46.3996
8485,Sao Paulo,SP,-23.59,-46.4122
8490,Sao Paulo,SP,-23.5731,-46.4154
8500,Ferraz De Vasconcelos,SP,-23.5448,-46.3659
8501,Ferraz De Vasconcelos,SP,-23.5416,-46.361
8502,Ferraz De Vasconcelos,SP,-23.5395,-46.3585
8503,Ferraz De Vasconcelos,SP,-23.5485,-46.3605
8504,Ferraz De Vasconcelos,SP,-23.5557,-46.3605
8505,Ferraz De Vasconcelos,SP,-23.5524,-46.3667
8506,Ferraz De Vasconcelos,SP,-23.559,-46.3704
8507,Ferraz De Vasconcelos,SP,-23.5611,-46.3675
8508,Ferraz De Vasconcelos,SP,-23.5639,-46.3694
8509,Ferraz De Vasconcelos,SP,-23.568,-46.3598
8510,Ferraz De Vasconcelos,SP,-23.56,-46.3598
8513,Ferraz De Vasconcelos,SP,-23.5766,-46.3653
8514,Ferraz De Vasconcelos,SP,-23.5681,-46.3672
8515,Ferraz De Vasconcelos,SP,-23.5773,-46.3741
8517,Ferraz De Vasconcelos,SP,-23.5689,-46.3724
8525,Ferraz De Vasconcelos,SP,-23.5583,-46.3885
8526,Ferraz De Vasconcelos,SP,-23.5565,-46.383
8527,Ferraz De Vasconcelos,SP,-23.5537,-46.3789
8528,Ferraz De Vasconcelos,SP,-23.5541,-46.3744
8529,Ferraz De Vasconcelos,SP,-23.5476,-46.3729
8530,Ferraz De Vasconcelos,SP,-23.5352,-46.3711
8531,Ferraz De Vasconcelos,SP,-23.5399,-46.3724
8532,Ferraz De Vasconcelos,SP,-23.5389,-46.378
8533,Ferraz De Vasconcelos,SP,-23.5457,-46.3791
8534,Ferraz De Vasconcelos,SP,-23.5503,-46.3861
8535,Ferraz De Vasconcelos,SP,-23.5527,-46.3893
8536,Ferraz De Vasconcelos,SP,-23.5413,-46.3854
8537,Ferraz De Vasconcelos,SP,-23.533,-46.392
8538,Ferraz De Vasconcelos,SP,-23.531,-46.3899
8539,Ferraz De Vasconcelos,SP,-23.5362,-46.3758
8540,Ferraz De Vasconcelos,SP,-23.5213,-46.3815
8541,Ferraz De Vasconcelos,SP,-23.5204,-46.3741
8542,Ferraz De Vasconcelos,SP,-23.5168,-46.371
8543,Ferraz De Vasconcelos,SP,-23.5248,-46.3738
8544,Ferraz De Vasconcelos,SP,-23.5317,-46.3632
8545,Ferraz De Vasconcelos,SP,-23.5321,-46.3704
8550,Poa,SP,-23.5219,-46.3409
8551,Poa,SP,-23.5223,-46.3486
8552,Poa,SP,-23.5284,-46.3538
8553,Poa,SP,-23.5225,-46.3636
8554,Poa,SP,-23.5148,-46.3608
8555,Poa,SP,-23.5105,-46.3535
8556,Poa,SP,-23.5148,-46.348
8557,Poa,SP,-23.5127,-46.3423
8558,Poa,SP,-23.5088,-46.3353
8559,Poa,SP,-23.5175,-46.3358
8560,Poa,SP,-23.5308,-46.3354
8561,Poa,SP,-23.5282,-46.3404
8562,Poa,SP,-23.5318,-46.3449
8563,Poa,SP,-23.5334,-46.35
8564,Poa,SP,-23.5388,-46.3519
8565,Poa,SP,-23.5406,-46.3421
8566,Poa,SP,-23.5452,-46.3471
8567,Poa,SP,-23.5492,-46.3522
8568,Poa,SP,-23.5551,-46.3469
8570,Itaquaquecetuba,SP,-23.4756,-46.355
8571,Itaquaquecetuba,SP,-23.4842,-46.3372
8572,Itaquaquecetuba,SP,-23.4968,-46.3418
8573,Itaquaquecetuba,SP,-23.4921,-46.3499
8574,Itaquaquecetuba,SP,-23.5024,-46.3536
8575,Itaquaquecetuba,SP,-23.4989,-46.3583
8576,Itaquaquecetuba,SP,-23.489,-46.3574
8577,Itaquaquecetuba,SP,-23.4861,-46.3667
8578,Itaquaquecetuba,SP,-23.4692,-46.3825
8579,Itaquaquecetuba,SP,-23.4617,-46.3758
8580,Itaquaquecetuba,SP,-23.4514,-46.3435
8581,Itaquaquecetuba,SP,-23.4576,-46.3542
8582,Itaquaquecetuba,SP,-23.45,-46.3591
8583,Itaquaquecetuba,SP,-23.4451,-46.3745
8584,Itaquaquecetuba,SP,-23.4276,-46.3466
8585,Itaquaquecetuba,SP,-23.4889,-46.3545
8586,Itaquaquecetuba,SP,-23.4404,-46.3359
8587,Itaquaquecetuba,SP,-23.431,-46.3162
8588,Itaquaquecetuba,SP,-23.439,-46.3193
8589,Itaquaquecetuba,SP,-23.4392,-46.3022
8590,Itaquaquecetuba,SP,-23.4391,-46.2767
8591,Itaquaquecetuba,SP,-23.4529,-46.3071
8592,Itaquaquecetuba,SP,-23.4689,-46.2915
8593,Itaquaquecetuba,SP,-23.4745,-46.3065
8594,Itaquaquecetuba,SP,-23.4874,-46.3016
8595,Itaquaquecetuba,SP,-23.4679,-46.3035
8596,Itaquaquecetuba,SP,-23.4812,-46.3157
8597,Itaquaquecetuba,SP,-23.4601,-46.3207
8598,Itaquaquecetuba,SP,-23.467,-46.3253
8599,Itaquaquecetuba,SP,-23.4654,-46.3396
8610,Suzano,SP,-23.5416,-46.3001
8613,Suzano,SP,-23.541,-46.2868
8615,Suzano,SP,-23.5478,-46.2956
8616,Suzano,SP,-23.5572,-46.2927
8620,Suzano,SP,-23.634,-46.2949
8621,Suzano,SP,-23.5334,-46.2982
8625,Suzano,SP,-23.6435,-46.3131
8630,Suzano,SP,-23.6467,-46.3269
8633,Suzano,SP,-23.6436,-46.312
8635,Suzano,SP,-23.669,-46.3332
8640,Suzano,SP,-23.6225,-46.326
8650,Suzano,SP,-23.5746,-46.3236
8653,Suzano,SP,-23.6152,-46.3187
8655,Suzano,SP,-23.5938,-46.3057
8656,Suzano,SP,-23.5931,-46.3055
8660,Suzano,SP,-23.5592,-46.3363
8663,Suzano,SP,-23.5684,-46.3335
8664,Suzano,SP,-23.5579,-46.3264
8665,Suzano,SP,-23.5591,-46.3134
8666,Suzano,SP,-23.5748,-46.3078
8670,Suzano,SP,-23.5383,-46.3304
8671,Suzano,SP,-23.5446,-46.3269
8673,Suzano,SP,-23.5405,-46.3179
8674,Suzano,SP,-23.5433,-46.313
8675,Suzano,SP,-23.5517,-46.3134
8676,Suzano,SP,-23.5539,-46.3069
8680,Suzano,SP,-23.5283,-46.3204
8683,Suzano,SP,-23.5282,-46.311
8685,Suzano,SP,-23.5234,-46.305
8686,Suzano,SP,-23.5347,-46.2874
8689,Suzano,SP,-23.5289,-46.3146
8690,Suzano,SP,-23.4981,-46.316
8692,Suzano,SP,-23.501,-46.3217
8693,Suzano,SP,-23.5023,-46.3053
8694,Suzano,SP,-23.5112,-46.2958
8695,Suzano,SP,-23.4947,-46.2797
8696,Suzano,SP,-23.51,-46.2902
8710,Mogi Das Cruzes,SP,-23.5228,-46.1955
8715,Mogi Das Cruzes,SP,-23.526,-46.1884
8717,Mogi Das Cruzes,SP,-23.5398,-46.1909
8720,Mogi Das Cruzes,SP,-23.5405,-46.1795
8725,Mogi Das Cruzes,SP,-23.5542,-46.1844
8726,Mogi Das Cruzes,SP,-23.5592,-46.1806
8727,Mogi Das Cruzes,SP,-23.5665,-46.1867
8730,Mogi Das Cruzes,SP,-23.5357,-46.2011
8735,Mogi Das Cruzes,SP,-23.5344,-46.2129
8737,Mogi Das Cruzes,SP,-23.5415,-46.2051
8738,Mogi Das Cruzes,SP,-23.5522,-46.2008
8740,Mogi Das Cruzes,SP,-23.5429,-46.2157
8742,Mogi Das Cruzes,SP,-23.5496,-46.2138
8743,Mogi Das Cruzes,SP,-23.5554,-46.2181
8744,Mogi Das Cruzes,SP,-23.5476,-46.227
8745,Mogi Das Cruzes,SP,-23.5473,-46.2337
8746,Mogi Das Cruzes,SP,-23.5531,-46.2022
8747,Mogi Das Cruzes,SP,-23.5582,-46.2098
8750,Mogi Das Cruzes,SP,-23.5485,-46.2509
8751,Mogi Das Cruzes,SP,-23.6761,-46.2324
8752,Mogi Das Cruzes,SP,-23.5434,-46.2621
8753,Mogi Das Cruzes,SP,-23.5997,-46.2443
8755,Mogi Das Cruzes,SP,-23.5576,-46.1751
8760,Mogi Das Cruzes,SP,-23.5617,-46.2215
8761,Mogi Das Cruzes,SP,-23.5612,-46.2191
8762,Mogi Das Cruzes,SP,-23.5729,-46.2217
8763,Mogi Das Cruzes,SP,-23.572,-46.2191
8765,Mogi Das Cruzes,SP,-23.6727,-46.1833
8766,Mogi Das Cruzes,SP,-23.5266,-46.2
8767,Mogi Das Cruzes,SP,-23.6388,-46.1227
8770,Mogi Das Cruzes,SP,-23.5165,-46.206
8771,Mogi Das Cruzes,SP,-23.4637,-46.1529
8772,Mogi Das Cruzes,SP,-23.4797,-46.2806
8773,Mogi Das Cruzes,SP,-23.5136,-46.1897
8774,Mogi Das Cruzes,SP,-23.4724,-46.2764
8775,Mogi Das Cruzes,SP,-23.4997,-46.1852
8779,Mogi Das Cruzes,SP,-23.3588,-46.1584
8780,Mogi Das Cruzes,SP,-23.5202,-46.1773
8790,Mogi Das Cruzes,SP,-23.5289,-46.1717
8793,Mogi Das Cruzes,SP,-23.5409,-46.1643
8795,Mogi Das Cruzes,SP,-23.532,-46.1798
8810,Mogi Das Cruzes,SP,-23.5015,-46.1507
8820,Mogi Das Cruzes,SP,-23.5089,-46.1501
8830,Mogi Das Cruzes,SP,-23.5156,-46.1411
8831,Mogi Das Cruzes,SP,-23.5577,-46.1796
8832,Mogi Das Cruzes,SP,-23.5169,-46.1042
8833,Mogi Das Cruzes,SP,-23.5219,-46.1617
8840,Mogi Das Cruzes,SP,-23.4822,-46.138
8850,Mogi Das Cruzes,SP,-23.4843,-46.0895
8880,Mogi Das Cruzes,SP,-23.52,-46.1876
8900,Guararema,SP,-23.4049,-46.0431
8940,Biritiba-Mirim,SP,-23.5745,-46.0403
8970,Salesopolis,SP,-23.5315,-45.849
8980,Salesópolis,SP,-23.5312,-45.8414
9010,Santo Andre,SP,-23.6595,-46.5251
9015,Santo Andre,SP,-23.6594,-46.5232
9020,Santo Andre,SP,-23.6618,-46.5269
9030,Santo Andre,SP,-23.6689,-46.5265
9040,Santo Andre,SP,-23.6638,-46.533
9041,Santo Andre,SP,-23.6634,-46.5386
9050,Santo Andre,SP,-23.6742,-46.5452
9051,Santo Andre,SP,-23.6785,-46.5512
9060,Santo Andre,SP,-23.6655,-46.5491
9061,Santo Andre,SP,-23.6505,-46.5591
9070,Santo Andre,SP,-23.6437,-46.5464
9071,Santo Andre,SP,-23.6522,-46.5488
9080,Santo Andre,SP,-23.6404,-46.5417
9090,Santo Andre,SP,-23.6523,-46.5383
9091,Santo Andre,SP,-23.6581,-46.5459
9110,Santo Andre,SP,-23.6714,-46.5061
9111,Santo Andre,SP,-23.6712,-46.4912
9112,Santo Andre,SP,-23.668,-46.492
9120,Santo Andre,SP,-23.6787,-46.4961
9121,Santo Andre,SP,-23.6815,-46.5009
9124,Santo Andre,SP,-23.7368,-46.4791
9130,Santo Andre,SP,-23.6894,-46.505
9131,Santo Andre,SP,-23.6949,-46.4971
9132,Santo Andre,SP,-23.7038,-46.5018
9133,Santo Andre,SP,-23.7395,-46.4916
9134,Santo Andre,SP,-23.7314,-46.4789
9139,Santo Andre,SP,-23.7025,-46.5219
9150,Santo Andre,SP,-23.7779,-46.3031
9160,Santo Andre,SP,-23.7646,-46.4634
9161,Santo André,SP,-23.7666,-46.4594
9163,Santo Andre,SP,-23.7629,-46.4734
9169,Santo Andre,SP,-23.7119,-46.5152
9170,Santo Andre,SP,-23.7085,-46.5089
9171,Santo Andre,SP,-23.7002,-46.5131
9172,Santo Andre,SP,-23.6936,-46.5127
9175,Santo Andre,SP,-23.6864,-46.5171
9176,Santo Andre,SP,-23.6789,-46.5184
9180,Santo Andre,SP,-23.6934,-46.5232
9181,Santo Andre,SP,-23.6833,-46.5252
9182,Santo Andre,SP,-23.6974,-46.5303
9185,Santo Andre,SP,-23.6829,-46.5355
9190,Santo Andre,SP,-23.6739,-46.5382
9195,Santo Andre,SP,-23.6764,-46.5146
9210,Santo Andre,SP,-23.6374,-46.5281
9220,Santo Andre,SP,-23.6223,-46.5369
9230,Santo Andre,SP,-23.6206,-46.5274
9238,Santo Andre,SP,-23.664,-46.5231
9240,Santo Andre,SP,-23.6295,-46.5241
9241,Santo Andre,SP,-23.6327,-46.5193
9250,Santo Andre,SP,-23.6241,-46.5149
9251,Santo Andre,SP,-23.6304,-46.5075
9260,Santo Andre,SP,-23.6311,-46.4964
9270,Santo Andre,SP,-23.6406,-46.4944
9271,Santo Andre,SP,-23.6419,-46.5007
9272,Santo Andre,SP,-23.6531,-46.5132
9273,Santo Andre,SP,-23.6553,-46.5027
9274,Santo André,SP,-23.6566,-46.4976
9280,Santo Andre,SP,-23.6401,-46.5162
9290,Santo Andre,SP,-23.6524,-46.5079
9291,Santo Andre,SP,-23.6451,-46.5192
9310,Maua,SP,-23.6703,-46.4512
9311,Maua,SP,-23.678,-46.4502
9312,Maua,SP,-23.67,-46.4451
9320,Maua,SP,-23.66,-46.4415
9321,Maua,SP,-23.6487,-46.4363
9330,Maua,SP,-23.6623,-46.4217
9331,Maua,SP,-23.6731,-46.4199
9332,Maua,SP,-23.6569,-46.418
9333,Maua,SP,-23.6487,-46.4177
9334,Maua,SP,-23.6677,-46.4077
9335,Maua,SP,-23.6649,-46.4168
9336,Maua,SP,-23.6632,-46.4153
9340,Maua,SP,-23.6714,-46.4303
9341,Maua,SP,-23.6736,-46.4203
9350,Maua,SP,-23.6807,-46.4442
9351,Maua,SP,-23.684,-46.4388
9360,Maua,SP,-23.6849,-46.457
9361,Maua,SP,-23.6964,-46.4558
9370,Maua,SP,-23.6786,-46.4651
9371,Maua,SP,-23.6699,-46.4762
9372,Maua,SP,-23.6951,-46.4656
9380,Maua,SP,-23.6417,-46.4786
9381,Maua,SP,-23.6589,-46.4655
9389,Maua,SP,-23.6303,-46.4792
9390,Maua,SP,-23.6542,-46.4537
9391,Maua,SP,-23.6509,-46.4469
9400,Ribeirao Pires,SP,-23.7119,-46.4124
9401,Ribeirao Pires,SP,-23.7045,-46.4098
9402,Ribeirao Pires,SP,-23.7038,-46.4162
9403,Ribeirao Pires,SP,-23.6932,-46.437
9404,Ribeirao Pires,SP,-23.6847,-46.4152
9405,Ribeirao Pires,SP,-23.7008,-46.4043
9406,Ribeirao Pires,SP,-23.7108,-46.4005
9407,Ribeirao Pires,SP,-23.7033,-46.3886
9410,Ribeirao Pires,SP,-23.7108,-46.3905
9411,Ribeirao Pires,SP,-23.7189,-46.3947
9412,Ribeirao Pires,SP,-23.7327,-46.4179
9413,Ribeirao Pires,SP,-23.7395,-46.4318
9414,Ribeirao Pires,SP,-23.7474,-46.4368
9415,Ribeirao Pires,SP,-23.755,-46.4419
9416,Ribeirao Pires,SP,-23.7389,-46.4471
9420,Ribeirao Pires,SP,-23.7192,-46.4132
9421,Ribeirao Pires,SP,-23.722,-46.42
9422,Ribeirao Pires,SP,-23.7186,-46.4215
9423,Ribeirao Pires,SP,-23.7203,-46.4258
9424,Ribeirao Pires,SP,-23.7143,-46.4187
9425,Ribeirao Pires,SP,-23.7094,-46.428
9426,Ribeirao Pires,SP,-23.6981,-46.4279
9430,Ribeirao Pires,SP,-23.7004,-46.3968
9431,Ribeirao Pires,SP,-23.6914,-46.3822
9432,Ribeirao Pires,SP,-23.6873,-46.3933
9433,Ribeirao Pires,SP,-23.6678,-46.3852
9434,Ribeirao Pires,SP,-23.66,-46.3729
9435,Ribeirao Pires,SP,-23.6537,-46.3649
9436,Ribeirao Pires,SP,-23.6513,-46.3668
9440,Ribeirao Pires,SP,-23.6898,-46.3712
9441,Ribeirao Pires,SP,-23.6838,-46.3756
9442,Ribeirao Pires,SP,-23.6784,-46.3564
9443,Ribeirao Pires,SP,-23.6806,-46.3495
9444,Ribeirao Pires,SP,-23.6944,-46.3433
9445,Ribeirao Pires,SP,-23.7006,-46.3623
9450,Rio Grande Da Serra,SP,-23.7456,-46.3946
9510,Sao Caetano Do Sul,SP,-23.6157,-46.5719
9520,Sao Caetano Do Sul,SP,-23.6085,-46.5713
9521,Sao Caetano Do Sul,SP,-23.6132,-46.5729
9530,Sao Caetano Do Sul,SP,-23.6215,-46.5751
9531,Sao Caetano Do Sul,SP,-23.62,-46.5709
9540,Sao Caetano Do Sul,SP,-23.625,-46.5662
9541,Sao Caetano Do Sul,SP,-23.6202,-46.5641
9550,Sao Caetano Do Sul,SP,-23.6174,-46.5519
9551,Sao Caetano Do Sul,SP,-23.6235,-46.553
9560,Sao Caetano Do Sul,SP,-23.6326,-46.5544
9561,Sao Caetano Do Sul,SP,-23.639,-46.5569
9570,Sao Caetano Do Sul,SP,-23.6327,-46.5654
9571,Sao Caetano Do Sul,SP,-23.6349,-46.5648
9572,Sao Caetano Do Sul,SP,-23.6424,-46.5608
9580,Sao Caetano Do Sul,SP,-23.6428,-46.5721
9581,Sao Caetano Do Sul,SP,-23.6353,-46.5783
9600,Sao Bernardo Do Campo,SP,-23.6722,-46.5558
9601,Sao Bernardo Do Campo,SP,-23.6716,-46.5594
9602,Sao Bernardo Do Campo,SP,-23.662,-46.5646
9603,Sao Bernardo Do Campo,SP,-23.6621,-46.5645
9604,Sao Bernardo Do Campo,SP,-23.657,-46.5688
9605,São Bernardo Do Campo,SP,-23.659,-46.5674
9606,Sao Bernardo Do Campo,SP,-23.6758,-46.5618
9607,Sao Bernardo Do Campo,SP,-23.6736,-46.5614
9608,Sao Bernardo Do Campo,SP,-23.6749,-46.5659
9609,Sao Bernardo Do Campo,SP,-23.6679,-46.569
9610,Sao Bernardo Do Campo,SP,-23.6673,-46.5683
9611,Sao Bernardo Do Campo,SP,-23.6621,-46.5703
9612,Sao Bernardo Do Campo,SP,-23.6578,-46.5714
9613,Sao Bernardo Do Campo,SP,-23.6709,-46.5651
9614,Sao Bernardo Do Campo,SP,-23.6696,-46.5563
9615,Sao Bernardo Do Campo,SP,-23.6788,-46.5581
9616,Sao Bernardo Do Campo,SP,-23.6624,-46.5595
9617,Sao Bernardo Do Campo,SP,-23.6672,-46.5593
9618,Sao Bernardo Do Campo,SP,-23.6681,-46.5645
9619,Sao Bernardo Do Campo,SP,-23.6658,-46.5645
9620,Sao Bernardo Do Campo,SP,-23.6671,-46.5705
9621,Sao Bernardo Do Campo,SP,-23.6646,-46.5717
9623,Sao Bernardo Do Campo,SP,-23.6609,-46.5725
9624,Sao Bernardo Do Campo,SP,-23.6562,-46.5738
9625,Sao Bernardo Do Campo,SP,-23.6611,-46.5667
9626,Sao Bernardo Do Campo,SP,-23.6579,-46.57
9627,Sao Bernardo Do Campo,SP,-23.6583,-46.5663
9628,Sao Bernardo Do Campo,SP,-23.6613,-46.5643
9629,Sao Bernardo Do Campo,SP,-23.6567,-46.5672
9631,Sao Bernardo Do Campo,SP,-23.6589,-46.562
9632,Sao Bernardo Do Campo,SP,-23.6543,-46.5656
9633,Sao Bernardo Do Campo,SP,-23.6543,-46.5672
9634,Sao Bernardo Do Campo,SP,-23.6526,-46.5691
9635,Sao Bernardo Do Campo,SP,-23.6617,-46.5656
9636,Sao Bernardo Do Campo,SP,-23.6522,-46.5744
9637,Sao Bernardo Do Campo,SP,-23.6524,-46.5742
9639,Sao Bernardo Do Campo,SP,-23.6469,-46.5802
9640,Sao Bernardo Do Campo,SP,-23.6566,-46.5749
9641,Sao Bernardo Do Campo,SP,-23.6557,-46.5768
9642,Sao Bernardo Do Campo,SP,-23.649,-46.5766
9651,Sao Bernardo Do Campo,SP,-23.6584,-46.5802
9655,Sao Bernardo Do Campo,SP,-23.6555,-46.5946
9656,Sao Bernardo Do Campo,SP,-23.66,-46.6044
9657,Sao Bernardo Do Campo,SP,-23.6669,-46.6093
9660,Sao Bernardo Do Campo,SP,-23.6552,-46.5941
9661,Sao Bernardo Do Campo,SP,-23.6609,-46.5964
9662,Sao Bernardo Do Campo,SP,-23.6608,-46.5994
9663,Sao Bernardo Do Campo,SP,-23.6557,-46.5986
9664,Sao Bernardo Do Campo,SP,-23.6584,-46.6046
9665,Sao Bernardo Do Campo,SP,-23.6588,-46.6088
9666,Sao Bernardo Do Campo,SP,-23.659,-46.6066
9667,Sao Bernardo Do Campo,SP,-23.6616,-46.6088
9668,Sao Bernardo Do Campo,SP,-23.6626,-46.6121
9669,Sao Bernardo Do Campo,SP,-23.6624,-46.6078
9670,Sao Bernardo Do Campo,SP,-23.6618,-46.6043
9671,Sao Bernardo Do Campo,SP,-23.6645,-46.6061
9672,Sao Bernardo Do Campo,SP,-23.6607,-46.6024
9680,São Bernardo Do Campo,SP,-23.6646,-46.5816
9682,Sao Bernardo Do Campo,SP,-23.6677,-46.5976
9683,Sao Bernardo Do Campo,SP,-23.6678,-46.5962
9684,Sao Bernardo Do Campo,SP,-23.6669,-46.5943
9685,Sao Bernardo Do Campo,SP,-23.6652,-46.5923
9686,Sao Bernardo Do Campo,SP,-23.6689,-46.5931
9687,Sao Bernardo Do Campo,SP,-23.6734,-46.5952
9688,Sao Bernardo Do Campo,SP,-23.6726,-46.5926
9689,Sao Bernardo Do Campo,SP,-23.6684,-46.5915
9690,Sao Bernardo Do Campo,SP,-23.6751,-46.5906
9691,Sao Bernardo Do Campo,SP,-23.6699,-46.5898
9692,Sao Bernardo Do Campo,SP,-23.6684,-46.5877
9693,Sao Bernardo Do Campo,SP,-23.6652,-46.5884
9694,Sao Bernardo Do Campo,SP,-23.671,-46.581
9695,Sao Bernardo Do Campo,SP,-23.6728,-46.5721
9696,Sao Bernardo Do Campo,SP,-23.6749,-46.5576
9710,Sao Bernardo Do Campo,SP,-23.7105,-46.5489
9715,Sao Bernardo Do Campo,SP,-23.7157,-46.5457
9720,Sao Bernardo Do Campo,SP,-23.7156,-46.5541
9721,Sao Bernardo Do Campo,SP,-23.7196,-46.5475
9725,Sao Bernardo Do Campo,SP,-23.7063,-46.557
9726,Sao Bernardo Do Campo,SP,-23.6881,-46.5618
9732,Sao Bernardo Do Campo,SP,-23.6824,-46.5611
9750,Sao Bernardo Do Campo,SP,-23.6881,-46.5532
9751,Sao Bernardo Do Campo,SP,-23.6914,-46.5437
9760,Sao Bernardo Do Campo,SP,-23.6991,-46.5422
9761,Sao Bernardo Do Campo,SP,-23.7088,-46.5282
9762,Sao Bernardo Do Campo,SP,-23.7062,-46.5205
9765,Sao Bernardo Do Campo,SP,-23.7075,-46.5339
9770,Sao Bernardo Do Campo,SP,-23.7083,-46.543
9771,Sao Bernardo Do Campo,SP,-23.7039,-46.5429
9772,Sao Bernardo Do Campo,SP,-23.713,-46.5396
9780,Sao Bernardo Do Campo,SP,-23.715,-46.5373
9781,Sao Bernardo Do Campo,SP,-23.7251,-46.5342
9782,Sao Bernardo Do Campo,SP,-23.7284,-46.5371
9783,Sao Bernardo Do Campo,SP,-23.723,-46.5292
9784,Sao Bernardo Do Campo,SP,-23.7179,-46.5249
9785,Sao Bernardo Do Campo,SP,-23.7095,-46.5409
9790,Sao Bernardo Do Campo,SP,-23.728,-46.5428
9791,Sao Bernardo Do Campo,SP,-23.7409,-46.5319
9792,Sao Bernardo Do Campo,SP,-23.7445,-46.5408
9810,Sao Bernardo Do Campo,SP,-23.7196,-46.5648
9811,Sao Bernardo Do Campo,SP,-23.727,-46.5606
9812,Sao Bernardo Do Campo,SP,-23.7249,-46.5704
9820,Sao Bernardo Do Campo,SP,-23.7409,-46.5552
9821,Sao Bernardo Do Campo,SP,-23.7516,-46.5571
9822,Sao Bernardo Do Campo,SP,-23.7598,-46.5438
9830,Sao Bernardo Do Campo,SP,-23.7901,-46.5378
9831,Sao Bernardo Do Campo,SP,-23.7925,-46.5403
9832,Sao Bernardo Do Campo,SP,-23.7768,-46.5154
9834,Sao Bernardo Do Campo,SP,-23.8052,-46.4427
9835,Sao Bernardo Do Campo,SP,-23.8304,-46.5871
9836,Sao Bernardo Do Campo,SP,-23.8069,-46.6175
9837,Sao Bernardo Do Campo,SP,-23.8217,-46.5667
9838,Sao Bernardo Do Campo,SP,-23.8433,-46.5642
9840,Sao Bernardo Do Campo,SP,-23.7378,-46.5749
9841,Sao Bernardo Do Campo,SP,-23.7375,-46.5758
9842,Sao Bernardo Do Campo,SP,-23.7537,-46.5911
9843,Sao Bernardo Do Campo,SP,-23.7703,-46.5948
9844,Sao Bernardo Do Campo,SP,-23.758,-46.5774
9845,Sao Bernardo Do Campo,SP,-23.742,-46.5719
9846,Sao Bernardo Do Campo,SP,-23.7351,-46.5758
9847,Sao Bernardo Do Campo,SP,-23.7554,-46.5848
9850,Sao Bernardo Do Campo,SP,-23.7252,-46.582
9851,Sao Bernardo Do Campo,SP,-23.7153,-46.5905
9852,Sao Bernardo Do Campo,SP,-23.7292,-46.5952
9853,Sao Bernardo Do Campo,SP,-23.7383,-46.5945
9854,Sao Bernardo Do Campo,SP,-23.753,-46.5972
9855,Sao Bernardo Do Campo,SP,-23.7319,-46.5892
9856,Sao Bernardo Do Campo,SP,-23.7339,-46.6052
9857,Sao Bernardo Do Campo,SP,-23.7474,-46.6168
9860,Sao Bernardo Do Campo,SP,-23.7077,-46.5767
9861,Sao Bernardo Do Campo,SP,-23.7077,-46.5813
9862,Sao Bernardo Do Campo,SP,-23.7012,-46.5829
9869,São Bernardo Do Campo,SP,-23.7226,-46.5739
9890,Sao Bernardo Do Campo,SP,-23.6948,-46.5681
9891,Sao Bernardo Do Campo,SP,-23.6858,-46.5709
9892,Sao Bernardo Do Campo,SP,-23.6831,-46.5752
9894,Sao Bernardo Do Campo,SP,-23.6772,-46.5764
9895,Sao Bernardo Do Campo,SP,-23.7044,-46.5702
9896,Sao Bernardo Do Campo,SP,-23.7036,-46.5639
9910,Diadema,SP,-23.6913,-46.629
9911,Diadema,SP,-23.6893,-46.6197
9912,Diadema,SP,-23.6896,-46.6156
9913,Diadema,SP,-23.6812,-46.63
9914,Diadema,SP,-23.6907,-46.6316
9920,Diadema,SP,-23.6817,-46.6233
9921,Diadema,SP,-23.6798,-46.6128
9930,Diadema,SP,-23.6707,-46.6167
9931,Diadema,SP,-23.6667,-46.6227
9932,Diadema,SP,-23.6653,-46.6164
9940,Diadema,SP,-23.6691,-46.6037
9941,Diadema,SP,-23.678,-46.603
9942,Diadema,SP,-23.6827,-46.5987
9943,Diadema,SP,-23.6719,-46.6004
9950,Diadema,SP,-23.6835,-46.5865
9951,Diadema,SP,-23.689,-46.5909
9952,Diadema,SP,-23.6922,-46.5987
9960,Diadema,SP,-23.6952,-46.5976
9961,Diadema,SP,-23.7025,-46.5961
9962,Diadema,SP,-23.7004,-46.598
9963,Diadema,SP,-23.7048,-46.5965
9970,Diadema,SP,-23.7187,-46.6115
9971,Diadema,SP,-23.7258,-46.6213
9972,Diadema,SP,-23.7216,-46.6191
9973,Diadema,SP,-23.7179,-46.6169
9974,Diadema,SP,-23.7189,-46.6121
9980,Diadema,SP,-23.7055,-46.6115
9981,Diadema,SP,-23.7067,-46.6086
9990,Diadema,SP,-23.6967,-46.6169
9991,Diadema,SP,-23.6951,-46.6122
9992,Diadema,SP,-23.6999,-46.6234
9993,Diadema,SP,-23.703,-46.6216
11010,Santos,SP,-23.9336,-46.3296
11013,Santos,SP,-23.9377,-46.326
11015,Santos,SP,-23.9532,-46.3192
11020,Santos,SP,-23.9685,-46.3055
11025,Santos,SP,-23.9705,-46.3082
11030,Santos,SP,-23.9849,-46.3021
11031,Santos,SP,-23.933,-46.3256
11035,Santos,SP,-23.9804,-46.3045
11040,Santos,SP,-23.9723,-46.3144
11045,Santos,SP,-23.9697,-46.3219
11050,Santos,SP,-23.9575,-46.3268
11055,Santos,SP,-23.9657,-46.3287
11060,Santos,SP,-23.9626,-46.3341
11065,Santos,SP,-23.9652,-46.3436
11070,Santos,SP,-23.9567,-46.3453
11075,Santos,SP,-23.9546,-46.3377
11080,Santos,SP,-23.9444,-46.3517
11081,Santos,SP,-23.9347,-46.343
11082,Santos,SP,-23.9389,-46.3397
11085,Santos,SP,-23.9378,-46.3566
11086,Santos,SP,-23.9452,-46.3744
11087,Santos,SP,-23.9462,-46.3792
11088,Santos,SP,-23.9409,-46.3849
11089,Santos,SP,-23.9402,-46.3694
11090,Santos,SP,-23.9372,-46.3764
11095,Santos,SP,-23.9273,-46.3785
11200,Caruara,SP,-18.4329,-43.5773
11250,Bertioga,SP,-23.8184,-46.0806
11310,Sao Vicente,SP,-23.9675,-46.3865
11320,Sao Vicente,SP,-23.9701,-46.3726
11325,Sao Vicente,SP,-23.9865,-46.3917
11330,Sao Vicente,SP,-23.968,-46.4025
11335,Sao Vicente,SP,-23.9654,-46.4121
11340,Sao Vicente,SP,-23.9577,-46.4072
11345,Sao Vicente,SP,-23.9881,-46.4792
11346,Sao Vicente,SP,-23.9833,-46.488
11347,Sao Vicente,SP,-23.9816,-46.4656
11348,Sao Vicente,SP,-23.9554,-46.4557
11349,Sao Vicente,SP,-23.9505,-46.4577
11350,Sao Vicente,SP,-23.9446,-46.415
11355,Sao Vicente,SP,-23.9518,-46.4081
11360,Sao Vicente,SP,-23.9471,-46.3976
11365,Sao Vicente,SP,-23.9545,-46.3951
11370,Sao Vicente,SP,-23.956,-46.3816
11374,Sao Vicente,SP,-23.9902,-46.4719
11380,Sao Vicente,SP,-23.9599,-46.3728
11390,Sao Vicente,SP,-23.9619,-46.3821
11410,Guaruja,SP,-23.9952,-46.2597
11420,Guaruja,SP,-24.0081,-46.272
11421,Guaruja,SP,-24.0136,-46.2826
11425,Guaruja,SP,-23.9976,-46.3032
11430,Guaruja,SP,-23.9939,-46.2849
11431,Guaruja,SP,-23.9958,-46.2787
11432,Guaruja,SP,-23.9876,-46.2704
11435,Guaruja,SP,-23.9769,-46.2598
11436,Guaruja,SP,-23.9712,-46.2515
11438,Guaruja,SP,-23.9641,-46.2471
11440,Guaruja,SP,-23.9838,-46.2407
11441,Guaruja,SP,-23.9792,-46.2283
11442,Guaruja,SP,-23.9761,-46.22
11443,Guaruja,SP,-23.9791,-46.2054
11444,Guaruja,SP,-23.9699,-46.1891
11445,Guaruja,SP,-23.9575,-46.1957
11446,Guaruja,SP,-23.9434,-46.1979
11449,Guaruja,SP,-23.972,-46.212
11450,Guaruja,SP,-23.942,-46.3026
11451,Guaruja,SP,-23.9455,-46.2894
11453,Guaruja,SP,-23.9367,-46.2869
11454,Guaruja,SP,-23.9464,-46.2813
11460,Guaruja,SP,-23.9572,-46.285
11461,Guaruja,SP,-23.9553,-46.2739
11462,Guaruja,SP,-23.9545,-46.2846
11463,Guaruja,SP,-23.9531,-46.2882
11470,Guaruja,SP,-23.9604,-46.2783
11471,Guaruja,SP,-23.9646,-46.2788
11472,Guaruja,SP,-23.973,-46.2753
11473,Guaruja,SP,-23.9531,-46.291
11495,Guaruja,SP,-23.9636,-46.2521
11497,Guaruja,SP,-23.9635,-46.2448
11500,Cubatao,SP,-23.8802,-46.4173
11505,Cubatao,SP,-23.8754,-46.4214
11510,Cubatao,SP,-23.8863,-46.4241
11515,Cubatao,SP,-23.8899,-46.4291
11520,Cubatao,SP,-23.8952,-46.4239
11523,Cubatao,SP,-23.903,-46.4248
11525,Cubatao,SP,-23.8948,-46.4278
11530,Cubatao,SP,-23.931,-46.4002
11531,Cubatao,SP,-23.9208,-46.4077
11533,Cubatao,SP,-23.9279,-46.4097
11534,Cubatao,SP,-23.9201,-46.4265
11535,Cubatao,SP,-23.9336,-46.4302
11538,Cubatao,SP,-23.8991,-46.4335
11540,Cubatao,SP,-23.8744,-46.4467
11542,Cubatao,SP,-23.9125,-46.4641
11543,Cubatao,SP,-23.8861,-46.4499
11547,Cubatão,SP,-23.8854,-46.4214
11548,Cubatao,SP,-23.8934,-46.4176
11550,Cubatao,SP,-23.8782,-46.4266
11555,Cubatão,SP,-23.8809,-46.4503
11570,Cubatao,SP,-23.8357,-46.3785
11573,Cubatao,SP,-23.8835,-46.4282
11600,Sao Sebastiao,SP,-23.7717,-45.5253
11601,Sao Sebastiao,SP,-23.7172,-45.4322
11602,Sao Sebastiao,SP,-23.7269,-45.4237
11603,Sao Sebastiao,SP,-23.7321,-45.4033
11604,Sao Sebastiao,SP,-23.7667,-45.4131
11605,Sao Sebastiao,SP,-23.7732,-45.406
11606,Sao Sebastiao,SP,-23.7813,-45.4019
11608,Sao Sebastiao,SP,-23.7985,-45.4034
11609,Sao Sebastiao,SP,-23.8016,-45.4054
11610,Sao Sebastiao,SP,-23.8051,-45.4132
11611,Sao Sebastiao,SP,-23.8143,-45.4164
11612,Sao Sebastiao,SP,-23.8216,-45.433
11614,Sao Sebastiao,SP,-23.8213,-45.467
11615,Sao Sebastiao,SP,-23.8099,-45.5087
11617,Sao Sebastiao,SP,-23.7946,-45.5741
11618,Sao Sebastiao,SP,-23.7812,-45.6201
11619,Sao Sebastiao,SP,-23.7747,-45.6366
11620,Maresias,SP,-23.793,-45.5556
11621,Sao Sebastiao,SP,-23.7743,-45.6745
11622,Sao Sebastiao,SP,-23.7704,-45.6799
11623,Sao Sebastiao,SP,-23.764,-45.7175
11624,Sao Sebastiao,SP,-23.7598,-45.7639
11625,Sao Sebastiao,SP,-23.7641,-45.7884
11626,Sao Sebastiao,SP,-23.754,-45.8208
11628,Sao Sebastiao,SP,-23.7875,-45.5626
11629,Sao Sebastiao,SP,-23.7585,-45.414
11630,Ilhabela,SP,-23.8145,-45.3687
11660,Caraguatatuba,SP,-23.6228,-45.4141
11661,Caraguatatuba,SP,-23.6211,-45.399
11662,Caraguatatuba,SP,-23.6229,-45.3852
11663,Caraguatatuba,SP,-23.6182,-45.3866
11664,Caraguatatuba,SP,-23.6132,-45.393
11665,Caraguatatuba,SP,-23.6351,-45.425
11666,Caraguatatuba,SP,-23.6662,-45.437
11667,Caraguatatuba,SP,-23.686,-45.4368
11668,Caraguatatuba,SP,-23.7098,-45.4407
11669,Caraguatatuba,SP,-23.6977,-45.4441
11670,Caraguatatuba,SP,-23.6849,-45.4432
11671,Caraguatatuba,SP,-23.674,-45.4434
11672,Caraguatatuba,SP,-23.6582,-45.4387
11673,Caraguatatuba,SP,-23.6376,-45.4365
11674,Caraguatatuba,SP,-23.6291,-45.4337
11675,Caraguatatuba,SP,-23.6136,-45.4277
11676,Caraguatatuba,SP,-23.6045,-45.3574
11677,Caraguatatuba,SP,-23.5812,-45.3349
11678,Caraguatatuba,SP,-23.663,-45.4472
11679,Caraguatatuba,SP,-23.5934,-45.3368
11680,Ubatuba,SP,-23.4529,-45.0932
11700,Praia Grande,SP,-24.0104,-46.4063
11701,Praia Grande,SP,-24.0089,-46.4191
11702,Praia Grande,SP,-24.0144,-46.4384
11703,Praia Grande,SP,-24.0204,-46.46
11704,Praia Grande,SP,-24.0265,-46.4782
11705,Praia Grande,SP,-24.0366,-46.5049
11706,Praia Grande,SP,-24.0473,-46.5254
11707,Praia Grande,SP,-24.0546,-46.5421
11708,Praia Grande,SP,-24.0679,-46.5676
11709,Praia Grande,SP,-24.0786,-46.5893
11710,Praia Grande,SP,-24.0765,-46.5936
11711,Praia Grande,SP,-24.0471,-46.5346
11712,Praia Grande,SP,-24.0358,-46.5303
11713,Praia Grande,SP,-24.0308,-46.5226
11714,Praia Grande,SP,-24.0253,-46.5118
11717,Praia Grande,SP,-24.0228,-46.4971
11718,Praia Grande,SP,-24.0163,-46.482
11719,Praia Grande,SP,-24.015,-46.466
11720,Praia Grande,SP,-24.0083,-46.4593
11721,Praia Grande,SP,-24.011,-46.4522
11722,Praia Grande,SP,-24.0015,-46.4499
11723,Praia Grande,SP,-24.0051,-46.4492
11724,Praia Grande,SP,-24.0047,-46.4377
11725,Praia Grande,SP,-23.9974,-46.4228
11726,Praia Grande,SP,-23.9954,-46.4081
11730,Mongagua,SP,-24.1119,-46.6654
11740,Itanhaem,SP,-24.1827,-46.8018
11750,Peruibe,SP,-24.3031,-46.987
11760,Itariri,SP,-24.2906,-47.1644
11770,Ana Dias,SP,-24.3037,-47.0661
11790,Pedro De Toledo,SP,-24.279,-47.2358
11800,Juquia,SP,-24.3166,-47.6347
11850,Miracatu,SP,-24.2788,-47.4497
11900,Registro,SP,-24.4988,-47.8462
11910,Sete Barras,SP,-24.3855,-47.9281
11920,Iguape,SP,-24.7046,-47.5554
11925,Ilha Comprida,SP,-24.7479,-47.5562
11930,Pariquera-Acu,SP,-24.7153,-47.8814
11940,Jacupiranga,SP,-24.7018,-48.0052
11950,Cajati,SP,-24.7282,-48.1128
11955,Barra Do Turvo,SP,-24.7784,-48.4998
11960,Eldorado,SP,-24.5228,-48.108
11990,Cananeia,SP,-25.0093,-47.932
12010,Taubate,SP,-23.0325,-45.5594
12020,Taubate,SP,-23.0243,-45.5591
12030,Taubate,SP,-23.0321,-45.5705
12031,Taubate,SP,-23.0395,-45.5811
12032,Taubate,SP,-23.0424,-45.592
12040,Taubate,SP,-23.0298,-45.5899
12041,Taubate,SP,-23.0278,-45.5786
12042,Taubate,SP,-23.0397,-45.61
12043,Taubate,SP,-23.0278,-45.621
12045,Taubate,SP,-23.0492,-45.6296
12050,Taubate,SP,-23.02,-45.5716
12051,Taubate,SP,-23.012,-45.5857
12052,Taubate,SP,-23.0094,-45.5679
12053,Taubate,SP,-23.0056,-45.5755
12054,Taubate,SP,-23.023,-45.5795
12060,Taubate,SP,-23.0148,-45.559
12061,Taubate,SP,-23.0038,-45.5592
12062,Taubate,SP,-23.003,-45.5469
12070,Taubate,SP,-23.0176,-45.5415
12071,Taubate,SP,-23.0043,-45.5322
12072,Taubate,SP,-23.0078,-45.5211
12080,Taubate,SP,-23.0228,-45.5508
12081,Taubate,SP,-23.0276,-45.5336
12082,Taubate,SP,-23.0355,-45.5445
12085,Taubate,SP,-23.0177,-45.5183
12086,Taubate,SP,-23.0475,-45.5184
12090,Taubate,SP,-23.0444,-45.554
12091,Taubate,SP,-23.0461,-45.5686
12092,Taubate,SP,-23.0617,-45.586
12093,Taubate,SP,-23.0687,-45.5694
12095,Taubate,SP,-23.0756,-45.5383
12120,Tremembe,SP,-22.975,-45.5479
12130,Lagoinha,SP,-23.0887,-45.1907
12140,Sao Luis Do Paraitinga,SP,-23.224,-45.3503
12150,Catucaba,SP,-23.2463,-45.2037
12170,Redencao Da Serra,SP,-23.2766,-45.5298
12180,Natividade Da Serra,SP,-23.3777,-45.444
12209,Sao Jose Dos Campos,SP,-23.178,-45.8838
12210,Sao Jose Dos Campos,SP,-23.1835,-45.8845
12211,Sao Jose Dos Campos,SP,-23.1641,-45.8933
12212,Sao Jose Dos Campos,SP,-23.1554,-45.8996
12213,Sao Jose Dos Campos,SP,-23.1504,-45.9093
12214,Sao Jose Dos Campos,SP,-23.1591,-45.9179
12215,Sao Jose Dos Campos,SP,-23.1855,-45.8716
12216,Sao Jose Dos Campos,SP,-23.1956,-45.8793
12220,Sao Jose Dos Campos,SP,-23.1796,-45.8551
12221,Sao Jose Dos Campos,SP,-23.1711,-45.841
12223,Sao Jose Dos Campos,SP,-23.1812,-45.8289
12224,Sao Jose Dos Campos,SP,-23.1783,-45.8235
12225,Sao Jose Dos Campos,SP,-23.1906,-45.7961
12226,Sao Jose Dos Campos,SP,-23.1417,-45.8985
12227,Sao Jose Dos Campos,SP,-23.209,-45.8545
12228,Sao Jose Dos Campos,SP,-23.2511,-45.8344
12229,Sao Jose Dos Campos,SP,-23.2697,-45.8646
12230,Sao Jose Dos Campos,SP,-23.2245,-45.8878
12231,Sao Jose Dos Campos,SP,-23.2244,-45.8821
12232,Sao Jose Dos Campos,SP,-23.2581,-45.8876
12233,Sao Jose Dos Campos,SP,-23.2467,-45.8869
12234,Sao Jose Dos Campos,SP,-23.2835,-45.8954
12235,Sao Jose Dos Campos,SP,-23.2338,-45.9025
12236,Sao Jose Dos Campos,SP,-23.251,-45.8989
12237,Sao Jose Dos Campos,SP,-23.2436,-45.9136
12238,Sao Jose Dos Campos,SP,-23.2566,-45.9201
12239,Sao Jose Dos Campos,SP,-23.267,-45.9013
12240,Sao Jose Dos Campos,SP,-23.2243,-45.9132
12241,Sao Jose Dos Campos,SP,-23.2325,-45.9266
12242,Sao Jose Dos Campos,SP,-23.2017,-45.9067
12243,Sao Jose Dos Campos,SP,-23.2023,-45.898
12244,Sao Jose Dos Campos,SP,-23.199,-45.9432
12245,Sao Jose Dos Campos,SP,-23.198,-45.8889
12246,Sao Jose Dos Campos,SP,-23.2169,-45.9086
12247,Sao Jose Dos Campos,SP,-23.1607,-45.8003
12248,Sao Jose Dos Campos,SP,-23.1708,-45.7963
12249,Sao Francisco Xavier,SP,-22.913,-45.9618
12250,Monteiro Lobato,SP,-22.9537,-45.8396
12260,Paraibuna,SP,-23.3931,-45.6608
12270,Jambeiro,SP,-23.2617,-45.6982
12280,Cacapava,SP,-23.0938,-45.7017
12281,Cacapava,SP,-23.1046,-45.7061
12282,Cacapava,SP,-23.1031,-45.7002
12283,Cacapava,SP,-23.1041,-45.6775
12284,Cacapava,SP,-23.1141,-45.7006
12285,Cacapava,SP,-23.125,-45.7141
12286,Cacapava,SP,-23.1098,-45.7205
12287,Cacapava,SP,-23.1068,-45.7136
12288,Cacapava,SP,-23.0932,-45.7111
12289,Cacapava,SP,-23.0707,-45.7179
12290,Cacapava,SP,-23.0572,-45.7127
12294,Cacapava,SP,-23.1388,-45.7215
12295,Caçapava,SP,-23.1884,-45.7347
12297,Cacapava,SP,-23.0877,-45.6901
12301,Jacarei,SP,-23.2677,-45.94
12302,Jacarei,SP,-23.2727,-45.9332
12305,Jacarei,SP,-23.2768,-45.9476
12306,Jacarei,SP,-23.2879,-45.9476
12307,Jacarei,SP,-23.2971,-45.9563
12308,Jacarei,SP,-23.3039,-45.9627
12309,Jacarei,SP,-23.309,-45.9571
12310,Jacarei,SP,-23.299,-45.9469
12311,Jacarei,SP,-23.282,-45.9394
12312,Jacarei,SP,-23.3014,-45.9331
12315,Jacarei,SP,-23.3164,-45.9293
12316,Jacarei,SP,-23.3163,-45.9406
12318,Jacarei,SP,-23.3123,-45.9554
12319,Jacarei,SP,-23.3235,-45.97
12320,Jacarei,SP,-23.3136,-45.9759
12321,Jacarei,SP,-23.2984,-45.9844
12322,Jacarei,SP,-23.3107,-45.9844
12323,Jacarei,SP,-23.3249,-45.9909
12324,Jacarei,SP,-23.3135,-46.0037
12325,Jacarei,SP,-23.306,-46.0157
12326,Jacarei,SP,-23.3242,-46.0456
12327,Jacarei,SP,-23.3023,-45.9719
12328,Jacarei,SP,-23.2883,-45.963
12329,Jacarei,SP,-23.2878,-45.9536
12330,Jacarei,SP,-23.2965,-46.0205
12331,Jacarei,SP,-23.2719,-46.0655
12332,Jacareí,SP,-23.3051,-45.9654
12333,Jacarei,SP,-23.2274,-46.0694
12334,Jacarei,SP,-23.2704,-46.0022
12335,Jacarei,SP,-23.264,-45.9645
12340,Jacarei,SP,-23.3658,-46.0266
12341,Jacarei,SP,-23.2936,-45.9851
12350,Igarata,SP,-23.205,-46.1532
12380,Santa Branca,SP,-23.3993,-45.8854
12400,Pindamonhangaba,SP,-22.9264,-45.4629
12401,Pindamonhangaba,SP,-22.9202,-45.4644
12402,Pindamonhangaba,SP,-22.9173,-45.4473
12403,Pindamonhangaba,SP,-22.9217,-45.4439
12404,Pindamonhangaba,SP,-22.9067,-45.4708
12405,Pindamonhangaba,SP,-22.9239,-45.4377
12410,Pindamonhangaba,SP,-22.9347,-45.4567
12411,Pindamonhangaba,SP,-22.9313,-45.4359
12412,Pindamonhangaba,SP,-22.9531,-45.4591
12413,Pindamonhangaba,SP,-22.9474,-45.4193
12414,Pindamonhangaba,SP,-22.9454,-45.408
12415,Pindamonhangaba,SP,-22.9603,-45.4085
12420,Pindamonhangaba,SP,-22.9431,-45.4652
12421,Pindamonhangaba,SP,-22.9508,-45.4789
12422,Pindamonhangaba,SP,-22.9364,-45.4721
12423,Pindamonhangaba,SP,-22.9464,-45.5032
12424,Pindamonhangaba,SP,-22.9574,-45.4883
12425,Pindamonhangaba,SP,-22.9313,-45.4766
12426,Pindamonhangaba,SP,-22.9503,-45.4983
12440,Pindamonhangaba,SP,-22.913,-45.3686
12441,Pindamonhangaba,SP,-22.9246,-45.3703
12442,Pindamonhangaba,SP,-22.9385,-45.3823
12443,Pindamonhangaba,SP,-22.8963,-45.3717
12444,Pindamonhangaba,SP,-22.8969,-45.3792
12445,Pindamonhangaba,SP,-22.8882,-45.3762
12446,Pindamonhangaba,SP,-22.8862,-45.3676
12450,Santo Antonio Do Pinhal,SP,-22.81,-45.6887
12460,Campos Do Jordao,SP,-22.7367,-45.5864
12490,Sao Bento Do Sapucai,SP,-22.6911,-45.7185
12500,Guaratingueta,SP,-22.8132,-45.1923
12501,Guaratingueta,SP,-22.8185,-45.1947
12502,Guaratingueta,SP,-22.8157,-45.1836
12503,Guaratingueta,SP,-22.8257,-45.1904
12504,Guaratingueta,SP,-22.8242,-45.2048
12505,Guaratingueta,SP,-22.8141,-45.1992
12506,Guaratingueta,SP,-22.8035,-45.2107
12507,Guaratingueta,SP,-22.8067,-45.2396
12508,Guaratingueta,SP,-22.7934,-45.27
12509,Guaratingueta,SP,-22.7966,-45.2253
12510,Guaratingueta,SP,-22.7863,-45.2283
12511,Guaratingueta,SP,-22.8,-45.207
12512,Guaratingueta,SP,-22.7782,-45.2077
12513,Guaratingueta,SP,-22.7793,-45.1989
12514,Guaratingueta,SP,-22.7967,-45.1976
12515,Guaratingueta,SP,-22.8058,-45.1931
12516,Guaratingueta,SP,-22.8014,-45.1876
12517,Guaratingueta,SP,-22.7961,-45.1835
12518,Guaratingueta,SP,-22.7864,-45.183
12519,Guaratingueta,SP,-22.7771,-45.1846
12520,Guaratingueta,SP,-22.8041,-45.1781
12521,Guaratingueta,SP,-22.7815,-45.1657
12522,Guaratingueta,SP,-22.7846,-45.1568
12523,Guaratingueta,SP,-22.7871,-45.1494
12524,Guaratingueta,SP,-22.8128,-45.1748
12525,Potim,SP,-22.8376,-45.2574
12530,Cunha,SP,-23.0709,-44.9556
12540,Campos De Cunha,SP,-22.9534,-44.8485
12570,Aparecida,SP,-22.8512,-45.2466
12580,Roseira,SP,-22.8989,-45.3044
12600,Lorena,SP,-22.7309,-45.1235
12601,Lorena,SP,-22.7373,-45.1312
12602,Lorena,SP,-22.7223,-45.1203
12603,Lorena,SP,-22.7247,-45.1105
12604,Lorena,SP,-22.7315,-45.1088
12605,Lorena,SP,-22.738,-45.096
12606,Lorena,SP,-22.7415,-45.1096
12607,Lorena,SP,-22.742,-45.1157
12608,Lorena,SP,-22.7417,-45.127
12609,Lorena,SP,-22.7502,-45.122
12610,Lorena,SP,-22.7525,-45.1323
12611,Lorena,SP,-22.7435,-45.1345
12615,Canas,SP,-22.7043,-45.0544
12620,Piquete,SP,-22.6089,-45.1833
12630,Cachoeira Paulista,SP,-22.6658,-45.0091
12690,Silveiras,SP,-22.6671,-44.8527
12701,Cruzeiro,SP,-22.5781,-44.9615
12702,Cruzeiro,SP,-22.5857,-44.9683
12703,Cruzeiro,SP,-22.5842,-44.9763
12704,Cruzeiro,SP,-22.5791,-44.9828
12705,Cruzeiro,SP,-22.5744,-44.9699
12710,Cruzeiro,SP,-22.5682,-44.9598
12711,Cruzeiro,SP,-22.5634,-44.9679
12712,Cruzeiro,SP,-22.5612,-44.9595
12720,Cruzeiro,SP,-22.5653,-44.9448
12721,Cruzeiro,SP,-22.5589,-44.9445
12722,Cruzeiro,SP,-22.5619,-44.9382
12723,Cruzeiro,SP,-22.5605,-44.9316
12730,Cruzeiro,SP,-22.5798,-44.9531
12760,Lavrinhas,SP,-22.5601,-44.9188
12770,Arapeí,SP,-22.6714,-44.4512
12800,Queluz,SP,-22.539,-44.7725
12820,Areias,SP,-22.5823,-44.6962
12830,Sao Jose Do Barreiro,SP,-22.6496,-44.5778
12850,Bananal,SP,-22.6835,-44.3189
12870,Arapei,SP,-22.6737,-44.4465
12900,Braganca Paulista,SP,-22.9565,-46.542
12902,Braganca Paulista,SP,-22.9593,-46.5483
12903,Braganca Paulista,SP,-22.944,-46.5543
12904,Braganca Paulista,SP,-22.9446,-46.5489
12906,Braganca Paulista,SP,-22.9392,-46.5494
12908,Braganca Paulista,SP,-22.9352,-46.545
12910,Braganca Paulista,SP,-22.9414,-46.5316
12912,Braganca Paulista,SP,-22.9512,-46.5345
12913,Braganca Paulista,SP,-22.9617,-46.5239
12914,Braganca Paulista,SP,-22.9648,-46.5344
12916,Braganca Paulista,SP,-22.9818,-46.534
12917,Braganca Paulista,SP,-22.9812,-46.5477
12918,Braganca Paulista,SP,-22.9744,-46.602
12919,Braganca Paulista,SP,-22.9711,-46.5505
12922,Braganca Paulista,SP,-22.9145,-46.5557
12924,Braganca Paulista,SP,-22.8781,-46.531
12926,Braganca Paulista,SP,-22.9221,-46.5401
12927,Braganca Paulista,SP,-22.913,-46.5343
12929,Braganca Paulista,SP,-22.932,-46.524
12930,Tuiuti,SP,-22.8142,-46.6949
12935,Vargem,SP,-22.8945,-46.4106
12940,Atibaia,SP,-23.1147,-46.5529
12941,Atibaia,SP,-23.1231,-46.5416
12942,Atibaia,SP,-23.1228,-46.5601
12943,Atibaia,SP,-23.1278,-46.5691
12944,Atibaia,SP,-23.1093,-46.5544
12945,Atibaia,SP,-23.1127,-46.5271
12946,Atibaia,SP,-23.1417,-46.5511
12947,Atibaia,SP,-23.1383,-46.5584
12948,Atibaia,SP,-23.1963,-46.5871
12949,Atibaia,SP,-23.1525,-46.5923
12950,Atibaia,SP,-23.1417,-46.5822
12951,Atibaia,SP,-23.1244,-46.5828
12952,Atibaia,SP,-23.0899,-46.6117
12953,Atibaia,SP,-23.0954,-46.6003
12954,Atibaia,SP,-23.0738,-46.5566
12955,Bom Jesus Dos Perdoes,SP,-23.1383,-46.4686
12960,Nazare Paulista,SP,-23.1737,-46.3995
12970,Piracaia,SP,-23.0559,-46.3592
12980,Joanopolis,SP,-22.9309,-46.275
12990,Pedra Bela,SP,-22.7951,-46.446
12995,Pinhalzinho,SP,-22.7807,-46.5889
13010,Campinas,SP,-22.9044,-47.059
13012,Campinas,SP,-22.905,-47.0596
13013,Campinas,SP,-22.9061,-47.0635
13015,Campinas,SP,-22.9042,-47.0565
13020,Campinas,SP,-22.8985,-47.0679
13023,Campinas,SP,-22.8938,-47.0613
13024,Campinas,SP,-22.8921,-47.0546
13025,Campinas,SP,-22.8984,-47.0516
13026,Campinas,SP,-22.9125,-47.0491
13030,Campinas,SP,-22.925,-47.0743
13031,Campinas,SP,-22.9197,-47.0855
13032,Campinas,SP,-22.9079,-47.085
13033,Campinas,SP,-22.9049,-47.0971
13034,Campinas,SP,-22.9094,-47.0908
13035,Campinas,SP,-22.9116,-47.0748
13036,Campinas,SP,-22.9195,-47.0686
13040,Campinas,SP,-22.9394,-47.0595
13041,Campinas,SP,-22.9196,-47.0572
13042,Campinas,SP,-22.9463,-47.0505
13043,Campinas,SP,-22.9341,-47.0415
13044,Campinas,SP,-22.942,-47.0423
13045,Campinas,SP,-22.934,-47.033
13046,Campinas,SP,-22.9347,-47.0207
13049,Campinas,SP,-22.9482,-47.08
13050,Campinas,SP,-22.9404,-47.0953
13051,Campinas,SP,-22.9592,-47.0884
13052,Campinas,SP,-22.9777,-47.1042
13053,Campinas,SP,-23.0249,-47.116
13054,Campinas,SP,-22.9741,-47.1264
13055,Campinas,SP,-22.9938,-47.116
13056,Campinas,SP,-22.9751,-47.1429
13057,Campinas,SP,-22.9722,-47.1641
13058,Campinas,SP,-22.9518,-47.1839
13059,Campinas,SP,-22.9427,-47.1532
13060,Campinas,SP,-22.932,-47.1118
13061,Campinas,SP,-22.9113,-47.1147
13063,Campinas,SP,-22.8892,-47.1085
13064,Campinas,SP,-22.9003,-47.0004
13065,Campinas,SP,-22.8817,-47.126
13067,Campinas,SP,-22.8874,-47.1409
13068,Campinas,SP,-22.8631,-47.15
13069,Campinas,SP,-22.8471,-47.1399
13070,Campinas,SP,-22.8921,-47.0824
13073,Campinas,SP,-22.8846,-47.0673
13075,Campinas,SP,-22.8804,-47.0608
13076,Campinas,SP,-22.8817,-47.0505
13077,Campinas,SP,-22.8778,-47.0425
13080,Campinas,SP,-22.8528,-47.0757
13081,Campinas,SP,-22.8574,-47.0675
13082,Campinas,SP,-22.8411,-47.1039
13083,Campinas,SP,-22.8167,-47.0713
13084,Campinas,SP,-22.8234,-47.0872
13085,Campinas,SP,-22.7911,-47.081
13086,Campinas,SP,-22.8206,-47.0511
13087,Campinas,SP,-22.858,-47.0531
13088,Campinas,SP,-22.8598,-47.0382
13090,Campinas,SP,-22.8878,-47.0383
13091,Campinas,SP,-22.8774,-47.0295
13092,Campinas,SP,-22.895,-47.0348
13096,Campinas,SP,-22.9254,-47.0308
13097,Campinas,SP,-22.8464,-47.0248
13098,Campinas,SP,-22.8162,-47.0228
13099,Campinas,SP,-22.7537,-47.0145
13100,Campinas,SP,-22.9143,-47.0388
13101,Campinas,SP,-22.914,-47.0135
13104,Campinas,SP,-22.8622,-46.9766
13105,Campinas,SP,-22.8884,-46.9844
13106,Campinas,SP,-22.886,-46.9734
13107,Campinas,SP,-22.873,-46.9598
13108,Campinas,SP,-22.894,-46.9423
13140,Paulinia,SP,-22.7696,-47.1504
13141,Paulinia,SP,-22.7936,-47.1568
13142,Paulinia,SP,-22.7822,-47.1782
13144,Paulinia,SP,-22.7564,-47.2008
13145,Paulinia,SP,-22.7353,-47.1767
13146,Paulinia,SP,-22.728,-47.1674
13147,Paulinia,SP,-22.7331,-47.1403
13148,Paulinia,SP,-22.7771,-47.1127
13150,Cosmopolis,SP,-22.6419,-47.1894
13152,Cosmopolis,SP,-22.6387,-47.1796
13154,Cosmopolis,SP,-22.6335,-47.1775
13155,Cosmopolis,SP,-22.6303,-47.1887
13157,Cosmopolis,SP,-22.6368,-47.198
13160,Artur Nogueira,SP,-22.5712,-47.1658
13165,Engenheiro Coelho,SP,-22.4878,-47.2046
13170,Sumare,SP,-22.8221,-47.2703
13171,Sumare,SP,-22.8321,-47.2705
13172,Sumare,SP,-22.8154,-47.2864
13173,Sumare,SP,-22.8004,-47.2759
13174,Sumare,SP,-22.8147,-47.2608
13175,Sumare,SP,-22.818,-47.2411
13176,Sumare,SP,-22.9011,-47.2741
13177,Sumare,SP,-22.8093,-47.2266
13178,Sumare,SP,-22.8043,-47.206
13179,Sumare,SP,-22.8208,-47.1715
13180,Sumare,SP,-22.8377,-47.1697
13181,Sumare,SP,-22.8412,-47.1917
13183,Hortolandia,SP,-22.855,-47.213
13184,Hortolandia,SP,-22.8703,-47.2124
13185,Hortolandia,SP,-22.8928,-47.1738
13186,Hortolandia,SP,-22.89,-47.199
13187,Hortolandia,SP,-22.8962,-47.2158
13188,Hortolandia,SP,-22.8982,-47.2378
13189,Hortolandia,SP,-22.8751,-47.2331
13190,Monte Mor,SP,-22.9444,-47.2954
13201,Jundiai,SP,-23.1861,-46.8859
13202,Jundiai,SP,-23.2041,-46.8726
13203,Jundiai,SP,-23.2157,-46.8604
13205,Jundiai,SP,-23.2474,-46.8546
13206,Jundiai,SP,-23.2113,-46.8803
13207,Jundiai,SP,-23.2013,-46.8878
13208,Jundiai,SP,-23.1948,-46.8968
13209,Jundiai,SP,-23.1811,-46.9036
13210,Jundiai,SP,-23.2209,-46.8851
13211,Jundiai,SP,-23.1894,-46.9216
13212,Jundiai,SP,-23.1764,-46.9742
13213,Jundiai,SP,-23.1551,-46.9857
13214,Jundiai,SP,-23.158,-46.9182
13215,Jundiai,SP,-23.1697,-46.8867
13216,Jundiai,SP,-23.1701,-46.8736
13218,Jundiai,SP,-23.174,-46.8529
13219,Jundiai,SP,-23.1884,-46.854
13220,Varzea Paulista,SP,-23.211,-46.8448
13221,Varzea Paulista,SP,-23.1951,-46.8304
13222,Varzea Paulista,SP,-23.1956,-46.8217
13223,Varzea Paulista,SP,-23.2158,-46.8103
13224,Varzea Paulista,SP,-23.2187,-46.8325
13225,Varzea Paulista,SP,-23.2268,-46.8449
13226,Varzea Paulista,SP,-23.2434,-46.8276
13230,Campo Limpo Paulista,SP,-23.2083,-46.7866
13231,Campo Limpo Paulista,SP,-23.2013,-46.7819
13232,Campo Limpo Paulista,SP,-23.2117,-46.7629
13233,Campo Limpo Paulista,SP,-23.1805,-46.7641
13234,Campo Limpo Paulista,SP,-23.2211,-46.7262
13236,Campo Limpo Paulista,SP,-23.2231,-46.7962
13238,Campo Limpo Paulista,SP,-23.2351,-46.7693
13240,Jarinu,SP,-23.0965,-46.7179
13250,Itatiba,SP,-23.0033,-46.8377
13251,Itatiba,SP,-22.9958,-46.8365
13252,Itatiba,SP,-22.9678,-46.807
13253,Itatiba,SP,-23.0029,-46.8242
13254,Itatiba,SP,-23.0123,-46.8135
13255,Itatiba,SP,-23.0426,-46.8441
13256,Itatiba,SP,-23.0097,-46.8543
13257,Itatiba,SP,-22.9883,-46.854
13260,Morungaba,SP,-22.8759,-46.7934
13270,Valinhos,SP,-22.9755,-47.0027
13271,Valinhos,SP,-22.9728,-47.0122
13272,Valinhos,SP,-22.9516,-47.002
13273,Valinhos,SP,-22.9472,-46.9774
13274,Valinhos,SP,-22.966,-46.9788
13275,Valinhos,SP,-22.9803,-46.9853
13276,Valinhos,SP,-22.9799,-46.9954
13277,Valinhos,SP,-22.9906,-46.9973
13278,Valinhos,SP,-23.0002,-47.0166
13279,Valinhos,SP,-23.0095,-47.0181
13280,Vinhedo,SP,-23.0315,-46.9811
13281,Vinhedo,SP,-23.1693,-46.4621
13282,Vinhedo,SP,-23.0675,-46.9075
13283,Vinhedo,SP,-23.0374,-46.9771
13284,Vinhedo,SP,-23.0345,-46.9812
13285,Vinhedo,SP,-23.0355,-47.0058
13286,Vinhedo,SP,-23.0485,-47.0219
13287,Vinhedo,SP,-23.0513,-46.9893
13288,Vinhedo,SP,-23.0702,-47.0013
13289,Vinhedo,SP,-23.0403,-46.9798
13290,Louveira,SP,-23.0855,-46.9595
13295,Itupeva,SP,-23.1573,-47.0541
13300,Itu,SP,-23.2658,-47.2994
13301,Itu,SP,-23.2552,-47.2978
13302,Itu,SP,-23.2651,-47.2745
13304,Itu,SP,-23.2752,-47.277
13305,Itu,SP,-23.2852,-47.2555
13306,Itu,SP,-23.2873,-47.2809
13307,Itu (Pirapitingui Sector),SP,-23.3644,-47.2884
13308,Itu,SP,-23.3854,-47.3385
13309,Itu,SP,-23.2816,-47.2944
13310,Itu,SP,-23.2753,-47.3071
13311,Itu,SP,-23.2629,-47.3156
13312,Itu,SP,-23.259,-47.3442
13313,Itu,SP,-23.2479,-47.3156
13315,Cabreuva,SP,-23.2729,-47.0846
13318,Jacare,SP,-23.2832,-46.2975
13319,Bom Fim Do Bom Jesus,SP,-23.2887,-47.0565
13320,Salto,SP,-23.2027,-47.2959
13321,Salto,SP,-23.192,-47.2903
13322,Salto,SP,-23.1929,-47.2753
13323,Salto,SP,-23.2163,-47.2716
13324,Salto,SP,-23.2095,-47.3092
13326,Salto,SP,-23.1935,-47.3097
13327,Salto,SP,-23.1795,-47.3134
13328,Salto,SP,-23.1751,-47.3387
13329,Salto,SP,-23.162,-47.3042
13330,Indaiatuba,SP,-23.0863,-47.2169
13331,Indaiatuba,SP,-23.0743,-47.2268
13332,Indaiatuba,SP,-23.0575,-47.218
13333,Indaiatuba,SP,-23.0733,-47.2101
13334,Indaiatuba,SP,-23.0822,-47.2034
13335,Indaiatuba,SP,-23.0755,-47.197
13336,Indaiatuba,SP,-23.0621,-47.1885
13337,Indaiatuba,SP,-23.0619,-47.1686
13338,Indaiatuba,SP,-23.0889,-47.1927
13339,Indaiatuba,SP,-23.0921,-47.2009
13340,Indaiatuba,SP,-23.0984,-47.183
13341,Indaiatuba,SP,-23.1213,-47.1664
13342,Indaiatuba,SP,-23.1327,-47.1841
13343,Indaiatuba,SP,-23.1005,-47.2069
13344,Indaiatuba,SP,-23.1064,-47.2154
13345,Indaiatuba,SP,-23.1023,-47.2224
13346,Indaiatuba,SP,-23.118,-47.2278
13347,Indaiatuba,SP,-23.1341,-47.228
13348,Indaiatuba,SP,-23.1164,-47.2378
13349,Indaiatuba,SP,-23.1168,-47.2487
13350,Elias Fausto,SP,-23.0406,-47.3716
13355,Cardeal,SP,-12.9939,-38.4809
13360,Capivari,SP,-22.9975,-47.5057
13370,Rafard,SP,-23.0179,-47.5288
13375,Mombuca,SP,-20.5694,-46.0231
13380,Nova Odessa,SP,-22.7858,-47.3125
13381,Nova Odessa,SP,-22.8015,-47.3259
13382,Nova Odessa,SP,-22.8004,-47.3075
13385,Nova Odessa,SP,-22.7911,-47.2938
13386,Nova Odessa,SP,-22.8035,-47.3026
13387,Nova Odessa,SP,-22.7773,-47.2832
13388,Nova Odessa,SP,-22.7668,-47.2626
13389,Nova Odessa,SP,-22.7643,-47.2266
13390,Rio Das Pedras,SP,-22.8423,-47.6071
13400,Piracicaba,SP,-22.7259,-47.6516
13401,Piracicaba,SP,-22.7525,-47.6592
13402,Piracicaba,SP,-22.7483,-47.672
13403,Piracicaba,SP,-22.7238,-47.6729
13405,Piracicaba,SP,-22.7087,-47.6647
13406,Piracicaba,SP,-22.6819,-47.7047
13408,Piracicaba,SP,-22.6721,-47.6957
13409,Piracicaba,SP,-22.677,-47.7077
13411,Piracicaba,SP,-22.6701,-47.6875
13412,Piracicaba,SP,-22.6823,-47.6621
13413,Piracicaba,SP,-22.6701,-47.6086
13414,Piracicaba,SP,-22.6915,-47.641
13415,Piracicaba,SP,-22.707,-47.5948
13416,Piracicaba,SP,-22.7169,-47.6402
13417,Piracicaba,SP,-22.7399,-47.6362
13418,Piracicaba,SP,-22.7251,-47.6303
13419,Piracicaba,SP,-22.729,-47.6411
13420,Piracicaba,SP,-22.736,-47.6184
13421,Piracicaba,SP,-22.7698,-47.5973
13422,Piracicaba,SP,-22.7502,-47.6024
13423,Piracicaba,SP,-22.7577,-47.5923
13424,Piracicaba,SP,-22.7495,-47.6455
13425,Piracicaba,SP,-22.7546,-47.6208
13426,Piracicaba,SP,-22.7629,-47.6284
13427,Piracicaba,SP,-22.743,-47.5746
13428,Piracicaba,SP,-22.7345,-47.5571
13432,Piracicaba,SP,-22.6761,-47.7722
13433,Piracicaba,SP,-22.5697,-47.61
13440,Saltinho,SP,-22.8452,-47.6774
13450,Santa Barbara D'Oeste,SP,-22.7579,-47.4171
13451,Santa Barbara D'Oeste,SP,-22.7451,-47.4204
13452,Santa Barbara D'Oeste,SP,-22.731,-47.4093
13453,Santa Barbara D'Oeste,SP,-22.7351,-47.3994
13454,Santa Barbara D'Oeste,SP,-22.7406,-47.3758
13455,Santa Barbara D'Oeste,SP,-22.7265,-47.3681
13456,Santa Barbara D'Oeste,SP,-22.7571,-47.3761
13457,Santa Barbara D'Oeste,SP,-22.7679,-47.3855
13458,Santa Barbara D'Oeste,SP,-22.7734,-47.406
13459,Santa Barbara D'Oeste,SP,-22.736,-47.4878
13460,Nova Odessa,SP,-22.785,-47.2952
13465,Americana,SP,-22.7437,-47.337
13466,Americana,SP,-22.7535,-47.327
13467,Americana,SP,-22.7696,-47.3398
13468,Americana,SP,-22.7549,-47.3494
13469,Americana,SP,-22.7295,-47.3562
13470,Americana,SP,-22.7174,-47.3546
13471,Americana,SP,-22.7262,-47.3373
13472,Americana,SP,-22.726,-47.3165
13473,Americana,SP,-22.7206,-47.3072
13474,Americana,SP,-22.7051,-47.2943
13475,Americana,SP,-22.7204,-47.2784
13476,Americana,SP,-22.7429,-47.2422
13477,Americana,SP,-22.7374,-47.3005
13478,Americana,SP,-22.7436,-47.312
13479,Americana,SP,-22.758,-47.2869
13480,Limeira,SP,-22.5707,-47.4031
13481,Limeira,SP,-22.6,-47.4071
13482,Limeira,SP,-22.58,-47.4287
13483,Limeira,SP,-22.5608,-47.4465
13484,Limeira,SP,-22.556,-47.4221
13485,Limeira,SP,-22.5457,-47.391
13486,Limeira,SP,-22.566,-47.3838
13487,Limeira,SP,-22.5838,-47.3764
13490,Cordeiropolis,SP,-22.4818,-47.46
13495,Iracemapolis,SP,-22.5866,-47.5143
13500,Rio Claro,SP,-22.409,-47.5637
13501,Rio Claro,SP,-22.4258,-47.5604
13502,Rio Claro,SP,-22.436,-47.5804
13503,Rio Claro,SP,-22.4129,-47.5793
13504,Rio Claro,SP,-22.3921,-47.5777
13505,Rio Claro,SP,-22.3785,-47.5652
13506,Rio Claro,SP,-22.3918,-47.5485
13507,Rio Claro,SP,-22.4149,-47.5547
13508,Rio Claro,SP,-22.4115,-47.571
13509,Rio Claro,SP,-22.4213,-47.5712
13510,Santa Gertrudes,SP,-22.4532,-47.5346
13515,Charqueada,SP,-22.5113,-47.7759
13520,Sao Pedro,SP,-22.5512,-47.9066
13525,Aguas De Sao Pedro,SP,-22.6025,-47.8714
13530,Itirapina,SP,-22.252,-47.8154
13537,Ipeuna,SP,-22.4355,-47.7128
13540,Corumbatai,SP,-22.2283,-47.623
13550,Analandia,SP,-22.1245,-47.6623
13560,Sao Carlos,SP,-22.015,-47.8902
13561,Sao Carlos,SP,-22.0145,-47.9084
13562,Sao Carlos,SP,-22.005,-47.9147
13563,Sao Carlos,SP,-21.9868,-47.9256
13564,Sao Carlos,SP,-21.9961,-47.901
13565,Sao Carlos,SP,-21.9728,-47.8941
13566,Sao Carlos,SP,-21.9995,-47.8875
13567,Sao Carlos,SP,-22.007,-47.8704
13568,Sao Carlos,SP,-22.0052,-47.8562
13569,Sao Carlos,SP,-22.0169,-47.8746
13570,Sao Carlos,SP,-22.0303,-47.8795
13571,Sao Carlos,SP,-22.0318,-47.8678
13572,Sao Carlos,SP,-22.0425,-47.8921
13573,Sao Carlos,SP,-22.0601,-47.9025
13574,Sao Carlos,SP,-22.0276,-47.9007
13575,Sao Carlos,SP,-22.0335,-47.9089
13578,Agua Vermelha,SP,-21.8936,-47.891
13579,Santa Eudóxia,SP,-22.4362,-46.8282
13580,Ribeirao Bonito,SP,-22.0816,-48.2204
13590,Dourado,SP,-22.1116,-48.3144
13600,Araras,SP,-22.3554,-47.3849
13601,Araras,SP,-22.3701,-47.3889
13602,Araras,SP,-22.3646,-47.395
13603,Araras,SP,-22.3499,-47.4008
13604,Araras,SP,-22.3363,-47.3812
13605,Araras,SP,-22.3464,-47.369
13606,Araras,SP,-22.3541,-47.3351
13607,Araras,SP,-22.3692,-47.3628
13608,Araras,SP,-22.3561,-47.3247
13609,Araras,SP,-22.3795,-47.3799
13610,Leme,SP,-22.1892,-47.3882
13611,Leme,SP,-22.1949,-47.3782
13612,Leme,SP,-22.1936,-47.4047
13613,Leme,SP,-22.1816,-47.4043
13614,Leme,SP,-22.1763,-47.3937
13615,Leme,SP,-22.1685,-47.3812
13616,Leme,SP,-22.1732,-47.3734
13617,Leme,SP,-22.1871,-47.3712
13625,Santa Cruz Da Conceicao,SP,-22.1386,-47.4546
13630,Pirassununga,SP,-21.9945,-47.4282
13631,Pirassununga,SP,-22.0162,-47.424
13632,Pirassununga,SP,-22.0133,-47.4152
13633,Pirassununga,SP,-22.0187,-47.4306
13634,Pirassununga,SP,-22.0011,-47.4369
13635,Pirassununga,SP,-21.974,-47.4271
13636,Pirassununga,SP,-21.9902,-47.4159
13638,Pirassununga,SP,-21.985,-47.4144
13640,Pirassununga,SP,-21.9451,-47.3672
13641,Pirassununga,SP,-21.9318,-47.3698
13643,Pirassununga,SP,-21.9541,-47.3721
13650,Santa Cruz Das Palmeiras,SP,-21.8266,-47.2487
13660,Porto Ferreira,SP,-21.866,-47.4781
13670,Santa Rita Do Passa Quatro,SP,-21.7036,-47.4828
13690,Descalvado,SP,-21.9086,-47.6196
13700,Casa Branca,SP,-21.7892,-47.0723
13705,Lagoa Branca,SP,-21.893,-47.0375
13707,Venda Branca,SP,-21.9485,-47.1178
13710,Tambau,SP,-21.7035,-47.2764
13715,Itobi,SP,-21.7331,-46.9723
13720,Sao Jose Do Rio Pardo,SP,-21.583,-46.9478
13730,Mococa,SP,-21.4667,-47.0053
13731,Mococa,SP,-21.4646,-47.018
13732,Mococa,SP,-21.4565,-47.0141
13733,Mococa,SP,-21.4568,-47.0059
13734,Mococa,SP,-21.4594,-47.0027
13735,Mococa,SP,-21.4729,-46.9971
13736,Mococa,SP,-21.482,-47.0054
13737,Mococa,SP,-21.4876,-47.0087
13738,Mococa,SP,-21.4741,-47.0127
13739,Mococa,SP,-21.4718,-47.0335
13750,Igarai,SP,-21.4087,-46.8109
13755,Sao Benedito Das Areias,SP,-21.3206,-47.029
13760,Tapiratiba,SP,-21.4725,-46.7485
13770,Caconde,SP,-21.5287,-46.6451
13780,Divinolandia,SP,-21.6614,-46.7366
13790,Sao Sebastiao Da Grama,SP,-21.7109,-46.8208
13800,Mogi Mirim,SP,-22.4372,-46.9655
13801,Mogi Mirim,SP,-22.4386,-46.9522
13802,Mogi Mirim,SP,-22.4369,-46.9365
13803,Mogi Mirim,SP,-22.4616,-46.975
13804,Mogi Mirim,SP,-22.5062,-46.9722
13805,Mogi Mirim,SP,-22.4059,-46.9779
13806,Mogi Mirim,SP,-22.42,-46.968
13807,Mogi Mirim,SP,-22.4095,-46.9554
13808,Mogi Mirim,SP,-22.4471,-46.9428
13817,Mogi Mirim,SP,-22.5221,-46.955
13820,Jaguariuna,SP,-22.6929,-46.9829
13822,Jaguariuna,SP,-22.7055,-46.9883
13825,Holambra,SP,-22.633,-47.0526
13830,Santo Antonio De Posse,SP,-22.6056,-46.9204
13835,Conchal,SP,-22.3384,-47.1683
13840,Mogi-Guacu,SP,-22.366,-46.9382
13841,Mogi-Guacu,SP,-22.365,-46.9244
13842,Mogi-Guacu,SP,-22.3848,-46.9264
13843,Mogi-Guacu,SP,-22.3834,-46.936
13844,Mogi-Guacu,SP,-22.3834,-46.9479
13845,Mogi-Guacu,SP,-22.3563,-46.9513
13846,Mogi-Guacu,SP,-22.3328,-46.9497
13847,Mogi-Guacu,SP,-22.3501,-46.9412
13848,Mogi-Guacu,SP,-22.3398,-46.9243
13849,Mogi-Guacu,SP,-22.261,-46.9785
13855,Mogi-Guacu,SP,-22.2913,-47.1204
13857,Estiva Gerbi,SP,-22.2746,-46.9528
13860,Aguai,SP,-22.057,-46.9761
13870,Sao Joao Da Boa Vista,SP,-21.9732,-46.7946
13871,Sao Joao Da Boa Vista,SP,-21.9809,-46.8006
13872,Sao Joao Da Boa Vista,SP,-21.9879,-46.8068
13873,Sao Joao Da Boa Vista,SP,-21.9551,-46.7986
13874,Sao Joao Da Boa Vista,SP,-21.9698,-46.7747
13875,Sao Joao Da Boa Vista,SP,-21.9834,-46.7778
13876,Sao Joao Da Boa Vista,SP,-21.996,-46.7829
13877,Sao Joao Da Boa Vista,SP,-22.0047,-46.8187
13879,Sao Joao Da Boa Vista,SP,-21.8891,-46.8636
13880,Vargem Grande Do Sul,SP,-21.8349,-46.8992
13890,Aguas Da Prata,SP,-21.9401,-46.7139
13895,Sao Roque Da Fartura,SP,-21.8366,-46.744
13900,Amparo,SP,-22.7031,-46.7663
13901,Amparo,SP,-22.7003,-46.7733
13902,Amparo,SP,-22.704,-46.7523
13903,Amparo,SP,-22.7139,-46.7661
13904,Amparo,SP,-22.7161,-46.778
13905,Amparo,SP,-22.7109,-46.8014
13908,Amparo,SP,-22.7216,-46.8442
13909,Amparo,SP,-22.6978,-46.7214
13910,Monte Alegre Do Sul,SP,-22.6989,-46.8465
13911,Jaguariúna,SP,-22.7011,-46.9883
13912,Jaguariuna,SP,-22.6873,-46.9833
13913,Jaguariúna,SP,-22.6713,-46.9566
13914,Jaguariuna,SP,-22.6775,-46.9814
13915,Jaguariuna,SP,-22.6964,-46.9884
13916,Jaguariuna,SP,-22.6847,-46.9967
13917,Jaguariúna,SP,-22.6969,-47.0069
13918,Jaguariúna,SP,-22.7011,-46.9986
13919,Jaguariuna,SP,-22.7094,-46.9867
13920,Pedreira,SP,-22.7403,-46.8968
13930,Serra Negra,SP,-22.6146,-46.7096
13940,Aguas De Lindoia,SP,-22.4772,-46.6194
13950,Lindoia,SP,-22.5234,-46.6464
13960,Socorro,SP,-22.5964,-46.5072
13970,Itapira,SP,-22.4386,-46.8212
13971,Itapira,SP,-22.4203,-46.8217
13972,Itapira,SP,-22.4329,-46.8144
13973,Itapira,SP,-22.4507,-46.8044
13974,Itapira,SP,-22.4378,-46.8289
13975,Itapira,SP,-22.4341,-46.8411
13976,Itapira,SP,-22.4237,-46.8324
13977,Itapira,SP,-22.4469,-46.8366
13986,Barao Ataliba Nogueira,SP,-22.3851,-46.7465
13988,Eleuterio,SP,-22.3296,-46.7233
13990,Espirito Santo Do Pinhal,SP,-22.1933,-46.7532
13995,Santo Antonio Do Jardim,SP,-22.1163,-46.6844
14001,Ribeirão Preto,SP,-21.1761,-47.811
14010,Ribeirao Preto,SP,-21.1795,-47.8086
14015,Ribeirao Preto,SP,-21.1812,-47.8075
14020,Ribeirao Preto,SP,-21.2011,-47.8024
14021,Ribeirao Preto,SP,-21.2138,-47.7949
14022,Ribeirao Preto,SP,-21.2299,-47.7871
14024,Ribeirao Preto,SP,-21.2153,-47.8082
14025,Ribeirao Preto,SP,-21.1936,-47.8152
14026,Ribeirao Preto,SP,-21.2149,-47.8216
14027,Ribeirao Preto,SP,-21.2235,-47.831
14030,Ribeirao Preto,SP,-21.1884,-47.8294
14031,Ribeirao Preto,SP,-21.201,-47.8448
14032,Ribeirao Preto,SP,-21.1844,-47.8901
14033,Ribeirao Preto,SP,-21.1858,-47.7188
14040,Ribeirao Preto,SP,-21.2277,-47.9288
14050,Ribeirao Preto,SP,-21.1729,-47.8237
14051,Ribeirao Preto,SP,-21.1644,-47.8369
14055,Ribeirao Preto,SP,-21.157,-47.8249
14056,Ribeirao Preto,SP,-21.1437,-47.8441
14057,Ribeirao Preto,SP,-21.1328,-47.8464
14060,Ribeirao Preto,SP,-21.1405,-47.8149
14061,Ribeirao Preto,SP,-21.1249,-47.8104
14062,Ribeirao Preto,SP,-21.1183,-47.8192
14065,Ribeirao Preto,SP,-21.134,-47.8323
14066,Ribeirao Preto,SP,-21.1265,-47.8269
14070,Ribeirao Preto,SP,-21.1127,-47.7908
14071,Ribeirao Preto,SP,-21.1111,-47.7994
14072,Ribeirao Preto,SP,-21.0885,-47.7987
14073,Ribeirao Preto,SP,-21.0959,-47.7851
14075,Ribeirao Preto,SP,-21.1402,-47.7911
14076,Ribeirao Preto,SP,-21.1567,-47.7862
14077,Ribeirao Preto,SP,-21.121,-47.7815
14078,Ribeirao Preto,SP,-21.1405,-47.7665
14079,Ribeirao Preto,SP,-21.1341,-47.7458
14080,Ribeirao Preto,SP,-21.1546,-47.8028
14085,Ribeirao Preto,SP,-21.1659,-47.798
14090,Ribeirao Preto,SP,-21.1799,-47.7884
14091,Ribeirao Preto,SP,-21.1901,-47.7879
14092,Ribeirao Preto,SP,-21.1777,-47.7678
14093,Ribeirao Preto,SP,-21.1779,-47.7434
14094,Ribeirao Preto,SP,-21.2525,-47.8179
14095,Ribeirao Preto,SP,-21.191,-47.7679
14096,Ribeirao Preto,SP,-21.2013,-47.778
14097,Ribeirao Preto,SP,-21.2097,-47.741
14098,Ribeirao Preto,SP,-21.2233,-47.7684
14110,Bonfim Paulista,SP,-21.2545,-47.8153
14115,Guatapara,SP,-21.4965,-48.0302
14120,Dumont,SP,-21.2398,-47.9771
14140,Cravinhos,SP,-21.3393,-47.7374
14141,Cravinhos,SP,-21.3431,-47.7285
14150,Serrana,SP,-21.2082,-47.6016
14151,Serrana,SP,-21.1976,-47.5952
14160,Sertaozinho,SP,-21.1372,-47.9892
14161,Sertaozinho,SP,-21.126,-47.9989
14164,Sertaozinho,SP,-21.1192,-47.9937
14165,Sertaozinho,SP,-21.117,-47.9876
14166,Sertaozinho,SP,-21.1311,-47.9816
14169,Sertaozinho,SP,-21.1408,-47.9735
14170,Sertaozinho,SP,-21.1426,-47.9969
14171,Sertaozinho,SP,-21.1521,-47.9872
14173,Sertaozinho,SP,-21.1717,-47.9899
14175,Sertaozinho,SP,-21.1527,-48.002
14176,Sertaozinho,SP,-21.1478,-48.0168
14177,Sertaozinho,SP,-21.1295,-48.0137
14178,Sertaozinho,SP,-21.1148,-48.024
14179,Sertaozinho,SP,-21.0751,-47.901
14180,Pontal,SP,-21.0265,-48.0372
14185,Candia,SP,-17.6564,-45.4305
14200,Sao Simao,SP,-21.4748,-47.5617
14210,Luis Antonio,SP,-21.5543,-47.7019
14220,São Simão,SP,-21.2385,-47.7906
14230,Serra Azul,SP,-21.3119,-47.564
14240,Cajuru,SP,-21.2744,-47.3055
14250,Santa Cruz Da Esperanca,SP,-21.5253,-47.3052
14260,Cassia Dos Coqueiros,SP,-21.2811,-47.1683
14270,Santa Rosa De Viterbo,SP,-21.4835,-47.3687
14300,Batatais,SP,-20.8928,-47.585
14305,Batatais,SP,-20.8837,-47.5743
14307,Batatais,SP,-20.8993,-47.5795
14312,Batatais,SP,-20.9165,-47.5742
14315,Batatais,SP,-20.8978,-47.5903
14340,Brodowski,SP,-20.9889,-47.6546
14350,Altinopolis,SP,-21.0212,-47.3774
14390,Santo Antonio Da Alegria,SP,-21.2473,-47.1256
14400,Franca,SP,-20.5389,-47.4014
14401,Franca,SP,-20.5286,-47.3874
14402,Franca,SP,-20.5237,-47.3643
14403,Franca,SP,-20.5536,-47.3874
14404,Franca,SP,-20.5806,-47.3797
14405,Franca,SP,-20.5288,-47.4111
14406,Franca,SP,-20.5366,-47.4336
14407,Franca,SP,-20.4963,-47.4184
14408,Franca,SP,-20.5127,-47.4373
14409,Franca,SP,-20.4985,-47.3969
14410,Franca,SP,-20.5025,-47.3716
14412,Franca,SP,-20.5523,-47.3604
14415,Patrocinio Paulista,SP,-20.6444,-47.2811
14420,Itirapua,SP,-20.6423,-47.2201
14430,Restinga,SP,-20.6027,-47.482
14440,Sao Jose Da Bela Vista,SP,-20.5935,-47.6417
14445,Ribeirao Corrente,SP,-20.4605,-47.5885
14450,Jeriquara,SP,-20.3083,-47.5909
14460,Cristais Paulista,SP,-20.408,-47.4179
14470,Pedregulho,SP,-20.2484,-47.4767
14490,Rifaina,SP,-20.0797,-47.4247
14500,Ituverava,SP,-20.3314,-47.7894
14505,Sao Benedito Da Cachoeirinha,SP,-20.2463,-47.8722
14530,Miguelopolis,SP,-20.1827,-48.0278
14540,Igarapava,SP,-20.0427,-47.7505
14550,Aramina,SP,-20.0922,-47.7907
14570,Buritizal,SP,-20.1935,-47.71
14580,Guara,SP,-20.4322,-47.8242
14590,Pioneiros,SP,-23.5256,-46.5483
14600,Sao Joaquim Da Barra,SP,-20.5858,-47.8637
14610,Ipua,SP,-20.4455,-48.014
14620,Orlandia,SP,-20.7168,-47.8795
14640,Morro Agudo,SP,-20.7283,-48.0551
14660,Sales Oliveira,SP,-20.7676,-47.8407
14670,Nuporanga,SP,-20.7293,-47.7523
14680,Jardinopolis,SP,-21.0256,-47.7732
14690,Jurucê,SP,-21.058,-47.7481
14700,Bebedouro,SP,-20.9461,-48.4868
14701,Bebedouro,SP,-20.951,-48.4878
14702,Bebedouro,SP,-20.9626,-48.4709
14704,Bebedouro,SP,-20.9623,-48.4903
14706,Bebedouro,SP,-20.9398,-48.5007
14707,Bebedouro,SP,-20.9334,-48.4924
14708,Bebedouro,SP,-20.9212,-48.4972
14709,Bebedouro,SP,-20.9246,-48.4906
14710,Bebedouro,SP,-20.93,-48.4712
14711,Bebedouro,SP,-20.9434,-48.4645
14713,Bebedouro,SP,-20.923,-48.4558
14715,Bebedouro,SP,-21.0519,-48.4768
14716,Bebedouro,SP,-21.0157,-48.6461
14718,Bebedouro,SP,-20.9977,-48.5468
14720,Taiuva,SP,-21.1247,-48.4486
14725,Taiacu,SP,-21.1438,-48.5109
14730,Monte Azul Paulista,SP,-20.9065,-48.6425
14733,Monte Azul Paulista,SP,-20.9057,-48.6433
14735,Severinia,SP,-20.8088,-48.8074
14740,Viradouro,SP,-20.8682,-48.2933
14745,Terra Roxa,SP,-20.7887,-48.3304
14750,Pitangueiras,SP,-21.0099,-48.2193
14760,Ibitiuva,SP,-19.8869,-47.0164
14765,Taquaral,SP,-21.0729,-48.4128
14770,Colina,SP,-20.7162,-48.5353
14775,Jaborandi,SP,-20.6907,-48.4145
14780,Barretos,SP,-20.5563,-48.5719
14781,Barretos,SP,-20.5389,-48.5589
14783,Barretos,SP,-20.5714,-48.5715
14784,Barretos,SP,-20.5782,-48.5579
14785,Barretos,SP,-20.5739,-48.5868
14786,Barretos,SP,-20.5462,-48.6021
14787,Barretos,SP,-20.5423,-48.5775
14789,Barretos,SP,-20.6149,-48.7636
14790,Guaira,SP,-20.325,-48.3201
14795,Colombia,SP,-20.1809,-48.6873
14800,Araraquara,SP,-21.8058,-48.1822
14801,Araraquara,SP,-21.7908,-48.1855
14802,Araraquara,SP,-21.7722,-48.1802
14803,Araraquara,SP,-21.8027,-48.2053
14804,Araraquara,SP,-21.7672,-48.1982
14805,Araraquara,SP,-21.7485,-48.186
14806,Araraquara,SP,-21.7513,-48.1588
14807,Araraquara,SP,-21.8044,-48.1606
14808,Araraquara,SP,-21.8215,-48.1449
14809,Araraquara,SP,-21.7422,-48.1521
14810,Araraquara,SP,-21.7801,-48.1591
14811,Araraquara,SP,-21.7813,-48.1438
14813,Gaviao Peixoto,SP,-21.8384,-48.4927
14815,Ibate,SP,-21.9505,-48.0022
14820,Americo Brasiliense,SP,-21.7332,-48.1099
14825,Santa Lucia,SP,-21.6867,-48.0839
14830,Rincao,SP,-21.5866,-48.075
14835,Motuca,SP,-21.5098,-48.1505
14840,Guariba,SP,-21.3635,-48.2296
14850,Pradopolis,SP,-21.3599,-48.0739
14860,Barrinha,SP,-21.1909,-48.1562
14870,Jaboticabal,SP,-21.2572,-48.321
14871,Jaboticabal,SP,-21.2669,-48.33
14875,Jaboticabal,SP,-21.2524,-48.3386
14876,Jaboticabal,SP,-21.2421,-48.3348
14882,Jaboticabal,SP,-21.2456,-48.3179
14883,Jaboticabal,SP,-21.2462,-48.3089
14884,Jaboticabal,SP,-21.2358,-48.2414
14887,Jaboticabal,SP,-21.2613,-48.307
14890,Jaboticabal,SP,-21.2727,-48.319
14892,Jaboticabal,SP,-21.1649,-48.3775
14896,Jaboticabal,SP,-21.2894,-48.2641
14900,Itapolis,SP,-21.5943,-48.8111
14904,Nova America,SP,-21.5169,-48.6896
14907,Tapinas,SP,-21.4466,-48.7874
14910,Tabatinga,SP,-21.7371,-48.6876
14915,Curupa,SP,-11.3857,-51.3468
14920,Nova Europa,SP,-21.7805,-48.5658
14930,Boa Esperanca Do Sul,SP,-21.9937,-48.3902
14935,Trabiju,SP,-22.0392,-48.3389
14940,Ibitinga,SP,-21.7573,-48.8297
14955,Borborema,SP,-21.6208,-49.0749
14960,Novo Horizonte,SP,-21.4696,-49.2222
14980,Sales,SP,-21.3422,-49.4999
14990,Irapua,SP,-21.2796,-49.4093
15010,Sao Jose Do Rio Preto,SP,-20.8132,-49.3817
15013,Sao Jose Do Rio Preto,SP,-20.829,-49.3305
15014,Sao Jose Do Rio Preto,SP,-20.819,-49.3773
15015,Sao Jose Do Rio Preto,SP,-20.8191,-49.379
15020,Sao Jose Do Rio Preto,SP,-20.8199,-49.4027
15025,Sao Jose Do Rio Preto,SP,-20.8067,-49.3892
15030,Sao Jose Do Rio Preto,SP,-20.7966,-49.3877
15035,Sao Jose Do Rio Preto,SP,-20.8127,-49.415
15038,Sao Jose Do Rio Preto,SP,-20.827,-49.3783
15040,Sao Jose Do Rio Preto,SP,-20.7996,-49.4154
15041,Sao Jose Do Rio Preto,SP,-20.7904,-49.4183
15042,Sao Jose Do Rio Preto,SP,-20.7916,-49.4326
15043,Sao Jose Do Rio Preto,SP,-20.7871,-49.3994
15044,Sao Jose Do Rio Preto,SP,-20.7811,-49.4181
15045,Sao Jose Do Rio Preto,SP,-20.7786,-49.3937
15046,Sao Jose Do Rio Preto,SP,-20.7769,-49.3641
15047,Sao Jose Do Rio Preto,SP,-20.764,-49.4047
15048,Sao Jose Do Rio Preto,SP,-20.8426,-49.4745
15050,Sao Jose Do Rio Preto,SP,-20.7896,-49.3725
15051,Sao Jose Do Rio Preto,SP,-20.7909,-49.3701
15052,Sao Jose Do Rio Preto,SP,-20.7622,-49.3643
15053,Sao Jose Do Rio Preto,SP,-20.7774,-49.3653
15054,Sao Jose Do Rio Preto,SP,-20.7867,-49.3593
15055,Sao Jose Do Rio Preto,SP,-20.7941,-49.3651
15056,Sao Jose Do Rio Preto,SP,-20.7742,-49.3409
15057,Sao Jose Do Rio Preto,SP,-20.7919,-49.3433
15060,Sao Jose Do Rio Preto,SP,-20.8016,-49.3676
15061,Sao Jose Do Rio Preto,SP,-20.8104,-49.3485
15062,Sao Jose Do Rio Preto,SP,-20.8304,-49.3389
15063,Sao Jose Do Rio Preto,SP,-20.812,-49.3379
15064,Sao Jose Do Rio Preto,SP,-20.788,-49.286
15070,Sao Jose Do Rio Preto,SP,-20.818,-49.3623
15075,Sao Jose Do Rio Preto,SP,-20.8216,-49.3529
15076,Sao Jose Do Rio Preto,SP,-20.832,-49.3533
15077,Sao Jose Do Rio Preto,SP,-20.8515,-49.3381
15080,Sao Jose Do Rio Preto,SP,-20.8312,-49.3697
15081,Sao Jose Do Rio Preto,SP,-20.8448,-49.3626
15082,Sao Jose Do Rio Preto,SP,-20.8486,-49.3677
15084,Sao Jose Do Rio Preto,SP,-20.8298,-49.3784
15085,Sao Jose Do Rio Preto,SP,-20.8362,-49.3881
15086,Sao Jose Do Rio Preto,SP,-20.843,-49.382
15090,Sao Jose Do Rio Preto,SP,-20.8355,-49.3947
15091,Sao Jose Do Rio Preto,SP,-20.8371,-49.4032
15092,Sao Jose Do Rio Preto,SP,-20.8362,-49.4133
15093,Sao Jose Do Rio Preto,SP,-20.8554,-49.411
15102,Sao Jose Do Rio Preto,SP,-20.6999,-49.1129
15104,Sao Jose Do Rio Preto,SP,-20.9214,-49.0843
15105,Potirendaba,SP,-21.045,-49.3762
15108,Ipigua,SP,-20.6599,-49.3882
15110,Guapiacu,SP,-20.7945,-49.2246
15115,Bady Bassitt,SP,-20.9171,-49.4508
15120,Neves Paulista,SP,-20.844,-49.6311
15130,Mirassol,SP,-20.8148,-49.5069
15131,Mirassol,SP,-20.8115,-49.5289
15132,Mirassol,SP,-20.8106,-49.5161
15133,Mirassol,SP,-20.8049,-49.4976
15135,Mirassol,SP,-20.8139,-49.5086
15137,Mirassol,SP,-20.8217,-49.4925
15138,Mirassol,SP,-20.825,-49.5008
15140,Balsamo,SP,-20.7372,-49.5822
15145,Mirassolandia,SP,-20.6119,-49.4651
15150,Monte Aprazivel,SP,-20.77,-49.7118
15154,Engenheiro Balduino,SP,-20.6833,-49.6898
15155,Jaci,SP,-20.8847,-49.5719
15160,Poloni,SP,-20.785,-49.8142
15170,Tanabi,SP,-20.6235,-49.652
15180,Sebastianopolis Do Sul,SP,-20.658,-49.9219
15190,Nhandeara,SP,-20.6935,-50.0425
15195,Nhandeara,SP,-20.6884,-50.051
15200,Jose Bonifacio,SP,-21.0578,-49.6899
15210,Nova Alianca,SP,-21.0183,-49.5035
15215,Nova Itapirema,SP,-22.4356,-46.8217
15220,Mendonca,SP,-21.1847,-49.5794
15225,Ubarana,SP,-21.1638,-49.7172
15230,Adolfo,SP,-21.2345,-49.6427
15240,Nipoa,SP,-20.9131,-49.7781
15250,Uniao Paulista,SP,-20.888,-49.8956
15260,Planalto,SP,-21.0329,-49.928
15265,Zacarias,SP,-21.0504,-50.0527
15270,Macaubal,SP,-20.8044,-49.9636
15275,Moncoes,SP,-20.8525,-50.0907
15280,Turiuba,SP,-20.9499,-50.1071
15285,Lourdes,SP,-20.9654,-50.2256
15290,Buritama,SP,-21.0673,-50.1444
15300,General Salgado,SP,-20.647,-50.3626
15310,Magda,SP,-20.6457,-50.2233
15313,Nova Castilho,SP,-20.7645,-50.343
15315,Sao Joao De Iracema,SP,-20.514,-50.3528
15320,Floreal,SP,-20.6768,-50.1492
15330,Gastao Vidigal,SP,-20.7978,-50.1914
15340,Nova Luzitania,SP,-20.8565,-50.2621
15350,Auriflama,SP,-20.6851,-50.5546
15355,Guzolandia,SP,-20.6487,-50.6599
15360,Sud Mennucci,SP,-20.6894,-50.9232
15367,Bandeirantes D'Oeste,SP,-23.1062,-50.378
15370,Pereira Barreto,SP,-20.6421,-51.107
15380,Suzanapolis,SP,-20.5008,-51.0264
15385,Ilha Solteira,SP,-20.4289,-51.3405
15390,Itapura,SP,-20.6431,-51.5071
15397,Itapura,SP,-20.6412,-51.5081
15400,Olimpia,SP,-20.7375,-48.909
15405,Baguacu,SP,-20.6902,-49.0679
15410,Cajobi,SP,-20.8779,-48.811
15417,Monte Verde Paulista,SP,-23.1628,-47.1678
15420,Guaraci,SP,-20.4962,-48.9454
15425,Embauba,SP,-20.9817,-48.8364
15430,Altair,SP,-20.525,-49.0609
15440,Nova Granada,SP,-20.5364,-49.3209
15450,Onda Verde,SP,-20.6082,-49.2981
15460,Icem,SP,-20.3404,-49.1983
15470,Palestina,SP,-20.3897,-49.4345
15480,Orindiuva,SP,-20.1853,-49.3529
15490,Paulo De Faria,SP,-20.0319,-49.4055
15495,Riolandia,SP,-19.9817,-49.6799
15500,Votuporanga,SP,-20.4203,-49.9717
15501,Votuporanga,SP,-20.4318,-49.9746
15502,Votuporanga,SP,-20.4164,-49.985
15503,Votuporanga,SP,-20.3987,-49.9733
15504,Votuporanga,SP,-20.4195,-49.949
15505,Votuporanga,SP,-20.4228,-49.9667
15506,Votuporanga,SP,-20.4221,-49.9991
15507,Votuporanga,SP,-20.4089,-49.9943
15515,Votuporanga,SP,-20.4521,-49.8934
15520,Valentim Gentil,SP,-20.4218,-50.0829
15525,Parisi,SP,-20.306,-50.0112
15530,Cosmorama,SP,-20.48,-49.7762
15540,Alvares Florence,SP,-20.3213,-49.9086
15545,Boa Vista Dos Andradas,SP,-26.2944,-48.8207
15550,Americo De Campos,SP,-20.2994,-49.7326
15560,Pontes Gestal,SP,-20.1844,-49.7028
15570,Cardoso,SP,-20.0809,-49.9127
15580,Mira Estrela,SP,-19.9756,-50.1344
15600,Fernandopolis,SP,-20.2841,-50.2497
15601,Fernandopolis,SP,-20.2933,-50.2563
15603,Fernandopolis,SP,-20.2869,-50.2418
15604,Fernandópolis,SP,-20.3023,-50.2465
15607,Fernandópolis,SP,-20.2777,-50.2459
15608,Fernandopolis,SP,-20.2722,-50.2416
15610,Brasitânia,SP,-20.2799,-50.2558
15612,Fernandópolis,SP,-20.2765,-50.2566
15617,Brasitania,SP,-20.2806,-50.2552
15620,Macedonia,SP,-20.1464,-50.1957
15625,Meridiano,SP,-20.3582,-50.1755
15630,Pedranopolis,SP,-20.2491,-50.1113
15640,Sao Joao Das Duas Pontes,SP,-20.8917,-49.7238
15650,Estrela D'Oeste,SP,-20.2855,-50.3976
15670,Populina,SP,-19.943,-50.5375
15680,Guarani D'Oeste,SP,-20.0747,-50.3394
15685,Ouroeste,SP,-20.0017,-50.3753
15690,Indiapora,SP,-19.9794,-50.2878
15700,Jales,SP,-20.2696,-50.5434
15703,Jales,SP,-20.279,-50.5423
15704,Jales,SP,-20.28,-50.5514
15706,Jales,SP,-20.2699,-50.5587
15707,Jales,SP,-20.2534,-50.5498
15708,Jales,SP,-20.2633,-50.5252
15710,Sao Francisco,SP,-20.3612,-50.6945
15713,Vitoria Brasil,SP,-20.1982,-50.4844
15715,Dirce Reis,SP,-20.4662,-50.6069
15718,Pontalinda,SP,-20.4403,-50.522
15720,Palmeira D'Oeste,SP,-20.4159,-50.7622
15730,Marinopolis,SP,-20.4413,-50.8231
15735,Aparecida D'Oeste,SP,-20.4537,-50.8828
15740,Dolcinopolis,SP,-20.1235,-50.5119
15745,Paranapua,SP,-20.1006,-50.5872
15748,Mesopolis,SP,-19.9667,-50.6213
15750,Santa Albertina,SP,-20.0303,-50.7284
15755,Turmalina,SP,-20.0536,-50.4759
15760,Urania,SP,-20.2465,-50.6435
15763,Aspasia,SP,-20.1605,-50.7259
15765,Santana Da Ponte Pensa,SP,-20.2531,-50.7988
15768,Santa Salete,SP,-20.2456,-50.6901
15770,Tres Fronteiras,SP,-20.2358,-50.8898
15773,Nova Canaa Paulista,SP,-20.3826,-50.9434
15775,Santa Fe Do Sul,SP,-20.2205,-50.9034
15780,Santa Rita D'Oeste,SP,-20.1447,-50.8318
15785,Santa Clara D'Oeste,SP,-20.0925,-50.9271
15790,Rubineia,SP,-20.1723,-51.0008
15800,Catanduva,SP,-21.1414,-48.9753
15801,Catanduva,SP,-21.1376,-48.9814
15802,Catanduva,SP,-21.1434,-48.9953
15803,Catanduva,SP,-21.1287,-48.993
15804,Catanduva,SP,-21.121,-48.9708
15805,Catanduva,SP,-21.1224,-48.9633
15806,Catanduva,SP,-21.1326,-48.9588
15807,Catanduva,SP,-21.1238,-48.9513
15808,Catanduva,SP,-21.1432,-48.9472
15809,Catanduva,SP,-21.1447,-48.9637
15810,Catanduva,SP,-21.1541,-48.9713
15811,Catanduva,SP,-21.1785,-48.9995
15812,Catanduva,SP,-21.1591,-48.993
15813,Catanduva,SP,-21.1289,-49.0172
15816,Catanduva,SP,-21.1593,-48.9449
15820,Pirangi,SP,-21.0956,-48.664
15823,Elisiario,SP,-21.1692,-49.1099
15825,Paraiso,SP,-21.0194,-48.7746
15828,Palmares Paulista,SP,-21.0863,-48.8046
15830,Pindorama,SP,-21.1842,-48.908
15835,Roberto,SP,-21.2547,-48.9794
15840,Itajobi,SP,-21.315,-49.0554
15845,Marapoama,SP,-21.2568,-49.1302
15850,Urupes,SP,-21.204,-49.2931
15855,Sao Joao De Itaguacu,SP,-26.2139,-47.8852
15860,Ibira,SP,-21.0827,-49.2395
15868,Termas De Ibira,SP,-21.081,-49.2416
15870,Catigua,SP,-21.0524,-49.0598
15880,Tabapua,SP,-20.9637,-49.0326
15885,Novais,SP,-20.9954,-48.9193
15890,Uchoa,SP,-20.9541,-49.1742
15895,Cedral,SP,-20.9041,-49.2686
15900,Taquaritinga,SP,-21.4053,-48.5045
15903,Taquaritinga,SP,-21.4483,-48.575
15905,Jurupema,SP,-21.4037,-48.4987
15910,Monte Alto,SP,-21.2635,-48.4955
15915,Aparecida De Monte Alto,SP,-21.5953,-48.1245
15920,Vista Alegre Do Alto,SP,-21.1721,-48.6324
15930,Candido Rodrigues,SP,-21.3245,-48.6322
15940,Fernando Prestes,SP,-21.2671,-48.6867
15945,Agulha,SP,-21.9988,-47.4927
15950,Santa Adelia,SP,-21.2435,-48.8048
15953,Botelho,SP,-21.9759,-47.6751
15960,Ariranha,SP,-21.1896,-48.7877
15970,Santa Ernestina,SP,-21.4611,-48.3902
15980,Dobrada,SP,-21.5186,-48.3922
15990,Matao,SP,-21.6048,-48.3656
15991,Matao,SP,-21.6377,-48.3354
15993,Matao,SP,-21.6228,-48.3646
15995,Matao,SP,-21.5993,-48.3888
15996,Matao,SP,-21.5882,-48.3749
15997,Matao,SP,-21.5922,-48.3569
15999,Matão,SP,-21.5506,-48.5312
16010,Aracatuba,SP,-21.2083,-50.4404
16011,Aracatuba,SP,-21.2066,-50.4244
16012,Aracatuba,SP,-21.2117,-50.4036
16013,Aracatuba,SP,-21.2201,-50.4166
16015,Aracatuba,SP,-21.2127,-50.4341
16016,Aracatuba,SP,-21.2322,-50.4233
16018,Aracatuba,SP,-21.2276,-50.4363
16020,Aracatuba,SP,-21.2227,-50.4465
16021,Aracatuba,SP,-21.2275,-50.4559
16022,Aracatuba,SP,-21.2323,-50.4639
16023,Araçatuba,SP,-21.2283,-50.4719
16025,Aracatuba,SP,-21.2134,-50.4548
16026,Aracatuba,SP,-21.2173,-50.4688
16050,Aracatuba,SP,-21.1966,-50.4425
16052,Aracatuba,SP,-21.1699,-50.4386
16055,Aracatuba,SP,-21.1932,-50.4291
16056,Aracatuba,SP,-21.1867,-50.4284
16057,Aracatuba,SP,-21.1726,-50.4493
16058,Aracatuba,SP,-21.1619,-50.4554
16067,Aracatuba,SP,-21.1782,-50.4515
16070,Aracatuba,SP,-21.2007,-50.4785
16071,Aracatuba,SP,-21.2056,-50.4654
16072,Aracatuba,SP,-21.2018,-50.4581
16074,Aracatuba,SP,-21.1933,-50.4528
16075,Aracatuba,SP,-21.186,-50.4593
16076,Aracatuba,SP,-21.1834,-50.4854
16078,Aracatuba,SP,-21.1708,-50.4697
16080,Araçatuba,SP,-21.1466,-50.4648
16087,Araçatuba,SP,-21.2029,-50.432
16130,Santo Antonio Do Aracangua,SP,-21.078,-50.2419
16200,Birigui,SP,-21.295,-50.3433
16201,Birigui,SP,-21.2718,-50.3306
16202,Birigui,SP,-21.2853,-50.319
16203,Birigui,SP,-21.2971,-50.3251
16204,Birigui,SP,-21.3034,-50.3541
16205,Birigui,SP,-21.3077,-50.3655
16206,Birigui,SP,-21.287,-50.3609
16207,Birigui,SP,-21.3026,-50.3765
16208,Birigui,SP,-21.2449,-50.3222
16210,Bilac,SP,-21.4026,-50.4754
16220,Gabriel Monteiro,SP,-21.5302,-50.5526
16230,Piacatu,SP,-21.5926,-50.5992
16240,Santopolis Do Aguapei,SP,-21.6371,-50.5006
16250,Clementina,SP,-21.5602,-50.4458
16260,Coroados,SP,-21.3555,-50.2846
16265,Brejo Alegre,SP,-21.1676,-50.1854
16270,Glicerio,SP,-21.3822,-50.2092
16280,Juritis,SP,-22.5258,-48.3746
16290,Brauna,SP,-21.5043,-50.3223
16300,Penapolis,SP,-21.4207,-50.0765
16301,Penapolis,SP,-21.427,-50.065
16303,Penapolis,SP,-21.4292,-50.0724
16304,Penapolis,SP,-21.4374,-50.0769
16305,Penapolis,SP,-21.4294,-50.0879
16306,Penapolis,SP,-21.4149,-50.0882
16308,Penapolis,SP,-21.4109,-50.0804
16309,Penapolis,SP,-21.3977,-50.0803
16310,Alto Alegre,SP,-21.5833,-50.1675
16340,Luiziania,SP,-21.6755,-50.3283
16350,Barbosa,SP,-21.2657,-49.9503
16360,Avanhandava,SP,-21.4607,-49.9464
16370,Promissao,SP,-21.541,-49.8569
16400,Lins,SP,-21.6739,-49.7581
16401,Lins,SP,-21.664,-49.7423
16402,Lins,SP,-21.6767,-49.7331
16403,Lins,SP,-21.6896,-49.7451
16404,Lins,SP,-21.6767,-49.7479
16406,Lins,SP,-21.6568,-49.765
16430,Guaicara,SP,-21.6221,-49.796
16440,Sabino,SP,-21.4603,-49.5771
16450,Getulina,SP,-21.7997,-49.9314
16480,Guaimbe,SP,-21.91,-49.8962
16500,Cafelandia,SP,-21.8032,-49.6022
16510,Simoes,SP,-22.2764,-51.4833
16570,Guaranta,SP,-21.8947,-49.5891
16600,Pirajui,SP,-21.9963,-49.4547
16640,Balbinos,SP,-21.9013,-49.3568
16650,Uru,SP,-21.7836,-49.2817
16660,Pongai,SP,-21.7371,-49.3581
16670,Presidente Alves,SP,-22.0979,-49.4386
16680,Avai,SP,-22.1578,-49.3321
16700,Guararapes,SP,-21.2506,-50.6464
16750,Rubiacea,SP,-21.302,-50.7346
16790,Bento De Abreu,SP,-21.2735,-50.8113
16800,Mirandopolis,SP,-21.1325,-51.1032
16830,Tres Aliancas,SP,-23.495,-46.8011
16850,Lavinia,SP,-21.1674,-51.0435
16880,Valparaiso,SP,-21.2259,-50.8669
16900,Andradina,SP,-20.9055,-51.3816
16901,Andradina,SP,-20.8945,-51.3739
16902,Andradina,SP,-20.9053,-51.3587
16903,Andradina,SP,-20.9013,-51.3951
16905,Andradina,SP,-20.8841,-51.3669
16920,Castilho,SP,-20.8668,-51.4918
16940,Nova Independencia,SP,-21.1076,-51.4913
16950,Murutinga Do Sul,SP,-20.9926,-51.2785
16980,Guaracai,SP,-21.0332,-51.208
17010,Bauru,SP,-22.3197,-49.0724
17011,Bauru,SP,-22.3319,-49.0538
17012,Bauru,SP,-22.3365,-49.0594
17013,Bauru,SP,-22.3213,-49.0602
17014,Bauru,SP,-22.3348,-49.0755
17015,Bauru,SP,-22.3265,-49.0731
17016,Bauru,SP,-22.3414,-49.07
17017,Bauru,SP,-22.3472,-49.0597
17018,Bauru,SP,-22.3599,-49.0513
17020,Bauru,SP,-22.3062,-49.0666
17021,Bauru,SP,-22.2988,-49.0777
17022,Bauru,SP,-22.2773,-49.0751
17023,Bauru,SP,-22.2825,-49.0572
17024,Bauru,SP,-22.2969,-49.063
17025,Bauru,SP,-22.3031,-49.0525
17026,Bauru,SP,-22.2947,-49.0457
17027,Bauru,SP,-22.2867,-49.033
17030,Bauru,SP,-22.322,-49.0458
17031,Bauru,SP,-22.3236,-49.0208
17032,Bauru,SP,-22.3225,-49.0293
17033,Bauru,SP,-22.3322,-49.0316
17034,Bauru,SP,-22.3107,-49.0289
17035,Bauru,SP,-22.3221,-49.0006
17037,Bauru,SP,-22.3398,-48.9532
17039,Bauru,SP,-22.3072,-48.9983
17047,Bauru,SP,-22.3364,-49.0434
17048,Bauru,SP,-22.3716,-49.0307
17050,Bauru,SP,-22.3255,-49.0943
17051,Bauru,SP,-22.331,-49.0999
17052,Bauru,SP,-22.3408,-49.0951
17053,Bauru,SP,-22.3658,-49.0747
17054,Bauru,SP,-22.347,-49.0895
17055,Bauru,SP,-22.3391,-49.1108
17056,Bauru,SP,-22.3538,-49.1015
17057,Bauru,SP,-22.3232,-49.1197
17060,Bauru,SP,-22.3151,-49.0824
17063,Bauru,SP,-22.3096,-49.089
17064,Bauru,SP,-22.3042,-49.0902
17065,Bauru,SP,-22.3144,-49.1182
17066,Bauru,SP,-22.3064,-49.1117
17067,Bauru,SP,-22.3094,-49.1022
17110,Bauru,SP,-21.9868,-48.8215
17120,Agudos,SP,-22.471,-48.9862
17123,Agudos,SP,-22.5486,-49.0999
17128,Agudos,SP,-22.4601,-48.9838
17132,Agudos,SP,-22.4676,-48.9834
17150,Paulistania,SP,-22.5781,-49.4034
17160,Arealva,SP,-22.0295,-48.9136
17170,Jacuba,SP,-23.7043,-46.7122
17180,Iacanga,SP,-21.8922,-49.0216
17190,Reginopolis,SP,-21.8815,-49.2647
17201,Jau,SP,-22.2944,-48.5585
17202,Jau,SP,-22.3004,-48.5601
17203,Jau,SP,-22.3032,-48.5712
17204,Jau,SP,-22.2925,-48.5779
17205,Jau,SP,-22.2929,-48.5683
17206,Jau,SP,-22.2664,-48.5685
17207,Jau,SP,-22.2838,-48.5577
17208,Jau,SP,-22.2733,-48.5548
17209,Jau,SP,-22.2752,-48.5436
17210,Jau,SP,-22.2856,-48.5351
17211,Jau,SP,-22.3018,-48.5432
17212,Jau,SP,-22.3171,-48.5469
17213,Jau,SP,-22.3113,-48.5797
17214,Jau,SP,-22.2882,-48.5127
17215,Jau,SP,-22.2673,-48.5476
17220,Jau,SP,-22.3655,-48.6673
17230,Itapui,SP,-22.2346,-48.7218
17240,Bocaina,SP,-22.1419,-48.5278
17250,Bariri,SP,-22.074,-48.7403
17260,Itaju,SP,-21.9817,-48.8053
17270,Boraceia,SP,-22.1961,-48.778
17280,Pederneiras,SP,-22.348,-48.7845
17285,Guaianas,SP,-22.3115,-48.8905
17288,Santelmo,SP,-22.1973,-48.8755
17290,Macatuba,SP,-22.5141,-48.7169
17300,Dois Corregos,SP,-22.368,-48.3863
17310,Guarapua,SP,-22.2504,-48.3846
17320,Mineiros Do Tiete,SP,-22.4134,-48.4513
17340,Barra Bonita,SP,-22.4862,-48.5596
17350,Igaracu Do Tiete,SP,-22.5162,-48.5628
17360,Torrinha,SP,-22.4315,-48.17
17370,Santa Maria Da Serra,SP,-22.5696,-48.1554
17380,Brotas,SP,-22.2822,-48.1251
17390,Brotas,SP,-22.2841,-48.1251
17400,Garca,SP,-22.2115,-49.6586
17405,Jafa,SP,-22.2119,-49.7066
17410,Alvaro De Carvalho,SP,-22.0825,-49.7183
17420,Lupercio,SP,-22.415,-49.8172
17430,Alvinlandia,SP,-22.4421,-49.764
17440,Ubirajara,SP,-22.5276,-49.6618
17450,Galia,SP,-22.2928,-49.5504
17455,Fernao,SP,-22.3603,-49.521
17470,Duartina,SP,-22.4152,-49.4062
17475,Lucianopolis,SP,-22.4308,-49.5219
17479,Duartina,SP,-22.4144,-49.414
17480,Cabralia Paulista,SP,-22.4565,-49.3375
17490,Piratininga,SP,-22.4146,-49.1394
17492,Piratininga,SP,-22.4159,-49.1427
17495,Piratininga,SP,-22.4133,-49.144
17498,Piratininga,SP,-22.4195,-49.1393
17500,Marilia,SP,-22.2181,-49.9502
17501,Marilia,SP,-22.2225,-49.947
17502,Marilia,SP,-22.2235,-49.9585
17503,Marilia,SP,-22.2234,-49.965
17504,Marilia,SP,-22.2139,-49.9585
17505,Marilia,SP,-22.2019,-49.9683
17506,Marilia,SP,-22.2034,-49.9591
17507,Marilia,SP,-22.1909,-49.9637
17509,Marilia,SP,-22.2123,-49.9457
17510,Marilia,SP,-22.1972,-49.9522
17511,Marilia,SP,-22.1791,-49.9569
17512,Marilia,SP,-22.1588,-49.9615
17513,Marilia,SP,-22.2032,-49.9387
17514,Marilia,SP,-22.1856,-49.9263
17515,Marilia,SP,-22.2111,-49.9388
17516,Marilia,SP,-22.2233,-49.9262
17519,Marilia,SP,-22.23,-49.9362
17520,Marilia,SP,-22.2391,-49.925
17521,Marilia,SP,-22.2395,-49.9167
17522,Marilia,SP,-22.2493,-49.9303
17523,Marilia,SP,-22.2517,-49.9386
17524,Marilia,SP,-22.2417,-49.9322
17525,Marilia,SP,-22.235,-49.9659
17526,Marilia,SP,-22.2344,-49.9767
17527,Marilia,SP,-22.2194,-49.9745
17532,Marília,SP,-22.2256,-49.9633
17533,Marilia,SP,-22.1875,-49.979
17539,Marilia,SP,-22.2208,-49.8841
17540,Ocaucu,SP,-22.4398,-49.9204
17550,Julio Mesquita,SP,-22.0109,-49.7901
17560,Vera Cruz,SP,-22.2222,-49.8227
17570,Oriente,SP,-22.1538,-50.094
17580,Pompeia,SP,-22.1037,-50.1789
17590,Queiroz,SP,-21.7989,-50.24
17600,Tupa,SP,-21.9345,-50.514
17601,Tupa,SP,-21.9269,-50.5141
17602,Tupa,SP,-21.9305,-50.4983
17603,Tupa,SP,-21.9421,-50.5008
17604,Tupa,SP,-21.9431,-50.5168
17605,Tupa,SP,-21.9351,-50.5248
17606,Tupa,SP,-21.9285,-50.5257
17607,Tupa,SP,-21.9215,-50.5229
17610,Tupa,SP,-21.9231,-50.503
17625,Tupa,SP,-22.0829,-50.5404
17630,Arco-Iris,SP,-21.7735,-50.4647
17650,Herculandia,SP,-22.0035,-50.3877
17670,Quintana,SP,-22.0696,-50.304
17680,Iacri,SP,-21.858,-50.6889
17690,Bastos,SP,-21.9213,-50.7324
17700,Osvaldo Cruz,SP,-21.7957,-50.8793
17710,Sagres,SP,-21.8831,-50.9556
17720,Salmourao,SP,-21.6243,-50.8589
17730,Parapua,SP,-21.7817,-50.7916
17740,Rinopolis,SP,-21.7254,-50.7238
17760,Inubia Paulista,SP,-21.7694,-50.962
17780,Lucelia,SP,-21.7236,-51.0192
17790,Pracinha,SP,-21.8514,-51.0855
17800,Adamantina,SP,-21.6842,-51.076
17810,Mariapolis,SP,-21.7961,-51.1821
17830,Florida Paulista,SP,-21.6144,-51.1717
17860,Pacaembu,SP,-21.5631,-51.2633
17870,Flora Rica,SP,-21.6768,-51.381
17880,Irapuru,SP,-21.5677,-51.3515
17890,Junqueiropolis,SP,-21.5114,-51.4358
17900,Dracena,SP,-21.4864,-51.5337
17905,Jamaica,SP,-24.2286,-46.8834
17920,Ouro Verde,SP,-21.4898,-51.701
17930,Tupi Paulista,SP,-21.3859,-51.5736
17940,Santa Mercedes,SP,-21.352,-51.7536
17950,Nova Guataporanga,SP,-21.3325,-51.646
17960,Monte Castelo,SP,-21.2995,-51.5678
17970,Sao Joao Do Pau D'Alho,SP,-21.266,-51.6672
17980,Panorama,SP,-21.3619,-51.8569
17990,Pauliceia,SP,-21.3112,-51.8349
18010,Sorocaba,SP,-23.5007,-47.4594
18013,Sorocaba,SP,-23.4911,-47.4301
18015,Sorocaba,SP,-23.5028,-47.4305
18016,Sorocaba,SP,-23.4955,-47.4283
18017,Sorocaba,SP,-23.4926,-47.4109
18020,Sorocaba,SP,-23.5068,-47.4457
18021,Sorocaba,SP,-23.5083,-47.4287
18022,Sorocaba,SP,-23.5247,-47.4406
18023,Sorocaba,SP,-23.5105,-47.3557
18025,Sorocaba,SP,-23.5156,-47.4435
18030,Sorocaba,SP,-23.5105,-47.4597
18031,Sorocaba,SP,-23.517,-47.4578
18035,Sorocaba,SP,-23.501,-47.462
18040,Sorocaba,SP,-23.5055,-47.4697
18043,Sorocaba,SP,-23.5057,-47.4791
18044,Sorocaba,SP,-23.5102,-47.478
18045,Sorocaba,SP,-23.519,-47.4853
18046,Sorocaba,SP,-23.522,-47.4744
18047,Sorocaba,SP,-23.5204,-47.463
18048,Sorocaba,SP,-23.5369,-47.4697
18050,Sorocaba,SP,-23.5149,-47.4995
18051,Sorocaba,SP,-23.518,-47.5035
18052,Sorocaba,SP,-23.5317,-47.4998
18053,Sorocaba,SP,-23.5011,-47.5186
18054,Sorocaba,SP,-23.4937,-47.5236
18055,Sorocaba,SP,-23.4973,-47.5016
18056,Sorocaba,SP,-23.5072,-47.5035
18057,Sorocaba,SP,-23.4799,-47.5098
18060,Sorocaba,SP,-23.4914,-47.4706
18061,Sorocaba,SP,-23.4955,-47.4849
18065,Sorocaba,SP,-23.4855,-47.4795
18066,Sorocaba,SP,-23.4812,-47.4955
18070,Sorocaba,SP,-23.4735,-47.4835
18071,Sorocaba,SP,-23.463,-47.5026
18072,Sorocaba,SP,-23.4335,-47.5092
18073,Sorocaba,SP,-23.3928,-47.5191
18074,Sorocaba,SP,-23.4536,-47.4885
18075,Sorocaba,SP,-23.474,-47.4674
18076,Sorocaba,SP,-23.4642,-47.4715
18077,Sorocaba,SP,-23.454,-47.4737
18078,Sorocaba,SP,-23.4381,-47.4677
18079,Sorocaba,SP,-23.4363,-47.4714
18080,Sorocaba,SP,-23.4852,-47.4599
18081,Sorocaba,SP,-23.4772,-47.4507
18084,Sorocaba,SP,-23.4759,-47.4171
18085,Sorocaba,SP,-23.4724,-47.4337
18086,Sorocaba,SP,-23.4476,-47.4471
18087,Sorocaba,SP,-23.4592,-47.4045
18090,Sorocaba,SP,-23.4816,-47.4482
18095,Sorocaba,SP,-23.489,-47.4488
18103,Sorocaba,SP,-23.4192,-47.4167
18104,Sorocaba,SP,-23.4117,-47.3896
18105,Sorocaba,SP,-23.4016,-47.3793
18108,Sorocaba,SP,-23.4999,-47.3747
18110,Votorantim,SP,-23.5433,-47.4574
18111,Votorantim,SP,-23.535,-47.4403
18112,Votorantim,SP,-23.5299,-47.4337
18113,Votorantim,SP,-23.5381,-47.4148
18114,Votorantim,SP,-23.5437,-47.4363
18115,Votorantim,SP,-23.5615,-47.4506
18116,Votorantim,SP,-23.5511,-47.4625
18117,Votorantim,SP,-23.5693,-47.4602
18118,Votorantim,SP,-23.4755,-46.8531
18119,Votorantim,SP,-23.5465,-47.4922
18120,Mairinque,SP,-23.5365,-47.1889
18125,Aluminio,SP,-23.5239,-47.2566
18130,Sao Roque,SP,-23.5314,-47.1344
18131,Sao Roque,SP,-23.5317,-47.1487
18132,Sao Roque,SP,-23.5179,-47.14
18133,Sao Roque,SP,-23.5185,-47.1286
18134,Sao Roque,SP,-23.524,-47.1309
18135,Sao Roque,SP,-23.5474,-47.122
18136,Sao Roque,SP,-23.5486,-47.1372
18140,Sao Roque,SP,-23.5396,-47.0537
18143,Sao Roque,SP,-23.5602,-47.0877
18145,Sao Roque,SP,-23.5866,-47.1353
18147,Aracariguama,SP,-23.4344,-47.0674
18150,Ibiuna,SP,-23.6603,-47.2168
18155,Paruru,SP,-23.6643,-47.2724
18160,Salto De Pirapora,SP,-23.6501,-47.5777
18170,Piedade,SP,-23.7159,-47.4142
18180,Tapirai,SP,-23.9639,-47.5054
18185,Pilar Do Sul,SP,-23.812,-47.7229
18190,Aracoiaba Da Serra,SP,-23.5153,-47.6102
18195,Capela Do Alto,SP,-23.4779,-47.7393
18200,Itapetininga,SP,-23.5876,-48.0449
18201,Itapetininga,SP,-23.5843,-48.0357
18202,Itapetininga,SP,-23.5872,-48.0196
18203,Itapetininga,SP,-23.5966,-48.0342
18204,Itapetininga,SP,-23.6078,-48.0138
18205,Itapetininga,SP,-23.6009,-48.0511
18206,Itapetininga,SP,-23.6172,-48.0583
18207,Itapetininga,SP,-23.6013,-48.0703
18208,Itapetininga,SP,-23.5918,-48.0688
18209,Itapetininga,SP,-23.5848,-48.0705
18210,Itapetininga,SP,-23.581,-48.0539
18211,Itapetininga,SP,-23.5623,-48.0415
18212,Itapetininga,SP,-23.5718,-48.036
18213,Itapetininga,SP,-23.5727,-48.0237
18214,Itapetininga,SP,-23.5782,-48.012
18215,Itapetininga,SP,-23.5895,-47.9888
18216,Conceição,SP,-22.0429,-47.8929
18217,Rechan,SP,-23.5992,-48.3175
18218,Gramadinho,SP,-23.7707,-48.1296
18220,Alambari,SP,-23.5616,-47.8851
18225,Sarapui,SP,-23.6378,-47.8264
18230,Sao Miguel Arcanjo,SP,-23.8784,-47.9953
18240,Angatuba,SP,-23.4956,-48.4072
18245,Campina Do Monte Alegre,SP,-23.5768,-48.4462
18250,Guarei,SP,-23.3704,-48.1829
18255,Quadra,SP,-23.2939,-48.0575
18260,Porangaba,SP,-23.1804,-48.1248
18265,Torre De Pedra,SP,-23.2457,-48.1961
18270,Tatui,SP,-23.3498,-47.8474
18271,Tatui,SP,-23.3433,-47.8397
18272,Tatui,SP,-23.346,-47.8252
18273,Tatui,SP,-23.3607,-47.8146
18274,Tatui,SP,-23.3734,-47.847
18275,Tatui,SP,-23.3571,-47.8547
18276,Tatui,SP,-23.3603,-47.8675
18277,Tatui,SP,-23.3528,-47.8721
18278,Tatui,SP,-23.344,-47.8615
18279,Tatui,SP,-23.3338,-47.8475
18280,Tatui,SP,-23.3235,-47.8593
18285,Cesario Lange,SP,-23.2262,-47.9551
18290,Buri,SP,-23.7993,-48.6
18300,Capao Bonito,SP,-24.0047,-48.3502
18301,Capao Bonito,SP,-23.9916,-48.3486
18302,Capao Bonito,SP,-23.9861,-48.3528
18303,Capao Bonito,SP,-23.9808,-48.345
18304,Capao Bonito,SP,-24.0066,-48.3377
18305,Capao Bonito,SP,-24.0138,-48.3408
18306,Capao Bonito,SP,-24.0157,-48.3488
18307,Capao Bonito,SP,-24.0117,-48.3505
18310,Guapiara,SP,-24.1877,-48.5314
18315,Ribeirao Grande,SP,-24.1039,-48.367
18320,Apiai,SP,-24.5104,-48.8441
18325,Barra Do Chapeu,SP,-24.4727,-49.0251
18330,Iporanga,SP,-24.58,-48.6053
18360,Itaoca,SP,-24.6401,-48.8389
18380,Ribeira,SP,-24.6577,-49.0078
18385,Itapirapua Paulista,SP,-24.5667,-49.1799
18400,Itapeva,SP,-23.9832,-48.8765
18401,Itapeva,SP,-23.9741,-48.871
18402,Itapeva,SP,-23.9557,-48.8424
18403,Itapeva,SP,-23.9822,-48.8681
18404,Itapeva,SP,-23.9913,-48.8683
18405,Itapeva,SP,-23.9943,-48.8774
18406,Itapeva,SP,-23.9956,-48.8851
18407,Itapeva,SP,-23.99,-48.8911
18408,Itapeva,SP,-23.9956,-48.9032
18409,Itapeva,SP,-23.9831,-48.8889
18410,Itapeva,SP,-23.9777,-48.8871
18411,Itapeva,SP,-23.9714,-48.8836
18412,Itapeva,SP,-23.9691,-48.9083
18420,Guarizinho,SP,-23.7136,-48.8525
18425,Taquarivai,SP,-23.9258,-48.698
18430,Ribeirao Branco,SP,-24.1909,-48.8114
18435,Nova Campina,SP,-24.1218,-48.9049
18440,Itabera,SP,-23.8652,-49.1409
18460,Itarare,SP,-24.1115,-49.3314
18470,Riversul,SP,-23.829,-49.4344
18475,Bom Sucesso De Itararé,SP,-24.3193,-49.1402
18480,Itaporanga,SP,-23.7055,-49.4864
18490,Barao De Antonina,SP,-23.6299,-49.5622
18500,Laranjal Paulista,SP,-23.0496,-47.8376
18510,Maristela,SP,-23.0388,-47.8939
18520,Cerquilho,SP,-23.1663,-47.7467
18530,Tiete,SP,-23.1016,-47.7118
18535,Jumirim,SP,-23.0819,-47.7943
18540,Porto Feliz,SP,-23.212,-47.5221
18550,Boituva,SP,-23.2874,-47.6706
18560,Ipero,SP,-23.366,-47.6756
18570,Conchas,SP,-23.0191,-48.0109
18580,Pereiras,SP,-23.0745,-47.9754
18590,Bofete,SP,-23.1106,-48.2625
18600,Botucatu,SP,-22.8875,-48.4411
18601,Botucatu,SP,-22.8926,-48.4328
18602,Botucatu,SP,-22.894,-48.4444
18603,Botucatu,SP,-22.8825,-48.4512
18604,Botucatu,SP,-22.8758,-48.4276
18605,Botucatu,SP,-22.917,-48.4417
18606,Botucatu,SP,-22.9017,-48.4519
18607,Botucatu,SP,-22.8904,-48.4631
18608,Botucatu,SP,-22.8661,-48.4607
18609,Botucatu,SP,-22.8649,-48.4488
18610,Botucatu,SP,-22.8599,-48.4421
18611,Botucatu,SP,-22.8749,-48.4358
18615,Botucatu,SP,-22.896,-48.4407
18618,Botucatu,SP,-22.8988,-48.4949
18619,Botucatu,SP,-22.7811,-48.4
18620,Anhembi,SP,-22.7906,-48.1292
18630,Piramboia,SP,-22.9363,-48.1622
18640,Pardinho,SP,-23.09,-48.3841
18650,Sao Manuel,SP,-22.7403,-48.5718
18655,Aparecida De Sao Manuel,SP,-22.7311,-48.6107
18660,Pratania,SP,-22.8119,-48.6675
18670,Areiopolis,SP,-22.6737,-48.6659
18675,Borebi,SP,-22.5715,-48.9717
18680,Lencois Paulista,SP,-22.5937,-48.7997
18681,Lencois Paulista,SP,-22.5991,-48.7875
18682,Lencois Paulista,SP,-22.6099,-48.7962
18683,Lencois Paulista,SP,-22.6014,-48.8071
18684,Lencois Paulista,SP,-22.5852,-48.8146
18685,Lencois Paulista,SP,-22.5813,-48.8103
18686,Lencois Paulista,SP,-22.5964,-48.7854
18688,Alfredo Guedes,SP,-22.5933,-48.7936
18690,Itatinga,SP,-23.1033,-48.6141
18700,Avare,SP,-23.1046,-48.9245
18701,Avare,SP,-23.1038,-48.9142
18702,Avare,SP,-23.112,-48.9059
18703,Avare,SP,-23.1231,-48.9314
18704,Avare,SP,-23.1152,-48.936
18705,Avare,SP,-23.1004,-48.9346
18706,Avare,SP,-23.0864,-48.931
18707,Avare,SP,-23.0848,-48.9243
18708,Avare,SP,-23.0845,-48.9148
18710,Arandu,SP,-23.1366,-49.0544
18720,Paranapanema,SP,-23.3888,-48.7344
18725,Holambra Ii,SP,-22.9942,-47.5914
18730,Itai,SP,-23.418,-49.091
18740,Taquarituba,SP,-23.5323,-49.2463
18745,Coronel Macedo,SP,-23.6306,-49.3132
18760,Cerqueira Cesar,SP,-23.0341,-49.1623
18770,Aguas De Santa Barbara,SP,-22.8774,-49.2401
18775,Iaras,SP,-22.872,-49.1564
18780,Manduri,SP,-23.0063,-49.3184
18790,Oleo,SP,-22.9405,-49.3404
18800,Piraju,SP,-23.1982,-49.3828
18830,Tejupa,SP,-23.3754,-49.3284
18840,Sarutaia,SP,-23.2746,-49.477
18860,Timburi,SP,-23.2065,-49.6031
18870,Fartura,SP,-23.3887,-49.5107
18890,Taguai,SP,-23.4535,-49.4055
18900,Santa Cruz Do Rio Pardo,SP,-22.8963,-49.6242
18910,Sodrelia,SP,-22.9558,-49.5383
18915,Caporanga,SP,-22.7158,-49.5717
18935,Espirito Santo Do Turvo,SP,-22.6951,-49.4304
18940,Sao Pedro Do Turvo,SP,-22.7351,-49.6427
18950,Ipaussu,SP,-23.0552,-49.6272
18960,Bernardino De Campos,SP,-23.0155,-49.4774
18970,Chavantes,SP,-23.0394,-49.7081
18980,Irape,SP,-23.0578,-49.7324
18990,Canitar,SP,-23.0053,-49.7834
19010,Presidente Prudente,SP,-22.1227,-51.3864
19013,Presidente Prudente,SP,-22.1357,-51.392
19014,Presidente Prudente,SP,-22.1294,-51.3969
19015,Presidente Prudente,SP,-22.1213,-51.3949
19020,Presidente Prudente,SP,-22.1135,-51.3865
19023,Presidente Prudente,SP,-22.1107,-51.3991
19024,Presidente Prudente,SP,-22.1007,-51.3945
19025,Presidente Prudente,SP,-22.1003,-51.4074
19026,Presidente Prudente,SP,-22.099,-51.4165
19027,Presidente Prudente,SP,-22.1123,-51.4212
19028,Presidente Prudente,SP,-22.0847,-51.4327
19029,Presidente Prudente,SP,-22.0771,-51.4155
19030,Presidente Prudente,SP,-22.1174,-51.3777
19031,Presidente Prudente,SP,-22.1287,-51.379
19033,Presidente Prudente,SP,-22.0966,-51.3888
19034,Presidente Prudente,SP,-22.0881,-51.383
19035,Presidente Prudente,SP,-22.1254,-51.3729
19036,Presidente Prudente,SP,-22.113,-51.3939
19040,Presidente Prudente,SP,-22.1327,-51.3842
19041,Presidente Prudente,SP,-22.1377,-51.3792
19042,Presidente Prudente,SP,-22.1362,-51.3725
19043,Presidente Prudente,SP,-22.1555,-51.3852
19045,Presidente Prudente,SP,-22.1448,-51.381
19046,Presidente Prudente,SP,-22.1429,-51.3853
19050,Presidente Prudente,SP,-22.1366,-51.4008
19051,Presidente Prudente,SP,-22.1431,-51.4588
19053,Presidente Prudente,SP,-22.1468,-51.4136
19057,Presidente Prudente,SP,-22.1168,-51.4403
19060,Presidente Prudente,SP,-22.1219,-51.4138
19061,Presidente Prudente,SP,-22.1279,-51.4102
19062,Presidente Prudente,SP,-22.133,-51.4261
19063,Presidente Prudente,SP,-22.1281,-51.4414
19064,Presidente Prudente,SP,-22.1535,-51.4532
19065,Presidente Prudente,SP,-22.1082,-51.4319
19066,Presidente Prudente,SP,-22.1092,-51.4291
19067,Presidente Prudente,SP,-22.1222,-51.4276
19068,Presidente Prudente,SP,-22.1024,-51.4263
19070,Presidente Prudente,SP,-22.1395,-51.4207
19085,Presidente Prudente,SP,-22.1108,-51.4396
19097,Presidente Prudente,SP,-22.0743,-51.3594
19100,Presidente Prudente,SP,-22.0882,-51.4006
19110,Presidente Prudente,SP,-22.0887,-51.3676
19120,Floresta Do Sul,SP,-22.3878,-50.1348
19130,Eneida,SP,-21.915,-51.301
19140,Presidente Prudente,SP,-21.8031,-51.3004
19160,Alvares Machado,SP,-22.077,-51.4676
19180,Alfredo Marcondes,SP,-21.9543,-51.4162
19190,Santo Expedito,SP,-21.8519,-51.3946
19200,Pirapozinho,SP,-22.2759,-51.4985
19210,Tarabai,SP,-22.3045,-51.5583
19220,Narandiba,SP,-22.4065,-51.5239
19230,Estrela Do Norte,SP,-22.4891,-51.6615
19250,Sandovalina,SP,-22.4562,-51.7634
19260,Mirante Do Paranapanema,SP,-22.2952,-51.9116
19265,Costa Machado,SP,-22.2163,-51.8344
19270,Cuiaba Paulista,SP,-22.2854,-52.1029
19273,Rosana,SP,-22.5739,-53.0446
19274,Primavera,SP,-21.6463,-49.3827
19275,Euclides Da Cunha Paulista,SP,-22.5706,-52.3908
19280,Teodoro Sampaio,SP,-22.5297,-52.1724
19295,Teodoro Sampaio,SP,-22.5407,-52.1807
19300,Presidente Bernardes,SP,-22.0085,-51.5563
19330,Nova Patria,SP,-22.22,-51.6415
19350,Emilianopolis,SP,-21.8304,-51.4831
19360,Santo Anastacio,SP,-21.9769,-51.6525
19380,Ribeirao Dos Indios,SP,-21.8318,-51.6017
19400,Presidente Venceslau,SP,-21.8743,-51.845
19410,Piquerobi,SP,-21.8764,-51.7244
19430,Maraba Paulista,SP,-22.11,-51.9725
19450,Caiua,SP,-21.8317,-51.9901
19470,Presidente Epitacio,SP,-21.7736,-52.1157
19490,Campinal,SP,-22.8634,-47.0554
19500,Martinopolis,SP,-22.1481,-51.1695
19505,Tecainda,SP,-22.002,-51.1359
19530,Caiabu,SP,-22.0161,-51.236
19540,Iubatinga,SP,-21.7756,-48.8184
19560,Indiana,SP,-22.1749,-51.2555
19570,Regente Feijo,SP,-22.2219,-51.3034
19575,Espigao,SP,-22.1955,-51.3567
19580,Anhumas,SP,-22.2961,-51.387
19590,Taciba,SP,-22.3898,-51.2896
19600,Rancharia,SP,-22.2293,-50.8947
19610,Agisse,SP,-23.5373,-48.5449
19620,Gardenia,SP,-22.222,-50.8955
19640,Iepe,SP,-22.6604,-51.0753
19645,Nantes,SP,-22.6196,-51.2381
19680,Joao Ramalho,SP,-22.2494,-50.7683
19700,Paraguacu Paulista,SP,-22.4213,-50.5807
19740,Borá,SP,-22.2714,-50.5312
19750,Lutecia,SP,-22.3395,-50.3924
19770,Oscar Bressane,SP,-22.3144,-50.2771
19780,Quata,SP,-22.2473,-50.7006
19800,Assis,SP,-22.6656,-50.4152
19801,Assis,SP,-22.6702,-50.4113
19802,Assis,SP,-22.6694,-50.4269
19803,Assis,SP,-22.6757,-50.4376
19804,Assis,SP,-22.6639,-50.4358
19806,Assis,SP,-22.6555,-50.4257
19807,Assis,SP,-22.6454,-50.4239
19810,Assis,SP,-22.6336,-50.4211
19812,Assis,SP,-22.6395,-50.3965
19813,Assis,SP,-22.645,-50.4026
19814,Assis,SP,-22.6574,-50.4097
19815,Assis,SP,-22.6557,-50.3954
19816,Assis,SP,-22.6639,-50.3998
19820,Taruma,SP,-22.7489,-50.579
19830,Echapora,SP,-22.43,-50.2054
19840,Maracai,SP,-22.6151,-50.6681
19845,Maracaí,SP,-24.0076,-50.4773
19860,Cruzalia,SP,-22.7435,-50.7879
19865,Pedrinhas Paulista,SP,-22.8153,-50.7913
19870,Florinia,SP,-22.9021,-50.727
19880,Candido Mota,SP,-22.7511,-50.3867
19882,Nova Alexandria,SP,-22.6973,-50.2917
19885,Frutal Do Campo,SP,-22.8419,-50.5173
19900,Ourinhos,SP,-22.9811,-49.867
19901,Ourinhos,SP,-22.9911,-49.8692
19902,Ourinhos,SP,-22.9938,-49.8608
19904,Ourinhos,SP,-23.0132,-49.8849
19905,Ourinhos,SP,-22.9966,-49.8834
19906,Ourinhos,SP,-22.9847,-49.8818
19907,Ourinhos,SP,-22.9745,-49.8814
19908,Ourinhos,SP,-22.9742,-49.9084
19909,Ourinhos,SP,-22.9695,-49.9037
19910,Ourinhos,SP,-22.9652,-49.8926
19911,Ourinhos,SP,-22.9675,-49.8714
19912,Ourinhos,SP,-22.9803,-49.8604
19913,Ourinhos,SP,-22.9814,-49.8536
19914,Ourinhos,SP,-22.9692,-49.8568
19915,Ourinhos,SP,-22.9585,-49.8636
19920,Salto Grande,SP,-22.8868,-49.9822
19930,Ribeirao Do Sul,SP,-22.7819,-49.8
19940,Ibirarema,SP,-22.8137,-50.0728
19960,Campos Novos Paulista,SP,-22.6053,-49.9996
19970,Palmital,SP,-22.7865,-50.2183
19990,Platina,SP,-22.634,-50.2033
20010,Rio De Janeiro,RJ,-22.9026,-43.1786
20011,Rio De Janeiro,RJ,-22.905,-43.1761
20020,Rio De Janeiro,RJ,-22.9075,-43.1732
20021,Rio De Janeiro,RJ,-22.9124,-43.1735
20030,Rio De Janeiro,RJ,-22.9099,-43.1737
20031,Rio De Janeiro,RJ,-22.9096,-43.1777
20040,Rio De Janeiro,RJ,-22.9057,-43.1772
20041,Rio De Janeiro,RJ,-22.9032,-43.1786
20050,Rio De Janeiro,RJ,-22.9057,-43.1793
20051,Rio De Janeiro,RJ,-22.9031,-43.183
20056,Rio De Janeiro,RJ,-22.9138,-43.2508
20060,Rio De Janeiro,RJ,-22.9074,-43.2211
20061,Rio De Janeiro,RJ,-22.9058,-43.1856
20070,Rio De Janeiro,RJ,-22.9023,-43.1793
20071,Rio De Janeiro,RJ,-22.9021,-43.1815
20080,Rio De Janeiro,RJ,-22.9012,-43.185
20081,Rio De Janeiro,RJ,-22.8977,-43.1833
20090,Rio De Janeiro,RJ,-22.8991,-43.1794
20091,Rio De Janeiro,RJ,-22.9002,-43.1783
20203,Rio De Janeiro,RJ,-22.7953,-43.3406
20210,Rio De Janeiro,RJ,-22.9087,-43.201
20211,Rio De Janeiro,RJ,-22.9115,-43.1984
20220,Rio De Janeiro,RJ,-22.8998,-43.2008
20221,Rio De Janeiro,RJ,-22.8995,-43.1971
20230,Rio De Janeiro,RJ,-22.9129,-43.1883
20231,Rio De Janeiro,RJ,-22.9126,-43.1863
20240,Rio De Janeiro,RJ,-22.9178,-43.1891
20241,Rio De Janeiro,RJ,-22.922,-43.1857
20250,Rio De Janeiro,RJ,-22.9193,-43.2125
20251,Rio De Janeiro,RJ,-22.9222,-43.2002
20260,Rio De Janeiro,RJ,-22.9193,-43.2154
20261,Rio De Janeiro,RJ,-22.924,-43.2135
20270,Rio De Janeiro,RJ,-22.9162,-43.218
20271,Rio De Janeiro,RJ,-22.9157,-43.2252
20350,Rio De Janeiro,RJ,-22.9075,-43.2688
20396,Rio De Janeiro,RJ,-22.7636,-43.1081
20397,Rio De Janeiro,RJ,-22.7567,-43.1083
20510,Rio De Janeiro,RJ,-22.9303,-43.2428
20511,Rio De Janeiro,RJ,-22.9284,-43.2405
20520,Rio De Janeiro,RJ,-22.9263,-43.2318
20521,Rio De Janeiro,RJ,-22.9279,-43.232
20530,Rio De Janeiro,RJ,-22.9377,-43.2489
20531,Rio De Janeiro,RJ,-22.9582,-43.2703
20535,Rio De Janeiro,RJ,-22.8778,-43.2731
20540,Rio De Janeiro,RJ,-22.9226,-43.2439
20541,Rio De Janeiro,RJ,-22.9228,-43.2461
20550,Rio De Janeiro,RJ,-22.9168,-43.2316
20551,Rio De Janeiro,RJ,-22.9144,-43.2457
20560,Rio De Janeiro,RJ,-22.9186,-43.2572
20561,Rio De Janeiro,RJ,-22.9237,-43.2795
20710,Rio De Janeiro,RJ,-22.9083,-43.2764
20715,Rio De Janeiro,RJ,-22.9122,-43.2687
20720,Rio De Janeiro,RJ,-22.9066,-43.2882
20723,Rio De Janeiro,RJ,-22.9083,-43.2884
20725,Rio De Janeiro,RJ,-22.9064,-43.2825
20730,Rio De Janeiro,RJ,-22.9023,-43.2984
20735,Rio De Janeiro,RJ,-22.9002,-43.2862
20740,Rio De Janeiro,RJ,-22.8962,-43.3127
20745,Rio De Janeiro,RJ,-22.9036,-43.3069
20746,Rio De Janeiro,RJ,-22.8983,-43.3057
20750,Rio De Janeiro,RJ,-22.8752,-43.3008
20751,Rio De Janeiro,RJ,-22.8839,-43.3054
20755,Rio De Janeiro,RJ,-22.8887,-43.2971
20756,Rio De Janeiro,RJ,-22.8893,-43.3045
20760,Rio De Janeiro,RJ,-22.8792,-43.2859
20761,Rio De Janeiro,RJ,-22.8701,-43.2972
20765,Rio De Janeiro,RJ,-22.8707,-43.2861
20766,Rio De Janeiro,RJ,-22.8657,-43.2893
20770,Rio De Janeiro,RJ,-22.8926,-43.286
20771,Rio De Janeiro,RJ,-22.8865,-43.2816
20775,Rio De Janeiro,RJ,-22.8948,-43.2775
20776,Rio De Janeiro,RJ,-22.9893,-43.3486
20780,Rio De Janeiro,RJ,-22.8965,-43.2722
20785,Rio De Janeiro,RJ,-22.8866,-43.2678
20910,Rio De Janeiro,RJ,-22.8995,-43.2305
20911,Rio De Janeiro,RJ,-22.8931,-43.2422
20920,Rio De Janeiro,RJ,-22.8952,-43.2319
20921,Rio De Janeiro,RJ,-22.8937,-43.2315
20930,Rio De Janeiro,RJ,-22.89,-43.2288
20931,Rio De Janeiro,RJ,-22.8805,-43.2177
20932,Rio De Janeiro,RJ,-22.8533,-43.3974
20940,Rio De Janeiro,RJ,-22.9018,-43.2192
20941,Rio De Janeiro,RJ,-22.905,-43.2183
20943,Rio De Janeiro,RJ,-22.9076,-43.2359
20950,Rio De Janeiro,RJ,-22.904,-43.2556
20960,Rio De Janeiro,RJ,-22.8991,-43.2493
20961,Rio De Janeiro,RJ,-22.8989,-43.2605
20970,Rio De Janeiro,RJ,-22.8949,-43.299
20972,Rio De Janeiro,RJ,-22.9081,-43.2602
20973,Rio De Janeiro,RJ,-22.8948,-43.3046
20975,Rio De Janeiro,RJ,-22.8944,-43.2516
21010,Rio De Janeiro,RJ,-22.8238,-43.3063
21011,Rio De Janeiro,RJ,-22.8277,-43.2864
21012,Rio De Janeiro,RJ,-22.835,-43.3126
21020,Rio De Janeiro,RJ,-22.8358,-43.2761
21021,Rio De Janeiro,RJ,-22.8421,-43.2651
21030,Rio De Janeiro,RJ,-22.85,-43.2634
21031,Rio De Janeiro,RJ,-22.8483,-43.2561
21032,Rio De Janeiro,RJ,-22.8604,-43.2557
21040,Rio De Janeiro,RJ,-22.8583,-43.2527
21041,Rio De Janeiro,RJ,-22.8714,-43.2587
21042,Rio De Janeiro,RJ,-22.8649,-43.2487
21043,Rio De Janeiro,RJ,-22.8866,-43.2773
21044,Rio De Janeiro,RJ,-22.8577,-43.2672
21046,Rio De Janeiro,RJ,-22.8718,-43.25
21050,Rio De Janeiro,RJ,-22.876,-43.2601
21051,Rio De Janeiro,RJ,-22.8742,-43.2673
21060,Rio De Janeiro,RJ,-22.8573,-43.2636
21061,Rio De Janeiro,RJ,-22.8664,-43.2716
21065,Rio De Janeiro,RJ,-22.8751,-43.4138
21070,Rio De Janeiro,RJ,-22.8439,-43.2838
21071,Rio De Janeiro,RJ,-22.8607,-43.2876
21072,Rio De Janeiro,RJ,-22.8591,-43.3367
21073,Rio De Janeiro,RJ,-22.8508,-43.2705
21200,Rio De Janeiro,RJ,-22.8535,-43.3039
21210,Rio De Janeiro,RJ,-22.8437,-43.3024
21211,Rio De Janeiro,RJ,-22.8368,-43.308
21215,Rio De Janeiro,RJ,-22.8338,-43.296
21220,Rio De Janeiro,RJ,-22.8494,-43.3135
21221,Rio De Janeiro,RJ,-22.8461,-43.3105
21230,Rio De Janeiro,RJ,-22.8267,-43.3225
21231,Rio De Janeiro,RJ,-22.8315,-43.3222
21235,Rio De Janeiro,RJ,-22.8379,-43.3223
21236,Rio De Janeiro,RJ,-22.8397,-43.3371
21240,Rio De Janeiro,RJ,-22.8111,-43.3262
21241,Rio De Janeiro,RJ,-22.8135,-43.308
21250,Rio De Janeiro,RJ,-22.8246,-43.3067
21310,Rio De Janeiro,RJ,-22.8791,-43.3394
21311,Rio De Janeiro,RJ,-22.8892,-43.3276
21320,Rio De Janeiro,RJ,-22.8929,-43.3476
21321,Rio De Janeiro,RJ,-22.8951,-43.3575
21330,Rio De Janeiro,RJ,-22.8829,-43.3642
21331,Rio De Janeiro,RJ,-22.8735,-43.3657
21340,Rio De Janeiro,RJ,-22.871,-43.3568
21341,Rio De Janeiro,RJ,-22.8824,-43.3495
21350,Rio De Janeiro,RJ,-22.8779,-43.3302
21351,Rio De Janeiro,RJ,-22.8704,-43.343
21360,Rio De Janeiro,RJ,-22.8669,-43.3348
21361,Rio De Janeiro,RJ,-22.8533,-43.3282
21370,Rio De Janeiro,RJ,-22.87,-43.32
21371,Rio De Janeiro,RJ,-22.8511,-43.3262
21380,Rio De Janeiro,RJ,-22.8833,-43.3195
21381,Rio De Janeiro,RJ,-22.8791,-43.3147
21440,Rio De Janeiro,RJ,-22.8626,-43.2539
21510,Rio De Janeiro,RJ,-22.8425,-43.3535
21511,Rio De Janeiro,RJ,-22.8441,-43.3522
21512,Rio De Janeiro,RJ,-22.8415,-43.362
21515,Rio De Janeiro,RJ,-22.839,-43.3559
21520,Rio De Janeiro,RJ,-22.811,-43.3619
21521,Rio De Janeiro,RJ,-22.8249,-43.3489
21525,Rio De Janeiro,RJ,-22.8224,-43.3554
21530,Rio De Janeiro,RJ,-22.8288,-43.3463
21531,Rio De Janeiro,RJ,-22.8502,-43.4025
21532,Rio De Janeiro,RJ,-22.8131,-43.3604
21535,Rio De Janeiro,RJ,-22.8194,-43.3541
21540,Rio De Janeiro,RJ,-22.8521,-43.3428
21545,Rio De Janeiro,RJ,-22.8433,-43.3434
21550,Rio De Janeiro,RJ,-22.8621,-43.3562
21555,Rio De Janeiro,RJ,-22.8551,-43.3635
21557,Rio De Janeiro,RJ,-22.8562,-43.375
21610,Rio De Janeiro,RJ,-22.867,-43.3719
21615,Rio De Janeiro,RJ,-22.8621,-43.3914
21616,Rio De Janeiro,RJ,-22.8539,-43.3968
21620,Rio De Janeiro,RJ,-22.8394,-43.4049
21625,Rio De Janeiro,RJ,-22.8326,-43.4028
21630,Rio De Janeiro,RJ,-22.8256,-43.4116
21635,Rio De Janeiro,RJ,-22.8329,-43.4123
21640,Rio De Janeiro,RJ,-22.8346,-43.3928
21645,Rio De Janeiro,RJ,-22.8214,-43.3976
21650,Rio De Janeiro,RJ,-22.8169,-43.3743
21655,Rio De Janeiro,RJ,-22.8186,-43.3826
21660,Rio De Janeiro,RJ,-22.84,-43.377
21665,Rio De Janeiro,RJ,-22.8343,-43.378
21670,Rio De Janeiro,RJ,-22.8498,-43.3809
21675,Rio De Janeiro,RJ,-22.849,-43.3744
21710,Rio De Janeiro,RJ,-22.877,-43.4253
21715,Rio De Janeiro,RJ,-22.8795,-43.4403
21720,Rio De Janeiro,RJ,-22.8651,-43.447
21721,Rio De Janeiro,RJ,-22.8754,-43.2806
21725,Rio De Janeiro,RJ,-22.8592,-43.4567
21730,Rio De Janeiro,RJ,-22.8644,-43.4348
21735,Rio De Janeiro,RJ,-22.8715,-43.4297
21740,Rio De Janeiro,RJ,-22.8843,-43.3875
21741,Rio De Janeiro,RJ,-22.8896,-43.3951
21745,Rio De Janeiro,RJ,-22.8795,-43.4101
21746,Rio De Janeiro,RJ,-22.8858,-43.411
21750,Rio De Janeiro,RJ,-22.8787,-43.4158
21755,Rio De Janeiro,RJ,-22.8839,-43.4191
21760,Rio De Janeiro,RJ,-22.8904,-43.4206
21765,Rio De Janeiro,RJ,-22.8909,-43.4307
21770,Rio De Janeiro,RJ,-22.8923,-43.4421
21775,Rio De Janeiro,RJ,-22.887,-43.4466
21785,Rio De Janeiro,RJ,-22.8721,-43.4552
21810,Rio De Janeiro,RJ,-22.8792,-43.4593
21815,Rio De Janeiro,RJ,-22.8855,-43.4577
21820,Rio De Janeiro,RJ,-22.8819,-43.469
21825,Rio De Janeiro,RJ,-22.8922,-43.4709
21830,Rio De Janeiro,RJ,-22.8801,-43.4836
21831,Rio De Janeiro,RJ,-22.8898,-43.4839
21832,Rio De Janeiro,RJ,-22.895,-43.4908
21833,Rio De Janeiro,RJ,-22.8815,-43.4945
21840,Rio De Janeiro,RJ,-22.8684,-43.4692
21842,Rio De Janeiro,RJ,-22.8684,-43.4799
21843,Rio De Janeiro,RJ,-22.8709,-43.4833
21845,Rio De Janeiro,RJ,-22.8745,-43.4527
21850,Rio De Janeiro,RJ,-22.8594,-43.4868
21852,Rio De Janeiro,RJ,-22.8631,-43.4696
21853,Rio De Janeiro,RJ,-22.8571,-43.4864
21854,Rio De Janeiro,RJ,-22.8456,-43.495
21860,Rio De Janeiro,RJ,-22.8624,-43.4673
21862,Rio De Janeiro,RJ,-22.8647,-43.4664
21863,Rio De Janeiro,RJ,-22.851,-43.4669
21864,Rio De Janeiro,RJ,-22.8538,-43.461
21865,Rio De Janeiro,RJ,-22.853,-43.4704
21866,Rio De Janeiro,RJ,-22.8591,-43.4788
21870,Rio De Janeiro,RJ,-22.871,-43.4585
21875,Rio De Janeiro,RJ,-22.8734,-43.4537
21910,Rio De Janeiro,RJ,-22.7978,-43.1814
21911,Rio De Janeiro,RJ,-22.7901,-43.1726
21920,Rio De Janeiro,RJ,-22.7981,-43.1957
21921,Rio De Janeiro,RJ,-22.8083,-43.1856
21922,Rio De Janeiro,RJ,-22.8457,-43.339
21930,Rio De Janeiro,RJ,-22.8195,-43.1784
21931,Rio De Janeiro,RJ,-22.8095,-43.2002
21932,Rio De Janeiro,RJ,-22.8049,-43.2257
21940,Rio De Janeiro,RJ,-22.8139,-43.2025
21941,Rio De Janeiro,RJ,-22.8338,-43.2489
21950,Rio De Janeiro,RJ,-22.9028,-43.2636
22003,Rio De Janeiro,RJ,-22.9109,-43.1729
22010,Rio De Janeiro,RJ,-22.9627,-43.1708
22011,Rio De Janeiro,RJ,-22.964,-43.1766
22020,Rio De Janeiro,RJ,-22.9655,-43.1785
22021,Rio De Janeiro,RJ,-22.9657,-43.1789
22030,Rio De Janeiro,RJ,-22.9656,-43.1841
22031,Rio De Janeiro,RJ,-22.9669,-43.1879
22040,Rio De Janeiro,RJ,-22.9684,-43.185
22041,Rio De Janeiro,RJ,-22.9677,-43.19
22050,Rio De Janeiro,RJ,-22.9726,-43.1877
22051,Rio De Janeiro,RJ,-22.9729,-43.1905
22060,Rio De Janeiro,RJ,-22.977,-43.1903
22061,Rio De Janeiro,RJ,-22.9754,-43.1926
22070,Rio De Janeiro,RJ,-22.9807,-43.1896
22071,Rio De Janeiro,RJ,-22.9802,-43.1946
22080,Rio De Janeiro,RJ,-22.9847,-43.1925
22081,Rio De Janeiro,RJ,-22.9844,-43.1934
22210,Rio De Janeiro,RJ,-22.9311,-43.1761
22211,Rio De Janeiro,RJ,-22.9234,-43.1795
22220,Rio De Janeiro,RJ,-22.9296,-43.1768
22221,Rio De Janeiro,RJ,-22.929,-43.1815
22230,Rio De Janeiro,RJ,-22.9373,-43.1769
22231,Rio De Janeiro,RJ,-22.9362,-43.1818
22240,Rio De Janeiro,RJ,-22.9353,-43.1873
22241,Rio De Janeiro,RJ,-22.9385,-43.1964
22245,Rio De Janeiro,RJ,-22.9411,-43.1912
22250,Rio De Janeiro,RJ,-22.9422,-43.1776
22251,Rio De Janeiro,RJ,-22.9453,-43.185
22252,Rio De Janeiro,RJ,-22.9438,-43.1842
22260,Rio De Janeiro,RJ,-22.9492,-43.1902
22261,Rio De Janeiro,RJ,-22.9572,-43.2003
22270,Rio De Janeiro,RJ,-22.9531,-43.1892
22271,Rio De Janeiro,RJ,-22.9561,-43.194
22280,Rio De Janeiro,RJ,-22.9544,-43.1857
22281,Rio De Janeiro,RJ,-22.9569,-43.1936
22283,Rio De Janeiro,RJ,-22.9562,-43.1921
22290,Rio De Janeiro,RJ,-22.9544,-43.1771
22291,Rio De Janeiro,RJ,-22.9423,-43.1668
22410,Rio De Janeiro,RJ,-22.9839,-43.2071
22411,Rio De Janeiro,RJ,-22.9819,-43.2024
22420,Rio De Janeiro,RJ,-22.9853,-43.2041
22421,Rio De Janeiro,RJ,-22.9821,-43.2069
22430,Rio De Janeiro,RJ,-22.9821,-43.2201
22431,Rio De Janeiro,RJ,-22.9828,-43.2247
22440,Rio De Janeiro,RJ,-22.9844,-43.2215
22441,Rio De Janeiro,RJ,-22.9842,-43.225
22450,Rio De Janeiro,RJ,-22.9865,-43.2331
22451,Rio De Janeiro,RJ,-22.9784,-43.2377
22452,Rio De Janeiro,RJ,-22.9526,-43.3027
22453,Rio De Janeiro,RJ,-22.9785,-43.2338
22460,Rio De Janeiro,RJ,-22.9648,-43.2249
22461,Rio De Janeiro,RJ,-22.9613,-43.2136
22470,Rio De Janeiro,RJ,-22.9655,-43.2154
22471,Rio De Janeiro,RJ,-22.9676,-43.2032
22473,Rio De Janeiro,RJ,-22.931,-43.3505
22600,Rio De Janeiro,RJ,-22.9875,-43.2532
22610,Rio De Janeiro,RJ,-22.996,-43.2617
22611,Rio De Janeiro,RJ,-23.0081,-43.2986
22620,Rio De Janeiro,RJ,-23.0095,-43.3345
22621,Rio De Janeiro,RJ,-23.0108,-43.3099
22630,Rio De Janeiro,RJ,-23.0101,-43.3387
22631,Rio De Janeiro,RJ,-23.0037,-43.3408
22640,Rio De Janeiro,RJ,-23.0013,-43.3356
22641,Rio De Janeiro,RJ,-22.9861,-43.3115
22710,Rio De Janeiro,RJ,-22.9346,-43.3758
22711,Rio De Janeiro,RJ,-22.9137,-43.3909
22713,Rio De Janeiro,RJ,-22.9302,-43.3961
22715,Rio De Janeiro,RJ,-22.9234,-43.383
22720,Rio De Janeiro,RJ,-22.9182,-43.3865
22723,Rio De Janeiro,RJ,-22.9169,-43.4028
22725,Rio De Janeiro,RJ,-22.9115,-43.3765
22730,Rio De Janeiro,RJ,-22.92,-43.3696
22733,Rio De Janeiro,RJ,-22.906,-43.365
22735,Rio De Janeiro,RJ,-22.9209,-43.3585
22740,Rio De Janeiro,RJ,-22.9263,-43.3598
22743,Rio De Janeiro,RJ,-22.9302,-43.3464
22745,Rio De Janeiro,RJ,-22.9351,-43.3336
22750,Rio De Janeiro,RJ,-22.9434,-43.3344
22753,Rio De Janeiro,RJ,-22.9662,-43.3307
22755,Rio De Janeiro,RJ,-22.9475,-43.3381
22760,Rio De Janeiro,RJ,-22.9389,-43.3458
22763,Rio De Janeiro,RJ,-22.9494,-43.3872
22765,Rio De Janeiro,RJ,-22.9544,-43.3553
22770,Rio De Janeiro,RJ,-22.9369,-43.361
22772,Rio De Janeiro,RJ,-22.9501,-43.3608
22773,Rio De Janeiro,RJ,-22.9485,-43.3645
22775,Rio De Janeiro,RJ,-22.9691,-43.3831
22776,Rio De Janeiro,RJ,-22.99,-43.3545
22778,Rio De Janeiro,RJ,-22.9394,-43.3712
22780,Rio De Janeiro,RJ,-22.9628,-43.4012
22783,Rio De Janeiro,RJ,-22.9841,-43.4489
22785,Rio De Janeiro,RJ,-22.9799,-43.4918
22790,Rio De Janeiro,RJ,-23.013,-43.4655
22793,Rio De Janeiro,RJ,-23.0006,-43.4047
22795,Rio De Janeiro,RJ,-23.0205,-43.4627
23010,Rio De Janeiro,RJ,-22.8859,-43.5137
23012,Rio De Janeiro,RJ,-22.8913,-43.5285
23013,Rio De Janeiro,RJ,-22.9013,-43.5414
23015,Rio De Janeiro,RJ,-22.9082,-43.5397
23016,Rio De Janeiro,RJ,-22.9126,-43.5359
23017,Rio De Janeiro,RJ,-22.9196,-43.5286
23020,Rio De Janeiro,RJ,-23.005,-43.5478
23025,Rio De Janeiro,RJ,-22.9905,-43.6155
23026,Rio De Janeiro,RJ,-22.9907,-43.6305
23027,Rio De Janeiro,RJ,-23.0012,-43.6401
23028,Rio De Janeiro,RJ,-22.9806,-43.66
23030,Rio De Janeiro,RJ,-22.9667,-43.6018
23031,Rio De Janeiro,RJ,-22.9644,-43.6119
23032,Rio De Janeiro,RJ,-22.9726,-43.643
23033,Rio De Janeiro,RJ,-22.9559,-43.6066
23035,Rio De Janeiro,RJ,-22.9459,-43.5945
23036,Rio De Janeiro,RJ,-22.9379,-43.5786
23040,Rio De Janeiro,RJ,-22.9331,-43.5541
23042,Rio De Janeiro,RJ,-22.9278,-43.5545
23045,Rio De Janeiro,RJ,-22.9168,-43.5623
23047,Rio De Janeiro,RJ,-22.9259,-43.5614
23050,Rio De Janeiro,RJ,-22.9064,-43.5664
23052,Rio De Janeiro,RJ,-22.9066,-43.5522
23055,Rio De Janeiro,RJ,-22.9099,-43.5764
23056,Rio De Janeiro,RJ,-22.9182,-43.6124
23057,Rio De Janeiro,RJ,-22.9175,-43.5283
23058,Rio De Janeiro,RJ,-22.9148,-43.5908
23059,Rio De Janeiro,RJ,-22.9133,-43.5904
23060,Rio De Janeiro,RJ,-22.8961,-43.5989
23061,Rio De Janeiro,RJ,-22.9084,-43.6081
23062,Rio De Janeiro,RJ,-22.9027,-43.5992
23063,Rio De Janeiro,RJ,-22.8975,-43.5918
23064,Rio De Janeiro,RJ,-22.9007,-43.5846
23065,Rio De Janeiro,RJ,-22.8829,-43.6251
23066,Rio De Janeiro,RJ,-22.8882,-43.6247
23067,Rio De Janeiro,RJ,-22.8824,-43.6166
23068,Rio De Janeiro,RJ,-22.8865,-43.5976
23070,Rio De Janeiro,RJ,-22.8964,-43.5775
23071,Rio De Janeiro,RJ,-22.8884,-43.5809
23073,Rio De Janeiro,RJ,-22.89,-43.5794
23075,Rio De Janeiro,RJ,-22.8778,-43.5777
23076,Rio De Janeiro,RJ,-22.8825,-43.5749
23078,Rio De Janeiro,RJ,-22.8722,-43.5893
23080,Rio De Janeiro,RJ,-22.8985,-43.5654
23081,Rio De Janeiro,RJ,-22.8943,-43.5672
23082,Rio De Janeiro,RJ,-22.8942,-43.5713
23085,Rio De Janeiro,RJ,-22.8939,-43.5464
23087,Rio De Janeiro,RJ,-22.8864,-43.5589
23088,Rio De Janeiro,RJ,-22.8854,-43.5497
23090,Rio De Janeiro,RJ,-22.878,-43.5629
23092,Rio De Janeiro,RJ,-22.8709,-43.5438
23093,Rio De Janeiro,RJ,-22.8775,-43.5303
23094,Rio De Janeiro,RJ,-22.8762,-43.5198
23095,Rio De Janeiro,RJ,-22.8694,-43.5566
23097,Rio De Janeiro,RJ,-22.8511,-43.5361
23098,Rio De Janeiro,RJ,-22.8702,-43.5219
23510,Rio De Janeiro,RJ,-22.9197,-43.6715
23515,Rio De Janeiro,RJ,-22.9237,-43.6829
23520,Rio De Janeiro,RJ,-22.9363,-43.6614
23525,Rio De Janeiro,RJ,-22.945,-43.6769
23530,Rio De Janeiro,RJ,-22.9738,-43.6811
23535,Rio De Janeiro,RJ,-22.979,-43.6901
23540,Rio De Janeiro,RJ,-22.9745,-43.6965
23545,Rio De Janeiro,RJ,-22.9671,-43.7003
23547,Rio De Janeiro,RJ,-22.9325,-43.623
23550,Rio De Janeiro,RJ,-22.9307,-43.6895
23555,Rio De Janeiro,RJ,-22.9175,-43.6931
23560,Rio De Janeiro,RJ,-22.899,-43.6993
23565,Rio De Janeiro,RJ,-22.8978,-43.6967
23570,Rio De Janeiro,RJ,-22.9093,-43.6711
23573,Rio De Janeiro,RJ,-22.9131,-43.6536
23575,Rio De Janeiro,RJ,-22.898,-43.6686
23580,Rio De Janeiro,RJ,-22.9111,-43.6226
23585,Rio De Janeiro,RJ,-22.9245,-43.6353
23587,Rio De Janeiro,RJ,-22.9224,-43.6295
23590,Rio De Janeiro,RJ,-22.9294,-43.6595
23591,Rio De Janeiro,RJ,-22.9312,-43.6639
23595,Rio De Janeiro,RJ,-22.9267,-43.6293
23810,Itaguai,RJ,-22.8709,-43.769
23811,Itaguai,RJ,-22.8647,-43.7673
23812,Itaguai,RJ,-22.8721,-43.7709
23815,Itaguai,RJ,-22.8687,-43.7801
23819,Itaguai,RJ,-22.8391,-43.795
23820,Itaguai,RJ,-22.8628,-43.7853
23821,Itaguai,RJ,-22.8703,-43.7906
23822,Itaguai,RJ,-22.8616,-43.7934
23823,Itaguai,RJ,-22.8756,-43.7884
23825,Itaguai,RJ,-22.8858,-43.8279
23826,Itaguai,RJ,-22.8956,-43.8459
23830,Itaguai,RJ,-22.8459,-43.7833
23831,Itaguai,RJ,-22.8766,-43.8099
23832,Itaguai,RJ,-22.8553,-43.7658
23835,Itaguai,RJ,-22.8366,-43.765
23855,Itaguai,RJ,-22.8639,-43.7592
23860,Mangaratiba,RJ,-22.9478,-44.0148
23870,Vila Muriqui,RJ,-22.9213,-43.9208
23880,Itacurussa,RJ,-22.876,-43.8379
23885,Conceicao De Jacarei,RJ,-23.0292,-44.1639
23890,Seropedica,RJ,-22.7877,-43.6489
23891,Seropedica,RJ,-22.7511,-43.6688
23893,Seropedica,RJ,-22.7107,-43.6914
23894,Seropedica,RJ,-22.741,-43.6998
23895,Seropedica,RJ,-22.7463,-43.7085
23897,Seropedica,RJ,-22.7924,-43.6626
23898,Seropedica,RJ,-22.8079,-43.6443
23900,Angra Dos Reis,RJ,-23.0078,-44.3164
23902,Angra Dos Reis,RJ,-23.0095,-44.3217
23903,Angra Dos Reis,RJ,-23.0039,-44.3173
23904,Angra Dos Reis,RJ,-23.0033,-44.3117
23905,Angra Dos Reis,RJ,-22.9813,-44.3034
23906,Angra Dos Reis,RJ,-22.999,-44.3053
23907,Angra Dos Reis,RJ,-23.0062,-44.3025
23909,Angra Dos Reis,RJ,-23.0167,-44.3433
23910,Angra Dos Reis,RJ,-23.0058,-44.295
23911,Angra Dos Reis,RJ,-23.0119,-44.2794
23912,Angra Dos Reis,RJ,-22.9958,-44.2692
23913,Angra Dos Reis,RJ,-22.9874,-44.2374
23914,Angra Dos Reis,RJ,-22.9937,-44.2378
23915,Angra Dos Reis,RJ,-22.9904,-44.2471
23916,Angra Dos Reis,RJ,-23.0156,-44.2215
23917,Angra Dos Reis,RJ,-23.0377,-44.1965
23918,Angra Dos Reis,RJ,-23.0338,-44.1794
23931,Angra Dos Reis,RJ,-23.0055,-44.3285
23932,Angra Dos Reis,RJ,-22.9797,-44.3001
23933,Angra Dos Reis,RJ,-22.9733,-44.2929
23934,Angra Dos Reis,RJ,-22.9751,-44.3043
23935,Angra Dos Reis,RJ,-22.96,-44.2865
23936,Angra Dos Reis,RJ,-22.9659,-44.3394
23937,Angra Dos Reis,RJ,-22.9648,-44.3035
23940,Angra Dos Reis,RJ,-22.9238,-44.3664
23942,Angra Dos Reis,RJ,-22.9493,-44.3241
23943,Angra Dos Reis,RJ,-22.9427,-44.3944
23944,Angra Dos Reis,RJ,-22.9372,-44.4146
23946,Angra Dos Reis,RJ,-22.9689,-44.44
23950,Angra Dos Reis,RJ,-23.0037,-44.4327
23951,Angra Dos Reis,RJ,-23.0241,-44.5147
23952,Angra Dos Reis,RJ,-23.0174,-44.5271
23953,Angra Dos Reis,RJ,-23.0171,-44.5278
23954,Angra Dos Reis,RJ,-23.0127,-44.5371
23955,Angra Dos Reis,RJ,-23.0084,-44.5204
23968,Ilha Grande,RJ,-22.9964,-43.7965
23970,Parati,RJ,-23.2129,-44.7078
23972,Parati Mirim,RJ,-22.8635,-42.3113
24005,Niteroi,RJ,-22.8935,-43.119
24007,Niteroi,RJ,-21.206,-41.8964
24008,Niteroi,RJ,-21.2191,-41.8778
24009,Niteroi,RJ,-21.2191,-41.8775
24020,Niteroi,RJ,-22.8937,-43.1204
24022,Niteroi,RJ,-22.0562,-42.4997
24027,Niteroi,RJ,-21.219,-41.8775
24030,Niteroi,RJ,-22.8887,-43.1183
24040,Niteroi,RJ,-22.8827,-43.1235
24050,Niteroi,RJ,-22.8752,-43.1096
24060,Niteroi,RJ,-22.8859,-43.1107
24070,Niteroi,RJ,-22.8935,-43.1109
24110,Niteroi,RJ,-22.8679,-43.0996
24111,Niteroi,RJ,-22.864,-43.0925
24119,Niteroi,RJ,-22.8634,-43.0973
24120,Niteroi,RJ,-22.8833,-43.0923
24130,Niteroi,RJ,-22.8792,-43.0916
24140,Niteroi,RJ,-22.8893,-43.0486
24141,Niteroi,RJ,-22.8782,-43.0556
24202,Niterói,RJ,-22.8954,-43.1155
24210,Niteroi,RJ,-22.9006,-43.1271
24211,Niteroi,RJ,-21.221,-41.892
24220,Niteroi,RJ,-22.9032,-43.107
24230,Niteroi,RJ,-22.8786,-43.0861
24240,Niteroi,RJ,-22.8972,-43.0992
24241,Niteroi,RJ,-22.9042,-43.0916
24310,Niteroi,RJ,-22.911,-43.0674
24315,Niteroi,RJ,-22.9017,-43.0689
24320,Niteroi,RJ,-22.9028,-43.0509
24322,Niteroi,RJ,-22.8963,-43.0385
24325,Niteroi,RJ,-22.8306,-43.0452
24330,Niteroi,RJ,-22.9012,-42.9912
24340,Niteroi,RJ,-22.9477,-43.0337
24342,Niteroi,RJ,-22.9374,-43.0221
24344,Niteroi,RJ,-22.9369,-43.0149
24346,Niteroi,RJ,-22.9492,-43.0281
24348,Niteroi,RJ,-22.9704,-43.0321
24350,Niteroi,RJ,-22.9406,-43.0655
24355,Niteroi,RJ,-22.9412,-43.0431
24358,Niteroi,RJ,-22.9541,-43.068
24360,Niteroi,RJ,-22.831,-43.0309
24365,Niteroi,RJ,-22.9122,-43.0815
24370,Niteroi,RJ,-22.9247,-43.0999
24400,Sao Goncalo,RJ,-22.8227,-43.0455
24410,Sao Goncalo,RJ,-22.8597,-43.0808
24411,Sao Goncalo,RJ,-22.8575,-43.0817
24412,Sao Goncalo,RJ,-22.8475,-43.0754
24415,Sao Goncalo,RJ,-22.8409,-43.0762
24416,Sao Goncalo,RJ,-22.8401,-43.0678
24417,Sao Goncalo,RJ,-22.8454,-43.0501
24420,Sao Goncalo,RJ,-22.8357,-43.0467
24421,Sao Goncalo,RJ,-22.8307,-43.042
24422,Sao Goncalo,RJ,-22.8277,-43.0289
24425,Sao Goncalo,RJ,-22.8527,-43.0901
24426,Sao Goncalo,RJ,-22.8404,-43.0866
24430,Sao Goncalo,RJ,-22.8301,-43.0857
24431,Sao Goncalo,RJ,-22.8284,-43.0806
24435,Sao Goncalo,RJ,-22.8275,-43.0698
24436,Sao Goncalo,RJ,-22.8212,-43.0669
24440,Sao Goncalo,RJ,-22.8271,-43.0539
24445,Sao Goncalo,RJ,-22.8193,-43.0348
24450,Sao Goncalo,RJ,-22.8232,-43.02
24451,Sao Goncalo,RJ,-22.8294,-43.014
24452,Sao Goncalo,RJ,-22.8193,-43.0064
24455,Sao Goncalo,RJ,-22.8088,-43.0259
24456,Sao Goncalo,RJ,-22.8093,-43.016
24457,Sao Goncalo,RJ,-22.8066,-43.0127
24460,Sao Goncalo,RJ,-22.8148,-43.0433
24461,Sao Goncalo,RJ,-22.8034,-43.0358
24465,Sao Goncalo,RJ,-22.8195,-43.0552
24466,Sao Goncalo,RJ,-22.8111,-43.0624
24467,Sao Goncalo,RJ,-22.8053,-43.0526
24470,Sao Goncalo,RJ,-22.7963,-43.0453
24471,Sao Goncalo,RJ,-22.7856,-43.0459
24472,Sao Goncalo,RJ,-22.7893,-43.0385
24473,Sao Goncalo,RJ,-22.788,-43.0324
24474,Sao Goncalo,RJ,-22.795,-43.0244
24475,Sao Goncalo,RJ,-22.7773,-43.0274
24476,Sao Goncalo,RJ,-22.771,-43.0158
24710,Sao Goncalo,RJ,-22.8226,-43.0031
24711,Sao Goncalo,RJ,-22.8189,-42.9975
24715,Sao Goncalo,RJ,-22.8028,-42.9903
24716,Sao Goncalo,RJ,-22.7899,-43.0043
24717,Sao Goncalo,RJ,-22.808,-43.003
24720,Sao Goncalo,RJ,-22.8132,-42.9874
24721,Sao Goncalo,RJ,-22.8015,-42.9839
24722,Sao Goncalo,RJ,-22.7965,-42.9762
24723,Sao Goncalo,RJ,-22.8176,-42.9468
24724,Sao Goncalo,RJ,-22.8058,-42.9573
24725,Sao Goncalo,RJ,-22.8115,-42.9722
24726,Sao Goncalo,RJ,-22.7885,-42.9586
24727,Sao Goncalo,RJ,-22.7834,-42.9457
24730,Sao Goncalo,RJ,-22.829,-42.9878
24731,Sao Goncalo,RJ,-22.8228,-42.9869
24732,Sao Goncalo,RJ,-22.8271,-42.9739
24733,São Gonçalo,RJ,-22.8291,-42.9725
24734,Sao Goncalo,RJ,-22.8295,-42.9608
24735,Sao Goncalo,RJ,-22.8459,-42.9543
24736,Sao Goncalo,RJ,-22.82,-42.9699
24737,Sao Goncalo,RJ,-22.8416,-42.9623
24738,Sao Goncalo,RJ,-22.8518,-42.9435
24740,Sao Goncalo,RJ,-22.833,-42.9972
24741,Sao Goncalo,RJ,-22.8413,-42.9978
24742,Sao Goncalo,RJ,-22.8388,-43.0038
24743,Sao Goncalo,RJ,-22.846,-42.9971
24744,Sao Goncalo,RJ,-22.8423,-43.0121
24745,Sao Goncalo,RJ,-22.8528,-43.0045
24746,Sao Goncalo,RJ,-22.8391,-42.9879
24750,Sao Goncalo,RJ,-22.8546,-43.0226
24751,Sao Goncalo,RJ,-22.8678,-43.0027
24752,Sao Goncalo,RJ,-22.8823,-42.9844
24753,Sao Goncalo,RJ,-22.8863,-42.9917
24754,Sao Goncalo,RJ,-22.8724,-43.0274
24755,Sao Goncalo,RJ,-22.8593,-43.0153
24756,Sao Goncalo,RJ,-22.8859,-43.012
24800,Itaborai,RJ,-22.7425,-42.8572
24801,Itaborai,RJ,-22.7396,-42.847
24802,Itaborai,RJ,-22.729,-42.8347
24803,Itaborai,RJ,-22.7327,-42.83
24804,Itaborai,RJ,-22.7471,-42.8434
24805,Itaborai,RJ,-22.7353,-42.8388
24806,Itaborai,RJ,-22.7515,-42.8489
24808,Itaborai,RJ,-22.7568,-42.8554
24809,Itaborai,RJ,-22.7658,-42.8982
24812,Itaborai,RJ,-22.7502,-42.8719
24813,Itaborai,RJ,-22.7541,-42.8888
24815,Itaborai,RJ,-22.7357,-42.8694
24830,Itaborai,RJ,-22.7113,-42.8733
24840,Itaborai,RJ,-22.7189,-42.8639
24845,Itaborai,RJ,-22.7861,-42.8233
24846,Itaborai,RJ,-22.7154,-42.8064
24850,Itaboraí,RJ,-22.809,-42.8857
24851,Itaborai,RJ,-22.8202,-42.8928
24855,Itaborai,RJ,-22.7735,-42.9157
24856,Itaborai,RJ,-22.7581,-42.9106
24857,Itaborai,RJ,-22.7605,-42.9315
24858,Itaborai,RJ,-22.7721,-42.9226
24859,Itaborai,RJ,-22.7734,-42.9098
24860,Itaborai,RJ,-22.7853,-42.9198
24865,Itaborai,RJ,-22.7428,-42.9167
24866,Itaborai,RJ,-22.7337,-42.9328
24867,Itaborai,RJ,-22.7607,-42.8713
24868,Itaborai,RJ,-22.7278,-42.9511
24875,Itaborai,RJ,-22.7171,-42.8876
24876,Itaborai,RJ,-22.7125,-42.8954
24877,Itaborai,RJ,-22.7456,-42.8845
24890,Tangua,RJ,-22.7352,-42.7278
24900,Marica,RJ,-22.9196,-42.8398
24901,Marica,RJ,-22.9236,-42.8199
24902,Marica,RJ,-22.927,-42.8293
24903,Marica,RJ,-22.9117,-42.8061
24904,Marica,RJ,-22.9106,-42.817
24905,Marica,RJ,-22.9345,-42.9118
24908,Marica,RJ,-22.899,-42.8076
24909,Marica,RJ,-22.9137,-42.81
24910,Marica,RJ,-22.896,-42.8424
24911,Marica,RJ,-22.9026,-42.8356
24912,Marica,RJ,-22.9111,-42.8338
24913,Marica,RJ,-22.9143,-42.8346
24914,Marica,RJ,-22.9235,-42.8576
24915,Marica,RJ,-22.956,-42.8076
24916,Marica,RJ,-22.9446,-42.8284
24917,Marica,RJ,-22.9719,-42.9306
24921,Marica,RJ,-22.9526,-42.8089
24922,Marica,RJ,-22.9486,-42.7034
24923,Marica,RJ,-22.9553,-42.6914
24924,Marica,RJ,-22.9127,-42.7018
24927,Marica,RJ,-22.8974,-42.7845
24930,Marica,RJ,-22.9261,-42.8985
24931,Marica,RJ,-22.9346,-42.8823
24932,Marica,RJ,-22.9173,-42.895
24933,Marica,RJ,-22.9566,-42.8835
24934,Marica,RJ,-22.9462,-42.8865
24935,Marica,RJ,-22.951,-42.9468
24936,Marica,RJ,-22.9543,-42.9671
24937,Marica,RJ,-22.9512,-42.9938
24938,Marica,RJ,-22.9354,-42.971
24939,Marica,RJ,-22.9177,-42.9581
24940,Marica,RJ,-22.926,-42.94
24941,Marica,RJ,-22.9132,-42.838
24942,Marica,RJ,-22.931,-42.9227
24943,Marica,RJ,-22.9095,-42.9258
24944,Marica,RJ,-22.8955,-42.9369
25010,Duque De Caxias,RJ,-22.7905,-43.3148
25011,Duque De Caxias,RJ,-22.7915,-43.313
25015,Duque De Caxias,RJ,-22.7802,-43.3166
25020,Duque De Caxias,RJ,-22.7789,-43.3086
25025,Duque De Caxias,RJ,-22.7846,-43.3231
25030,Duque De Caxias,RJ,-22.7735,-43.3114
25035,Duque De Caxias,RJ,-22.7553,-43.3085
25036,Duque De Caxias,RJ,-22.7496,-43.3162
25040,Duque De Caxias,RJ,-22.7409,-43.3155
25041,Duque De Caxias,RJ,-22.7358,-43.3181
25042,Duque De Caxias,RJ,-22.7359,-43.3119
25044,Duque De Caxias,RJ,-22.6736,-43.2848
25045,Duque De Caxias,RJ,-22.7228,-43.3139
25046,Duque De Caxias,RJ,-22.7235,-43.3215
25050,Duque De Caxias,RJ,-22.7533,-43.297
25051,Duque De Caxias,RJ,-22.7613,-43.293
25055,Duque De Caxias,RJ,-22.7574,-43.2817
25056,Duque De Caxias,RJ,-22.7545,-43.277
25060,Duque De Caxias,RJ,-22.7641,-43.3004
25065,Duque De Caxias,RJ,-22.7574,-43.2869
25070,Duque De Caxias,RJ,-22.7802,-43.3043
25071,Duque De Caxias,RJ,-22.7854,-43.3018
25075,Duque De Caxias,RJ,-22.7741,-43.2909
25080,Duque De Caxias,RJ,-22.7597,-43.293
25081,Duque De Caxias,RJ,-22.617,-43.3065
25085,Duque De Caxias,RJ,-22.7958,-43.2915
25086,Duque De Caxias,RJ,-22.7541,-43.2865
25211,Duque De Caxias,RJ,-22.6707,-43.2626
25212,Duque De Caxias,RJ,-22.6765,-43.257
25213,Duque De Caxias,RJ,-22.6749,-43.2762
25214,Duque De Caxias,RJ,-22.6897,-43.2664
25215,Duque De Caxias,RJ,-22.6826,-43.274
25220,Duque De Caxias,RJ,-22.6854,-43.2467
25221,Duque De Caxias,RJ,-22.698,-43.2481
25222,Duque De Caxias,RJ,-22.6744,-43.2456
25223,Duque De Caxias,RJ,-22.6833,-43.254
25225,Duque De Caxias,RJ,-22.6963,-43.2712
25230,Duque De Caxias,RJ,-22.6897,-43.2827
25231,Duque De Caxias,RJ,-22.6836,-43.2991
25233,Duque De Caxias,RJ,-22.7035,-43.2996
25235,Duque De Caxias,RJ,-22.7029,-43.316
25237,Duque De Caxias,RJ,-22.7536,-43.3059
25240,Duque De Caxias,RJ,-22.6456,-43.2871
25241,Duque De Caxias,RJ,-22.5712,-43.3127
25243,Duque De Caxias,RJ,-22.6595,-43.2963
25245,Duque De Caxias,RJ,-22.5913,-43.3123
25250,Duque De Caxias,RJ,-22.6073,-43.2986
25251,Duque De Caxias,RJ,-22.6541,-43.278
25253,Duque De Caxias,RJ,-22.6121,-43.2819
25255,Duque De Caxias,RJ,-22.6445,-43.2786
25260,Duque De Caxias,RJ,-22.6536,-43.2759
25261,Duque De Caxias,RJ,-22.6453,-43.262
25264,Duque De Caxias,RJ,-22.6452,-43.2374
25265,Duque De Caxias,RJ,-22.6496,-43.2303
25266,Duque De Caxias,RJ,-22.6388,-43.2218
25267,Duque De Caxias,RJ,-22.6352,-43.2474
25268,Duque De Caxias,RJ,-22.6527,-43.2761
25270,Duque De Caxias,RJ,-22.6239,-43.2398
25271,Duque De Caxias,RJ,-22.6375,-43.2262
25272,Duque De Caxias,RJ,-22.6243,-43.2165
25275,Duque De Caxias,RJ,-22.6389,-43.2269
25510,Sao Joao De Meriti,RJ,-22.7906,-43.3756
25515,Sao Joao De Meriti,RJ,-22.7977,-43.3643
25520,Sao Joao De Meriti,RJ,-22.8037,-43.3755
25525,Sao Joao De Meriti,RJ,-22.7961,-43.3828
25530,Sao Joao De Meriti,RJ,-22.806,-43.3904
25535,Sao Joao De Meriti,RJ,-22.7912,-43.4026
25540,Sao Joao De Meriti,RJ,-22.784,-43.397
25545,Sao Joao De Meriti,RJ,-22.7897,-43.3482
25550,Sao Joao De Meriti,RJ,-22.7752,-43.3829
25555,Sao Joao De Meriti,RJ,-22.7813,-43.3704
25560,Sao Joao De Meriti,RJ,-22.77,-43.3699
25561,Sao Joao De Meriti,RJ,-22.7686,-43.3769
25565,Sao Joao De Meriti,RJ,-22.7832,-43.3598
25570,Sao Joao De Meriti,RJ,-22.7678,-43.3516
25571,Sao Joao De Meriti,RJ,-22.7644,-43.3463
25575,Sao Joao De Meriti,RJ,-22.7705,-43.3409
25576,Sao Joao De Meriti,RJ,-22.7783,-43.3522
25580,Sao Joao De Meriti,RJ,-22.7834,-43.3412
25581,Sao Joao De Meriti,RJ,-22.7885,-43.3471
25585,Sao Joao De Meriti,RJ,-22.7937,-43.3382
25586,Sao Joao De Meriti,RJ,-22.7985,-43.3376
25610,Petropolis,RJ,-22.5022,-43.1684
25615,Petropolis,RJ,-22.4961,-43.1562
25620,Petropolis,RJ,-22.5102,-43.1754
25625,Petropolis,RJ,-22.5158,-43.1714
25630,Petropolis,RJ,-22.5242,-43.1616
25635,Petropolis,RJ,-22.529,-43.1766
25638,Petropolis,RJ,-22.5276,-43.1722
25640,Petropolis,RJ,-22.5228,-43.1836
25645,Petropolis,RJ,-22.5408,-43.2012
25650,Petropolis,RJ,-22.531,-43.2123
25651,Petropolis,RJ,-22.5247,-43.2116
25655,Petropolis,RJ,-22.5204,-43.191
25660,Petropolis,RJ,-22.512,-43.2047
25665,Petropolis,RJ,-22.5092,-43.2198
25670,Petropolis,RJ,-22.4895,-43.2104
25675,Petropolis,RJ,-22.497,-43.2006
25680,Petropolis,RJ,-22.4896,-43.1838
25684,Petropolis,RJ,-22.5073,-43.1925
25685,Petropolis,RJ,-22.5081,-43.1814
25689,Petropolis,RJ,-22.5091,-43.1875
25710,Petropolis,RJ,-22.4756,-43.1484
25715,Petropolis,RJ,-22.4715,-43.162
25716,Petropolis,RJ,-22.4803,-43.1552
25720,Petropolis,RJ,-22.4322,-43.1409
25725,Petropolis,RJ,-22.4279,-43.2014
25730,Petropolis,RJ,-22.4086,-43.1314
25740,Petropolis,RJ,-22.3746,-43.1291
25745,Petropolis,RJ,-22.3915,-43.1083
25750,Petropolis,RJ,-22.3385,-43.129
25755,Petropolis,RJ,-22.3324,-43.168
25770,Petropolis,RJ,-22.2689,-43.0768
25780,Sao Jose Do Vale Do Rio Preto,RJ,-22.174,-42.9368
25802,Tres Rios,RJ,-22.1173,-43.2059
25803,Tres Rios,RJ,-22.1171,-43.2119
25804,Tres Rios,RJ,-22.1176,-43.2112
25805,Tres Rios,RJ,-22.114,-43.2138
25806,Tres Rios,RJ,-22.1163,-43.2225
25807,Tres Rios,RJ,-22.1085,-43.2088
25808,Tres Rios,RJ,-22.1038,-43.2086
25809,Tres Rios,RJ,-22.1009,-43.2157
25810,Tres Rios,RJ,-22.0903,-43.2174
25811,Tres Rios,RJ,-22.106,-43.1868
25812,Tres Rios,RJ,-22.1053,-43.1922
25815,Tres Rios,RJ,-22.1104,-43.1968
25820,Tres Rios,RJ,-22.1161,-43.1886
25821,Tres Rios,RJ,-22.122,-43.173
25840,Tres Rios,RJ,-22.1154,-43.2014
25845,Areal,RJ,-22.2437,-43.0985
25850,Paraiba Do Sul,RJ,-22.1643,-43.2922
25860,Werneck,RJ,-22.217,-43.3152
25870,Comendador Levy Gasparian,RJ,-22.0339,-43.2128
25875,Afonso Arinos,RJ,-22.0122,-43.3371
25880,Sapucaia,RJ,-21.9913,-42.9077
25882,Anta,RJ,-22.1844,-43.0245
25884,Piao,RJ,-22.4021,-43.1918
25886,Nossa Senhora Da Aparecida,RJ,-21.542,-43.8936
25887,Jamapara,RJ,-22.2097,-42.7948
25900,Mage,RJ,-22.6514,-43.0666
25901,Mage,RJ,-22.6483,-43.0583
25902,Mage,RJ,-22.6595,-43.1168
25903,Mage,RJ,-22.6419,-43.0725
25904,Mage,RJ,-22.6518,-43.0536
25905,Mage,RJ,-22.6614,-43.0353
25907,Mage,RJ,-22.6386,-43.16
25908,Mage,RJ,-22.6582,-43.119
25911,Mage,RJ,-22.5591,-43.0449
25912,Mage,RJ,-22.5702,-43.0587
25914,Mage,RJ,-22.5938,-43.0693
25915,Piabeta,RJ,-22.6897,-43.3464
25916,Mage,RJ,-22.6151,-43.1248
25917,Mage,RJ,-22.8276,-43.4074
25919,Magé,RJ,-22.6514,-43.0412
25920,Mage,RJ,-22.6881,-43.1067
25921,Mage,RJ,-22.6525,-43.1265
25922,Mage,RJ,-22.66,-43.1348
25924,Mage,RJ,-22.6795,-43.1676
25925,Mage,RJ,-22.6937,-43.1098
25926,Mage,RJ,-22.7014,-43.1595
25927,Mage,RJ,-22.5809,-43.024
25928,Mage,RJ,-22.636,-43.0253
25930,Mage,RJ,-22.6836,-43.1605
25931,Mage,RJ,-22.6153,-43.1712
25932,Mage,RJ,-22.6064,-43.1648
25933,Mage,RJ,-22.5897,-43.1838
25935,Mage,RJ,-22.6159,-43.1798
25936,Mage,RJ,-22.6209,-43.192
25937,Mage,RJ,-22.6437,-43.1829
25938,Mage,RJ,-22.6546,-43.2033
25940,Guapimirim,RJ,-22.6179,-43.0041
25941,Guapimirim,RJ,-22.6259,-43.0107
25942,Guapimirim,RJ,-22.5892,-43.0087
25943,Guapimirim,RJ,-22.551,-42.9844
25945,Guapimirim,RJ,-22.5289,-42.9854
25946,Guapimirim,RJ,-22.5277,-42.9783
25947,Guapimirim,RJ,-22.5216,-42.9671
25948,Guapimirim,RJ,-22.5167,-42.9776
25949,Guapimirim,RJ,-22.5145,-42.969
25953,Teresopolis,RJ,-22.4119,-42.9664
25954,Teresopolis,RJ,-22.4324,-42.9482
25955,Teresopolis,RJ,-22.4217,-42.9672
25956,Teresopolis,RJ,-22.429,-42.9652
25957,Teresopolis,RJ,-22.4312,-42.9702
25958,Teresopolis,RJ,-22.4473,-42.9711
25959,Teresopolis,RJ,-22.4519,-42.9804
25960,Teresopolis,RJ,-22.4439,-42.982
25961,Teresopolis,RJ,-22.4367,-42.9806
25963,Teresopolis,RJ,-22.4177,-42.9767
25964,Teresopolis,RJ,-22.4279,-42.9814
25965,Teresopolis,RJ,-22.4021,-42.9757
25966,Teresopolis,RJ,-22.4014,-42.991
25970,Teresopolis,RJ,-22.3916,-42.9956
25973,Teresopolis,RJ,-22.3795,-42.9723
25974,Teresopolis,RJ,-22.382,-42.9803
25975,Teresopolis,RJ,-22.4133,-42.946
25976,Teresopolis,RJ,-22.393,-42.9486
25977,Teresopolis,RJ,-22.3629,-42.8998
25980,Teresopolis,RJ,-22.3052,-42.8883
25985,Teresopolis,RJ,-22.1339,-42.7797
25990,Teresopolis,RJ,-22.4123,-42.9833
25995,Teresopolis,RJ,-22.3886,-42.9188
26010,Nova Iguacu,RJ,-22.7551,-43.4286
26011,Nova Iguacu,RJ,-22.7488,-43.4317
26012,Nova Iguacu,RJ,-22.7391,-43.4389
26013,Nova Iguacu,RJ,-22.7457,-43.4439
26014,Nova Iguaçu,RJ,-22.7098,-43.4624
26015,Nova Iguacu,RJ,-22.745,-43.4391
26020,Nova Iguacu,RJ,-22.7331,-43.4496
26021,Nova Iguacu,RJ,-22.7265,-43.4396
26022,Nova Iguacu,RJ,-22.7322,-43.4607
26023,Nova Iguacu,RJ,-22.7185,-43.4533
26025,Nova Iguacu,RJ,-22.7306,-43.4414
26030,Nova Iguacu,RJ,-22.7293,-43.4632
26031,Nova Iguacu,RJ,-22.7331,-43.4756
26032,Nova Iguacu,RJ,-22.7312,-43.4797
26033,Nova Iguacu,RJ,-22.723,-43.4619
26035,Nova Iguacu,RJ,-22.7228,-43.4665
26040,Nova Iguacu,RJ,-22.7155,-43.455
26041,Nova Iguacu,RJ,-22.7098,-43.4657
26042,Nova Iguacu,RJ,-22.7084,-43.4791
26043,Nova Iguacu,RJ,-22.701,-43.4776
26050,Nova Iguacu,RJ,-22.6923,-43.4678
26051,Nova Iguacu,RJ,-22.6937,-43.4557
26052,Nova Iguacu,RJ,-22.6827,-43.4476
26053,Nova Iguacu,RJ,-22.6764,-43.4651
26055,Nova Iguacu,RJ,-22.6709,-43.4468
26060,Nova Iguacu,RJ,-22.706,-43.4443
26061,Nova Iguacu,RJ,-22.695,-43.4413
26062,Nova Iguacu,RJ,-22.6633,-43.4219
26063,Nova Iguacu,RJ,-22.7187,-43.477
26064,Nova Iguacu,RJ,-22.7002,-43.4391
26065,Nova Iguaçu,RJ,-22.7037,-43.4422
26070,Nova Iguacu,RJ,-22.7123,-43.434
26080,Nova Iguacu,RJ,-22.7255,-43.5111
26082,Nova Iguacu,RJ,-22.7308,-43.5016
26083,Nova Iguacu,RJ,-22.7396,-43.5113
26084,Nova Iguacu,RJ,-22.7288,-43.5166
26085,Nova Iguacu,RJ,-22.7379,-43.5406
26086,Nova Iguacu,RJ,-22.7275,-43.5233
26087,Nova Iguacu,RJ,-22.7163,-43.5153
26088,Nova Iguacu,RJ,-22.71,-43.5208
26089,Nova Iguacu,RJ,-22.7169,-43.5117
26092,Nova Iguacu,RJ,-22.6567,-43.5299
26099,Nova Iguacu,RJ,-22.6906,-43.4395
26110,Belford Roxo,RJ,-22.7557,-43.3693
26112,Belford Roxo,RJ,-22.7489,-43.4022
26113,Belford Roxo,RJ,-22.7525,-43.3949
26115,Belford Roxo,RJ,-22.741,-43.3906
26116,Belford Roxo,RJ,-22.744,-43.3869
26120,Belford Roxo,RJ,-22.741,-43.4074
26123,Belford Roxo,RJ,-22.7376,-43.4072
26125,Belford Roxo,RJ,-22.7331,-43.4012
26127,Belford Roxo,RJ,-22.7242,-43.4152
26130,Belford Roxo,RJ,-22.7645,-43.4032
26131,Belford Roxo,RJ,-22.7686,-43.3989
26135,Belford Roxo,RJ,-22.7488,-43.4111
26140,Belford Roxo,RJ,-22.7386,-43.4177
26143,Belford Roxo,RJ,-22.7278,-43.4191
26145,Belford Roxo,RJ,-22.7013,-43.3942
26150,Belford Roxo,RJ,-22.7169,-43.4114
26153,Belford Roxo,RJ,-22.7139,-43.4253
26155,Belford Roxo,RJ,-22.7215,-43.4024
26157,Belford Roxo,RJ,-22.714,-43.4046
26160,Belford Roxo,RJ,-22.7304,-43.3908
26163,Belford Roxo,RJ,-22.718,-43.3887
26165,Belford Roxo,RJ,-22.73,-43.384
26167,Belford Roxo,RJ,-22.7338,-43.3787
26170,Belford Roxo,RJ,-22.7353,-43.369
26171,Belford Roxo,RJ,-22.732,-43.3636
26172,Belford Roxo,RJ,-22.7278,-43.3699
26173,Belford Roxo,RJ,-22.7294,-43.3565
26175,Belford Roxo,RJ,-22.7237,-43.3422
26176,Belford Roxo,RJ,-22.7289,-43.3704
26177,Belford Roxo,RJ,-22.717,-43.3594
26178,Belford Roxo,RJ,-22.7171,-43.3762
26180,Belford Roxo,RJ,-22.7093,-43.3404
26182,Belford Roxo,RJ,-22.7078,-43.3389
26183,Belford Roxo,RJ,-22.7188,-43.336
26185,Belford Roxo,RJ,-22.7123,-43.3346
26187,Belford Roxo,RJ,-22.7317,-43.349
26190,Belford Roxo,RJ,-22.7381,-43.3378
26193,Belford Roxo,RJ,-22.7437,-43.3418
26195,Belford Roxo,RJ,-22.7559,-43.3566
26196,Belford Roxo,RJ,-22.7479,-43.3652
26210,Nova Iguacu,RJ,-22.7559,-43.4501
26215,Nova Iguacu,RJ,-22.7494,-43.4437
26216,Nova Iguacu,RJ,-22.7511,-43.4601
26220,Nova Iguacu,RJ,-22.7584,-43.443
26221,Nova Iguacu,RJ,-22.7619,-43.4413
26225,Nova Iguacu,RJ,-22.765,-43.4387
26230,Nova Iguacu,RJ,-22.7543,-43.4287
26250,Nova Iguacu,RJ,-22.7658,-43.4441
26255,Nova Iguacu,RJ,-22.7608,-43.4567
26256,Nova Iguacu,RJ,-22.7564,-43.4681
26260,Nova Iguacu,RJ,-22.7575,-43.4742
26261,Nova Iguacu,RJ,-22.7595,-43.4829
26262,Nova Iguacu,RJ,-22.7587,-43.4687
26263,Nova Iguacu,RJ,-22.7511,-43.4804
26265,Nova Iguacu,RJ,-22.7624,-43.4919
26266,Nova Iguacu,RJ,-22.7615,-43.4998
26270,Nova Iguacu,RJ,-22.7718,-43.5137
26271,Nova Iguacu,RJ,-22.7654,-43.5137
26272,Nova Iguacu,RJ,-22.7613,-43.5046
26275,Nova Iguacu,RJ,-22.7585,-43.5081
26276,Nova Iguacu,RJ,-22.7477,-43.5005
26277,Nova Iguacu,RJ,-22.7537,-43.5057
26278,Nova Iguacu,RJ,-22.751,-43.5105
26279,Nova Iguacu,RJ,-22.7463,-43.516
26280,Nova Iguacu,RJ,-22.7435,-43.4821
26281,Nova Iguacu,RJ,-22.7391,-43.4747
26282,Nova Iguacu,RJ,-22.7433,-43.4708
26285,Nova Iguacu,RJ,-22.7493,-43.4574
26286,Nova Iguacu,RJ,-22.7492,-43.4695
26290,Nova Iguacu,RJ,-22.7692,-43.5253
26291,Nova Iguacu,RJ,-22.7759,-43.5355
26292,Nova Iguacu,RJ,-22.7651,-43.559
26293,Nova Iguacu,RJ,-22.7925,-43.5752
26294,Nova Iguacu,RJ,-22.7898,-43.5417
26295,Nova Iguacu,RJ,-22.7856,-43.5688
26296,Nova Iguacu,RJ,-22.8001,-43.5936
26297,Nova Iguacu,RJ,-22.8132,-43.5888
26298,Nova Iguacu,RJ,-22.8213,-43.5839
26299,Nova Iguacu,RJ,-22.841,-43.6152
26310,Queimados,RJ,-22.7177,-43.5641
26311,Queimados,RJ,-22.7231,-43.5775
26313,Queimados,RJ,-22.724,-43.5686
26315,Queimados,RJ,-22.7267,-43.5884
26316,Queimados,RJ,-22.6917,-43.5947
26317,Queimados,RJ,-22.7151,-43.585
26320,Queimados,RJ,-22.7095,-43.5803
26321,Queimados,RJ,-22.7082,-43.5735
26323,Queimados,RJ,-22.7219,-43.5612
26325,Queimados,RJ,-22.7205,-43.5568
26327,Queimados,RJ,-22.7196,-43.549
26330,Queimados,RJ,-22.7357,-43.5422
26343,Queimados,RJ,-22.7442,-43.5363
26357,Queimados,RJ,-22.7209,-43.5501
26373,Queimados,RJ,-22.7465,-43.6208
26375,Queimados,RJ,-22.7393,-43.5807
26376,Queimados,RJ,-22.7378,-43.5721
26377,Queimados,RJ,-22.7338,-43.5589
26379,Queimados,RJ,-22.737,-43.5636
26380,Queimados,RJ,-22.7075,-43.5507
26381,Queimados,RJ,-22.6969,-43.5574
26382,Queimados,RJ,-22.6923,-43.5318
26383,Queimados,RJ,-22.7079,-43.5613
26385,Queimados,RJ,-22.7057,-43.5566
26387,Queimados,RJ,-22.7054,-43.5374
26393,Queimados,RJ,-22.7116,-43.5582
26410,Japeri,RJ,-22.7032,-43.6306
26413,Japeri,RJ,-22.6963,-43.6266
26415,Japeri,RJ,-22.6844,-43.6219
26420,Japeri,RJ,-22.6845,-43.6153
26423,Japeri,RJ,-22.681,-43.6114
26425,Japeri,RJ,-22.6832,-43.6137
26430,Japeri,RJ,-22.6882,-43.6065
26433,Japeri,RJ,-22.6503,-43.6536
26435,Japeri,RJ,-22.649,-43.6581
26440,Japeri,RJ,-22.6439,-43.643
26443,Japeri,RJ,-22.6448,-43.6579
26445,Japeri,RJ,-22.6745,-43.6081
26450,Japeri,RJ,-22.6632,-43.6108
26453,Japeri,RJ,-22.6695,-43.6145
26455,Japeri,RJ,-22.6737,-43.598
26460,Japeri,RJ,-22.6716,-43.5909
26463,Japeri,RJ,-22.6807,-43.5967
26465,Japeri,RJ,-22.672,-43.5905
26470,Japeri,RJ,-22.6795,-43.593
26473,Japeri,RJ,-22.6575,-43.5368
26475,Japeri,RJ,-22.6778,-43.6022
26480,Japeri,RJ,-22.6679,-43.5858
26510,Nilopolis,RJ,-22.8166,-43.4163
26511,Nilopolis,RJ,-22.8167,-43.4172
26515,Nilopolis,RJ,-22.8203,-43.4227
26520,Nilopolis,RJ,-22.8125,-43.4291
26521,Nilopolis,RJ,-22.8095,-43.4325
26525,Nilopolis,RJ,-22.8057,-43.4231
26526,Nilopolis,RJ,-22.8043,-43.4211
26530,Nilopolis,RJ,-22.8016,-43.416
26535,Nilopolis,RJ,-22.7998,-43.4105
26540,Nilopolis,RJ,-22.8079,-43.4077
26545,Nilopolis,RJ,-22.8138,-43.4024
26550,Mesquita,RJ,-22.7708,-43.4313
26551,Mesquita,RJ,-22.7817,-43.4255
26553,Mesquita,RJ,-22.7863,-43.4314
26554,Mesquita,RJ,-22.7909,-43.4369
26556,Mesquita,RJ,-22.7778,-43.4366
26557,Mesquita,RJ,-22.7711,-43.4364
26560,Mesquita,RJ,-22.7729,-43.425
26562,Mesquita,RJ,-22.7701,-43.4223
26564,Mesquita,RJ,-22.7733,-43.4178
26570,Mesquita,RJ,-22.7781,-43.4171
26572,Mesquita,RJ,-22.7847,-43.4115
26574,Mesquita,RJ,-22.7777,-43.4039
26580,Mesquita,RJ,-22.7873,-43.421
26582,Mesquita,RJ,-22.7918,-43.4159
26584,Mesquita,RJ,-22.7971,-43.4266
26585,Mesquita,RJ,-22.7984,-43.4348
26587,Mesquita,RJ,-22.8046,-43.4357
26600,Paracambi,RJ,-22.6148,-43.7057
26650,Engenheiro Paulo De Frontin,RJ,-22.5373,-43.6658
26660,Sacra Familia Do Tingua,RJ,-22.4844,-43.6023
26700,Mendes,RJ,-22.526,-43.7332
26900,Miguel Pereira,RJ,-22.4555,-43.4701
26910,Governador Portela,RJ,-22.477,-43.4993
26920,Conrado,RJ,-22.5466,-43.5788
26950,Paty Do Alferes,RJ,-22.421,-43.4211
26980,Avelar,RJ,-22.3284,-43.4128
27110,Barra Do Pirai,RJ,-22.4742,-43.8356
27113,Barra Do Pirai,RJ,-22.4665,-43.8348
27115,Barra Do Pirai,RJ,-22.4582,-43.8208
27120,Barra Do Pirai,RJ,-22.4627,-43.8154
27123,Barra Do Pirai,RJ,-22.4742,-43.8304
27130,Barra Do Pirai,RJ,-22.4641,-43.8139
27135,Barra Do Pirai,RJ,-22.4715,-43.8218
27140,Barra Do Pirai,RJ,-22.4816,-43.8157
27143,Barra Do Pirai,RJ,-22.5085,-43.8089
27145,Barra Do Pirai,RJ,-22.48,-43.8212
27150,Barra Do Pirai,RJ,-22.4857,-43.8299
27155,Vargem Alegre,RJ,-22.5013,-43.9283
27160,Dorandia,RJ,-22.5271,-43.8473
27163,California Da Barra,RJ,-21.5177,-43.8525
27165,Sao Jose Do Turvo,RJ,-21.0678,-45.0734
27170,Ipiabas,RJ,-22.377,-43.8683
27175,Pirai,RJ,-22.625,-43.8967
27185,Arrozal,RJ,-22.5946,-44.0308
27195,Santanesia,RJ,-22.5256,-43.8156
27197,Pinheiral,RJ,-22.512,-44.0068
27210,Volta Redonda,RJ,-22.4886,-44.0719
27211,Volta Redonda,RJ,-22.4869,-44.0792
27212,Volta Redonda,RJ,-22.4973,-44.0739
27213,Volta Redonda,RJ,-22.506,-44.0898
27214,Volta Redonda,RJ,-22.4926,-44.0723
27215,Volta Redonda,RJ,-22.506,-44.0947
27220,Volta Redonda,RJ,-22.4868,-44.0611
27230,Volta Redonda,RJ,-22.4872,-44.0568
27240,Volta Redonda,RJ,-22.4996,-44.0545
27250,Volta Redonda,RJ,-22.5077,-44.0718
27251,Volta Redonda,RJ,-22.513,-44.0837
27253,Volta Redonda,RJ,-22.5159,-44.0898
27255,Volta Redonda,RJ,-22.5171,-44.098
27256,Volta Redonda,RJ,-22.5274,-44.0926
27257,Volta Redonda,RJ,-22.5672,-44.0819
27258,Volta Redonda,RJ,-22.537,-44.0771
27259,Volta Redonda,RJ,-22.5323,-44.0795
27260,Volta Redonda,RJ,-22.5205,-44.1006
27261,Volta Redonda,RJ,-22.5243,-44.1021
27262,Volta Redonda,RJ,-22.5217,-44.1128
27263,Volta Redonda,RJ,-22.5248,-44.1177
27264,Volta Redonda,RJ,-22.5304,-44.1201
27265,Volta Redonda,RJ,-22.527,-44.1275
27267,Volta Redonda,RJ,-22.5264,-44.12
27273,Volta Redonda,RJ,-22.519,-44.1361
27274,Volta Redonda,RJ,-22.5077,-44.1295
27275,Volta Redonda,RJ,-22.5036,-44.1155
27276,Volta Redonda,RJ,-22.4956,-44.136
27277,Volta Redonda,RJ,-22.497,-44.1275
27278,Volta Redonda,RJ,-22.4902,-44.1169
27279,Volta Redonda,RJ,-22.4896,-44.1137
27280,Volta Redonda,RJ,-22.4898,-44.1089
27281,Volta Redonda,RJ,-22.4988,-44.1049
27283,Volta Redonda,RJ,-22.5002,-44.0932
27285,Volta Redonda,RJ,-22.4948,-44.0878
27286,Volta Redonda,RJ,-22.4764,-44.0683
27288,Volta Redonda,RJ,-22.4661,-44.0987
27310,Barra Mansa,RJ,-22.5428,-44.1717
27313,Barra Mansa,RJ,-22.5219,-44.192
27320,Barra Mansa,RJ,-22.5159,-44.1924
27321,Barra Mansa,RJ,-22.5244,-44.1842
27322,Barra Mansa,RJ,-22.464,-44.1323
27323,Barra Mansa,RJ,-22.5375,-44.1685
27325,Barra Mansa,RJ,-22.5344,-44.1526
27330,Barra Mansa,RJ,-22.5485,-44.1676
27331,Barra Mansa,RJ,-22.552,-44.1545
27332,Barra Mansa,RJ,-22.5469,-44.132
27333,Barra Mansa,RJ,-22.5434,-44.126
27335,Barra Mansa,RJ,-22.5426,-44.1154
27336,Barra Mansa,RJ,-22.5527,-44.1227
27337,Barra Mansa,RJ,-22.5584,-44.1707
27338,Barra Mansa,RJ,-22.5643,-44.1619
27340,Barra Mansa,RJ,-22.5827,-44.1749
27343,Barra Mansa,RJ,-22.5628,-44.1716
27345,Barra Mansa,RJ,-22.5447,-44.1764
27347,Barra Mansa,RJ,-22.5557,-44.1811
27350,Barra Mansa,RJ,-22.54,-44.1908
27351,Barra Mansa,RJ,-22.5317,-44.2037
27353,Barra Mansa,RJ,-22.5455,-44.2326
27360,Barra Mansa,RJ,-22.5772,-44.2173
27365,Barra Mansa,RJ,-22.4522,-44.3048
27410,Quatis,RJ,-22.4134,-44.2618
27420,Quatis,RJ,-22.4124,-44.2661
27430,Quatis,RJ,-22.4048,-44.2549
27460,Rio Claro,RJ,-22.7307,-44.1305
27465,Getulândia,RJ,-22.6613,-44.1025
27470,Passa Tres,RJ,-22.6958,-44.0029
27475,Lidice,RJ,-22.8298,-44.1968
27510,Resende,RJ,-22.4652,-44.4583
27511,Resende,RJ,-22.4688,-44.4503
27512,Resende,RJ,-22.4731,-44.4349
27513,Resende,RJ,-22.4814,-44.4474
27514,Resende,RJ,-22.4744,-44.4514
27515,Resende,RJ,-22.4751,-44.456
27516,Resende,RJ,-22.4787,-44.4556
27520,Resende,RJ,-22.4717,-44.4606
27521,Resende,RJ,-22.4749,-44.4756
27522,Resende,RJ,-22.475,-44.4723
27523,Resende,RJ,-22.4889,-44.4818
27524,Resende,RJ,-22.4795,-44.4862
27525,Resende,RJ,-22.4795,-44.497
27532,Resende,RJ,-22.4608,-44.4806
27533,Resende,RJ,-22.4566,-44.4554
27534,Resende,RJ,-22.4566,-44.4466
27535,Resende,RJ,-22.4568,-44.4403
27536,Resende,RJ,-22.456,-44.432
27537,Resende,RJ,-22.4517,-44.3957
27540,Resende,RJ,-22.4587,-44.4053
27541,Resende,RJ,-22.4644,-44.4384
27542,Resende,RJ,-22.464,-44.4489
27553,Visconde De Maua,RJ,-22.3308,-44.5282
27555,Engenheiro Passos,RJ,-22.0566,-44.9922
27570,Porto Real,RJ,-22.4278,-44.3063
27580,Itatiaia,RJ,-22.4793,-44.5571
27598,Penedo,RJ,-22.4345,-44.532
27600,Valenca,RJ,-22.2459,-43.7071
27640,Barao De Juparana,RJ,-22.3444,-43.6816
27650,Parapeuna,RJ,-22.1636,-43.7671
27655,Conservatoria,RJ,-22.2864,-43.9204
27657,Santa Isabel Do Rio Preto,RJ,-22.2284,-44.0666
27660,Rio Das Flores,RJ,-22.1675,-43.5838
27665,Taboas,RJ,-22.2099,-43.6228
27690,Manuel Duarte,RJ,-22.0861,-43.5593
27700,Vassouras,RJ,-22.4077,-43.6677
27770,Andrade Pinto,RJ,-22.2391,-43.4235
27900,Macae,RJ,-22.3831,-41.7784
27910,Macae,RJ,-22.3738,-41.7807
27913,Macae,RJ,-22.381,-41.7743
27915,Macae,RJ,-22.3858,-41.7757
27916,Macae,RJ,-22.3817,-41.7783
27920,Macae,RJ,-22.3952,-41.7922
27923,Macae,RJ,-22.3914,-41.7814
27925,Macae,RJ,-22.4074,-41.8396
27930,Macae,RJ,-22.4002,-41.8156
27933,Macae,RJ,-22.3998,-41.8034
27935,Macae,RJ,-22.3908,-41.7911
27936,Macae,RJ,-22.3847,-41.7887
27937,Macae,RJ,-22.3953,-41.7946
27940,Macae,RJ,-22.3869,-41.7848
27943,Macae,RJ,-22.3781,-41.785
27944,Macae,RJ,-22.3543,-41.767
27945,Macae,RJ,-22.3725,-41.7943
27946,Macae,RJ,-22.3668,-41.7934
27947,Macae,RJ,-22.363,-41.797
27948,Macae,RJ,-22.3408,-41.8679
27950,Macae,RJ,-22.3424,-41.7598
27953,Macae,RJ,-22.3385,-41.7554
27955,Macae,RJ,-22.3346,-41.7527
27960,Macae,RJ,-22.3512,-41.7733
27961,Macae,RJ,-22.359,-41.7719
27963,Macae,RJ,-22.3394,-41.7563
27964,Macae,RJ,-22.3289,-41.7475
27965,Macae,RJ,-22.3266,-41.7316
27966,Macae,RJ,-22.3172,-41.7259
27970,Macae,RJ,-22.3101,-41.724
27971,Macae,RJ,-22.3277,-41.7407
27972,Macae,RJ,-22.3281,-41.7644
27973,Macae,RJ,-22.3607,-41.7722
27975,Macae,RJ,-22.3528,-41.7698
27979,Macae,RJ,-22.2547,-41.7927
27980,Macaé (Sana),RJ,-22.3154,-42.1812
27985,Glicerio,RJ,-22.2369,-42.0623
27987,Frade,RJ,-22.561,-43.5648
27995,Sana,RJ,-22.2707,-42.159
27998,Carapebus,RJ,-22.1907,-41.6574
28010,Campos Dos Goytacazes,RJ,-21.7618,-41.3227
28013,Campos Dos Goytacazes,RJ,-21.7628,-41.3096
28015,Campos Dos Goytacazes,RJ,-21.7704,-41.3057
28016,Campos Dos Goytacazes,RJ,-21.7656,-41.282
28020,Campos Dos Goytacazes,RJ,-21.7786,-41.297
28021,Campos Dos Goytacazes,RJ,-21.7949,-41.2881
28022,Campos Dos Goytacazes,RJ,-21.8038,-41.3021
28024,Campos Dos Goytacazes,RJ,-21.7767,-41.3128
28025,Campos Dos Goytacazes,RJ,-21.7831,-41.3241
28026,Campos Dos Goytacazes,RJ,-21.7804,-41.3273
28027,Campos Dos Goytacazes,RJ,-21.7746,-41.3233
28030,Campos Dos Goytacazes,RJ,-21.7623,-41.3399
28035,Campos Dos Goytacazes,RJ,-21.7565,-41.332
28040,Campos Dos Goytacazes,RJ,-21.8345,-41.4138
28050,Campos Dos Goytacazes,RJ,-21.7126,-41.2789
28051,Campos Dos Goytacazes,RJ,-21.7496,-41.3403
28053,Campos Dos Goytacazes,RJ,-21.7476,-41.3451
28055,Campos Dos Goytacazes,RJ,-21.7423,-41.3566
28057,Campos Dos Goytacazes,RJ,-21.7441,-41.3496
28060,Campos Dos Goytacazes,RJ,-21.7281,-41.332
28070,Campos Dos Goytacazes,RJ,-21.7215,-41.3221
28073,Campos Dos Goytacazes,RJ,-21.7214,-41.3159
28080,Campos Dos Goytacazes,RJ,-21.7427,-41.3131
28083,Campos Dos Goytacazes,RJ,-21.734,-41.3157
28085,Campos Dos Goytacazes,RJ,-21.7276,-41.3059
28090,Campos Dos Goytacazes,RJ,-21.7162,-41.3072
28093,Campos Dos Goytacazes,RJ,-21.705,-41.3058
28095,Campos Dos Goytacazes,RJ,-21.7411,-41.3554
28110,Goitacazes,RJ,-21.9678,-41.5485
28120,Campos dos Goytacazes (Santo Eduardo),RJ,-21.2215,-41.4812
28140,Santo Amaro De Campos,RJ,-18.1261,-42.9882
28143,Campos Dos Goytacazes,RJ,-21.8425,-41.2534
28145,Sao Sebastiao De Campos,RJ,-20.7573,-49.8818
28148,Tocos,RJ,-22.9035,-43.7877
28155,Santa Maria,RJ,-21.4755,-42.9046
28160,Campos dos Goytacazes,RJ,-21.9404,-41.4883
28165,Vila Nova De Campos,RJ,-25.9994,-50.7667
28175,Campos Dos Goytacazes,RJ,-22.3366,-42.4622
28178,Morro Do Coco,RJ,-21.3753,-41.3467
28180,Cardoso Moreira,RJ,-21.4929,-41.6151
28200,Sao Joao Da Barra,RJ,-21.6701,-41.0569
28220,Barcelos,RJ,-21.7212,-41.1617
28230,Sao Francisco De Itabapoana,RJ,-21.542,-41.176
28250,Italva,RJ,-21.4239,-41.692
28300,Itaperuna,RJ,-21.2034,-41.8935
28330,Retiro Do Muriae,RJ,-21.4425,-42.4235
28333,Raposo,RJ,-21.0995,-42.113
28340,Boa Ventura,RJ,-21.2079,-41.8898
28348,Comendador Venancio,RJ,-21.1804,-42.1048
28350,Laje Do Muriae,RJ,-21.2109,-42.1185
28360,Bom Jesus Do Itabapoana,RJ,-21.1343,-41.6766
28368,Calheiros,RJ,-21.0161,-41.7169
28372,Carabucu,RJ,-21.2162,-41.5917
28375,Varre-Sai,RJ,-20.9284,-41.8677
28380,Natividade,RJ,-21.0445,-41.975
28388,Bom Jesus do Itabapoana,RJ,-21.1412,-41.6741
28390,Porciuncula,RJ,-20.9667,-42.0415
28396,Purilandia,RJ,-20.9301,-41.9558
28398,Santa Clara,RJ,-20.8216,-41.9079
28400,Sao Fidelis,RJ,-21.6463,-41.7513
28405,Ipuca,RJ,-21.6416,-41.738
28415,Pureza,RJ,-21.5897,-41.8413
28420,Colônia,RJ,-21.6763,-41.8777
28425,Cambiasca,RJ,-21.7147,-41.925
28430,Cambuci,RJ,-21.5744,-41.9117
28435,Tres Irmaos,RJ,-21.6256,-41.9852
28450,Sao Joao Do Paraiso,RJ,-22.2816,-45.1035
28455,Sao Jose De Uba,RJ,-21.3602,-41.9399
28460,Miracema,RJ,-21.4115,-42.1964
28463,Paraiso Do Tobias,RJ,-21.4299,-42.1011
28470,Santo Antonio De Padua,RJ,-21.5529,-42.1962
28490,Monte Alegre,RJ,-17.6181,-40.3609
28495,Aperibe,RJ,-21.6258,-42.1049
28500,Cantagalo,RJ,-21.9744,-42.3542
28510,Santa Rita Da Floresta,RJ,-15.6329,-43.0726
28525,Boa Sorte,RJ,-21.8469,-42.2686
28530,Carmo,RJ,-21.9341,-42.6051
28540,Cordeiro,RJ,-22.0273,-42.3663
28545,Macuco,RJ,-21.9848,-42.2524
28550,Sao Sebastiao Do Alto,RJ,-21.9515,-42.132
28555,Valao Do Barro,RJ,-22.3458,-41.7577
28557,Ipituna,RJ,-20.1433,-41.8112
28570,Itaocara,RJ,-21.6788,-42.0858
28575,Itaocara,RJ,-21.6711,-42.0735
28580,Laranjais,RJ,-22.6842,-43.5768
28595,Portela,RJ,-21.8618,-42.3438
28605,Nova Friburgo,RJ,-22.2699,-42.5197
28610,Nova Friburgo,RJ,-22.2848,-42.5317
28611,Nova Friburgo,RJ,-22.2853,-42.5242
28613,Nova Friburgo,RJ,-22.2882,-42.5312
28614,Nova Friburgo,RJ,-22.2929,-42.5213
28615,Nova Friburgo,RJ,-22.3238,-42.5197
28616,Nova Friburgo,RJ,-22.3158,-42.4212
28617,Nova Friburgo,RJ,-22.2854,-42.5312
28620,Nova Friburgo,RJ,-22.3084,-42.5407
28621,Nova Friburgo,RJ,-22.3234,-42.5476
28623,Nova Friburgo,RJ,-22.302,-42.5377
28625,Nova Friburgo,RJ,-22.283,-42.5381
28630,Nova Friburgo,RJ,-22.2513,-42.5406
28633,Nova Friburgo,RJ,-22.238,-42.5259
28634,Nova Friburgo,RJ,-22.2148,-42.517
28635,Nova Friburgo,RJ,-22.2377,-42.5188
28637,Sumidouro,RJ,-22.0553,-42.6736
28640,Carmo,RJ,-21.9323,-42.6074
28644,Porto Velho Do Cunha,RJ,-21.8249,-42.5487
28650,Duas Barras,RJ,-22.0531,-42.5188
28655,Cordeiro,RJ,-22.0214,-42.3612
28660,Bom Jardim,RJ,-22.1597,-42.4169
28662,Banquete,RJ,-22.1746,-42.4726
28664,Sao Jose Do Ribeirao,RJ,-22.205,-42.3981
28680,Cachoeiras De Macacu,RJ,-22.4708,-42.6571
28685,Japuiba,RJ,-22.5628,-42.6946
28695,Papucaia,RJ,-22.6023,-42.7614
28735,Quissama,RJ,-22.1092,-41.47
28740,Conceicao De Macabu,RJ,-22.0881,-41.8673
28750,Trajano De Moraes,RJ,-22.0657,-42.0698
28755,Visconde De Imbe,RJ,-22.0703,-42.16
28770,Santa Maria Madalena,RJ,-21.9594,-42.0
28779,Santa Maria Madalena,RJ,-21.9559,-42.0079
28800,Rio Bonito,RJ,-22.7119,-42.63
28810,Boa Esperanca,RJ,-22.7519,-42.5336
28820,Silva Jardim,RJ,-22.643,-42.4094
28860,Casimiro De Abreu,RJ,-22.4861,-42.1932
28880,Barra De Sao Joao,RJ,-22.576,-41.9886
28890,Rio Das Ostras,RJ,-22.5364,-41.9666
28891,Rio Das Ostras,RJ,-22.5302,-41.9839
28892,Rio Das Ostras,RJ,-22.4307,-41.9901
28893,Rio Das Ostras,RJ,-22.5235,-41.9456
28894,Rio Das Ostras,RJ,-22.5143,-41.9488
28895,Rio Das Ostras,RJ,-22.5077,-41.9249
28896,Rio Das Ostras,RJ,-22.5076,-41.9314
28897,Rio Das Ostras,RJ,-22.4933,-41.9128
28898,Rio Das Ostras,RJ,-22.4491,-41.8695
28899,Rio Das Ostras,RJ,-22.4767,-41.9081
28900,Cabo Frio,RJ,-22.6722,-42.0065
28905,Cabo Frio,RJ,-22.8839,-42.0256
28906,Cabo Frio,RJ,-22.8779,-42.0106
28907,Cabo Frio,RJ,-22.8805,-42.0196
28908,Cabo Frio,RJ,-22.894,-42.0333
28909,Cabo Frio,RJ,-22.894,-42.0445
28910,Cabo Frio,RJ,-22.8809,-42.0373
28911,Cabo Frio,RJ,-22.8787,-42.0447
28912,Cabo Frio,RJ,-22.8484,-42.0427
28913,Cabo Frio,RJ,-22.8442,-42.0314
28915,Cabo Frio,RJ,-22.8643,-42.0269
28920,Cabo Frio,RJ,-22.8332,-42.0248
28921,Cabo Frio,RJ,-22.8335,-42.0097
28922,Cabo Frio,RJ,-22.8584,-42.0079
28923,Cabo Frio,RJ,-22.8213,-41.9958
28924,Cabo Frio,RJ,-22.8507,-42.005
28925,Cabo Frio,RJ,-22.6524,-42.006
28926,Cabo Frio,RJ,-22.6401,-42.0055
28927,Cabo Frio,RJ,-22.6264,-42.0064
28928,Cabo Frio,RJ,-22.6802,-42.0083
28929,Cabo Frio,RJ,-22.7502,-42.0116
28930,Arraial Do Cabo,RJ,-22.9636,-42.0507
28940,Sao Pedro Da Aldeia,RJ,-22.837,-42.1121
28941,Sao Pedro Da Aldeia,RJ,-22.8098,-42.1644
28942,Sao Pedro Da Aldeia,RJ,-22.8415,-42.117
28943,Sao Pedro Da Aldeia,RJ,-22.8539,-42.0605
28944,Sao Pedro Da Aldeia,RJ,-22.8093,-42.1413
28945,Sao Pedro Da Aldeia,RJ,-19.9433,-43.9359
28948,Sao Pedro Da Aldeia,RJ,-22.8154,-42.1117
28949,Sao Pedro Da Aldeia,RJ,-22.8322,-42.1423
28950,Armacao Dos Buzios,RJ,-22.7666,-41.9087
28960,Iguaba Grande,RJ,-22.8392,-42.2221
28970,Araruama,RJ,-22.8697,-42.3214
28980,Sao Vicente De Paula,RJ,-22.7266,-42.292
28990,Saquarema,RJ,-22.9238,-42.5045
28991,Saquarema,RJ,-22.9127,-42.4765
28992,Saquarema,RJ,-22.9043,-42.4205
28993,Bacaxa,RJ,-22.8933,-42.47
28994,Saquarema,RJ,-22.8961,-42.4692
28995,Saquarema,RJ,-22.88,-42.4739
28997,Saquarema,RJ,-22.8599,-42.596
28998,Saquarema,RJ,-22.8827,-42.5997
28999,Saquarema,RJ,-22.9266,-42.6023
29001,Vitoria,ES,-20.3218,-40.3386
29010,Vitoria,ES,-20.32,-40.3329
29014,Vitoria,ES,-20.3187,-40.3306
29015,Vitoria,ES,-20.3179,-40.3376
29016,Vitoria,ES,-20.3179,-40.3363
29017,Vitoria,ES,-20.3172,-40.3241
29018,Vitoria,ES,-20.3188,-40.3416
29020,Vitoria,ES,-20.3208,-40.3462
29023,Vitoria,ES,-20.297,-40.3473
29024,Vitoria,ES,-20.2903,-40.3413
29025,Vitoria,ES,-20.3161,-40.3522
29026,Vitoria,ES,-20.3098,-40.352
29027,Vitoria,ES,-20.3085,-40.3463
29030,Vitoria,ES,-20.283,-40.3364
29031,Vitoria,ES,-20.2826,-40.3306
29032,Vitoria,ES,-20.2526,-40.3196
29033,Vitoria,ES,-20.2787,-40.3298
29040,Vitoria,ES,-20.3095,-40.3192
29041,Vitoria,ES,-20.3118,-40.32
29042,Vitoria,ES,-20.3046,-40.3206
29043,Vitoria,ES,-20.2962,-40.3208
29045,Vitoria,ES,-20.2975,-40.3064
29046,Vitoria,ES,-20.2953,-40.3084
29047,Vitoria,ES,-20.2985,-40.3097
29048,Vitoria,ES,-20.2899,-40.3157
29050,Vitoria,ES,-20.314,-40.2987
29051,Vitoria,ES,-20.3127,-40.319
29052,Vitoria,ES,-20.3127,-40.2976
29053,Vitoria,ES,-20.314,-40.3141
29055,Vitoria,ES,-20.3006,-40.295
29056,Vitoria,ES,-20.3045,-40.2996
29057,Vitoria,ES,-20.2948,-40.2965
29060,Vitoria,ES,-20.2846,-40.2954
29062,Vitoria,ES,-20.2777,-40.2963
29065,Vitoria,ES,-20.277,-40.2925
29066,Vitoria,ES,-20.2758,-40.2892
29070,Vitoria,ES,-20.2641,-40.2963
29072,Vitoria,ES,-20.2593,-40.2945
29075,Vitoria,ES,-20.2687,-40.3012
29090,Vitoria,ES,-20.2589,-40.2676
29092,Vitoria,ES,-20.2477,-40.2716
29100,Vila Velha,ES,-20.3396,-40.2955
29101,Vila Velha,ES,-20.345,-40.2879
29102,Vila Velha,ES,-20.3713,-40.3072
29103,Vila Velha,ES,-20.3847,-40.3237
29104,Vila Velha,ES,-20.3667,-40.3172
29105,Vila Velha,ES,-20.3787,-40.3195
29106,Vila Velha,ES,-20.3498,-40.3067
29107,Vila Velha,ES,-20.3541,-40.3013
29108,Vila Velha,ES,-20.3555,-40.3141
29109,Vila Velha,ES,-20.3552,-40.3143
29110,Vila Velha,ES,-20.351,-40.3212
29111,Vila Velha,ES,-20.351,-40.3535
29112,Vila Velha,ES,-20.3623,-40.3541
29113,Vila Velha,ES,-20.3777,-40.3505
29114,Vila Velha,ES,-20.3316,-40.3425
29115,Vila Velha,ES,-20.3355,-40.3312
29116,Vila Velha,ES,-20.3425,-40.3377
29117,Vila Velha,ES,-20.3438,-40.3451
29118,Vila Velha,ES,-20.348,-40.3373
29119,Vila Velha,ES,-20.3504,-40.3232
29120,Vila Velha,ES,-20.3515,-40.32
29121,Vila Velha,ES,-20.3382,-40.319
29122,Vila Velha,ES,-20.339,-40.3091
29124,Vila Velha,ES,-20.4407,-40.3426
29125,Vila Velha,ES,-20.4269,-40.3272
29126,Vila Velha,ES,-20.4118,-40.3376
29127,Vila Velha,ES,-20.4444,-40.3573
29128,Vila Velha,ES,-20.5096,-40.3736
29129,Vila Velha,ES,-20.5076,-40.3611
29130,Viana,ES,-20.3893,-40.4902
29131,Viana,ES,-20.4214,-40.4604
29132,Viana,ES,-20.3905,-40.4745
29134,Viana,ES,-20.3552,-40.4312
29135,Viana,ES,-20.3514,-40.4284
29136,Viana,ES,-20.3643,-40.4211
29137,Viana,ES,-20.3689,-40.4246
29138,Viana,ES,-20.3703,-40.4164
29140,Cariacica,ES,-20.3411,-40.3644
29141,Cariacica,ES,-20.353,-40.373
29142,Cariacica,ES,-20.3636,-40.3746
29143,Cariacica,ES,-20.3499,-40.384
29144,Cariacica,ES,-20.3473,-40.3954
29145,Cariacica,ES,-20.3485,-40.3942
29146,Cariacica,ES,-20.3405,-40.3849
29147,Cariacica,ES,-20.3359,-40.39
29148,Cariacica,ES,-20.3347,-40.4005
29149,Cariacica,ES,-20.3301,-40.3904
29150,Cariacica,ES,-20.3225,-40.3776
29151,Cariacica,ES,-20.3286,-40.3694
29152,Cariacica,ES,-20.317,-40.3723
29153,Cariacica,ES,-20.3065,-40.3709
29154,Cariacica,ES,-20.3094,-40.3912
29155,Cariacica,ES,-20.2925,-40.384
29156,Cariacica,ES,-20.2785,-40.4117
29157,Cariacica,ES,-20.2644,-40.3895
29158,Cariacica,ES,-20.3126,-40.4
29160,Serra,ES,-20.2362,-40.272
29161,Serra,ES,-20.224,-40.2758
29162,Serra,ES,-20.197,-40.2711
29163,Serra,ES,-20.2181,-40.243
29164,Serra,ES,-20.2117,-40.2396
29165,Serra,ES,-20.1992,-40.2577
29166,Serra,ES,-20.1881,-40.2417
29167,Serra,ES,-20.1795,-40.2583
29168,Serra,ES,-20.1585,-40.2461
29169,Serra,ES,-20.1502,-40.2651
29170,Serra,ES,-20.1543,-40.269
29171,Serra,ES,-20.1385,-40.2478
29172,Serra,ES,-20.1713,-40.2046
29173,Serra,ES,-20.1587,-40.1921
29174,Serra,ES,-20.0642,-40.183
29175,Serra,ES,-20.1402,-40.1936
29176,Serra,ES,-20.1351,-40.2998
29177,Serra,ES,-20.1215,-40.306
29178,Serra,ES,-20.1359,-40.2984
29179,Serra,ES,-20.1174,-40.2931
29180,Serra,ES,-20.072,-40.3622
29182,Serra,ES,-20.0645,-40.2023
29185,Fundao,ES,-19.9442,-40.3845
29187,Praia Grande,ES,-20.0393,-40.1871
29190,Aracruz,ES,-19.8226,-40.2711
29192,Aracruz,ES,-19.8353,-40.2615
29193,Aracruz,ES,-19.8318,-40.2725
29194,Aracruz,ES,-19.8242,-40.2643
29195,Coqueiral,ES,-19.9301,-40.1537
29196,Aracruz,ES,-19.8214,-40.2741
29197,Aracruz,ES,-19.8223,-40.063
29198,Aracruz,ES,-19.8953,-40.0991
29199,Aracruz,ES,-19.927,-40.1435
29200,Guarapari,ES,-20.6722,-40.5
29201,Guarapari,ES,-20.6819,-40.5091
29202,Guarapari,ES,-20.6721,-40.517
29203,Guarapari,ES,-20.6764,-40.5174
29206,Guarapari,ES,-20.7172,-40.5243
29208,Guarapari,ES,-20.6824,-40.5192
29209,Guarapari,ES,-20.7313,-40.5527
29210,Guarapari,ES,-20.6653,-40.5072
29211,Guarapari,ES,-20.644,-40.5128
29212,Guarapari,ES,-20.6417,-40.5151
29213,Guarapari,ES,-20.6408,-40.509
29214,Guarapari,ES,-20.6567,-40.5057
29215,Guarapari,ES,-20.6602,-40.4986
29216,Guarapari,ES,-20.653,-40.4871
29217,Guarapari,ES,-20.6543,-40.4902
29220,Guarapari,ES,-20.6281,-40.4762
29221,Guarapari,ES,-20.6189,-40.4565
29222,Guarapari,ES,-20.6424,-40.5001
29227,Guarapari,ES,-20.6481,-40.4908
29230,Anchieta,ES,-20.8004,-40.6488
29240,Alfredo Chaves,ES,-20.627,-40.7493
29255,Marechal Floriano,ES,-20.4155,-40.689
29258,Araguaia,ES,-20.4155,-40.6441
29260,Domingos Martins,ES,-20.3542,-40.7033
29263,Isabel,ES,-20.3738,-40.5631
29273,Domingos Martins,ES,-20.3402,-40.7317
29278,Arace,ES,-20.0109,-40.7985
29280,Iconha,ES,-20.7893,-40.8134
29285,Piuma,ES,-20.8399,-40.7344
29290,Rio Novo Do Sul,ES,-20.8605,-40.9353
29295,Vargem Alta,ES,-20.6448,-41.0072
29297,Jacigua,ES,-20.7068,-41.0171
29300,Cachoeiro De Itapemirim,ES,-20.8475,-41.1201
29301,Cachoeiro De Itapemirim,ES,-20.8418,-41.129
29302,Cachoeiro De Itapemirim,ES,-20.8494,-41.1293
29303,Cachoeiro De Itapemirim,ES,-20.853,-41.1182
29304,Cachoeiro De Itapemirim,ES,-20.8586,-41.1169
29305,Cachoeiro De Itapemirim,ES,-20.8553,-41.1087
29306,Cachoeiro De Itapemirim,ES,-20.8508,-41.1058
29307,Cachoeiro De Itapemirim,ES,-20.8447,-41.1108
29308,Cachoeiro De Itapemirim,ES,-20.8425,-41.1189
29309,Cachoeiro De Itapemirim,ES,-20.8372,-41.1171
29310,Cachoeiro De Itapemirim,ES,-20.8441,-41.1397
29311,Cachoeiro De Itapemirim,ES,-20.8457,-41.1444
29312,Cachoeiro De Itapemirim,ES,-20.8489,-41.1531
29313,Cachoeiro De Itapemirim,ES,-20.8323,-41.1573
29314,Cachoeiro De Itapemirim,ES,-20.8441,-41.1535
29315,Cachoeiro De Itapemirim,ES,-20.8472,-41.1548
29316,Cachoeiro De Itapemirim,ES,-20.8471,-41.1129
29317,Cachoeiro De Itapemirim,ES,-20.8471,-41.1397
29321,Vargem Grande Do Soturno,ES,-20.9885,-42.2373
29323,Pacotuba,ES,-20.7627,-41.2716
29325,Itaoca,ES,-20.7258,-41.134
29327,Burarama,ES,-20.1028,-40.5626
29328,Corrego Dos Monos,ES,-20.8833,-41.2
29329,Conduru,ES,-20.6877,-41.202
29330,Itapemirim,ES,-20.9492,-40.8078
29338,Itaipava,ES,-20.8983,-40.7802
29345,Marataizes,ES,-21.0323,-40.8227
29350,Presidente Kennedy,ES,-21.1229,-41.0406
29360,Castelo,ES,-20.6054,-41.2052
29370,Conceicao Do Castelo,ES,-20.3612,-41.2498
29375,Venda Nova Do Imigrante,ES,-20.3389,-41.1329
29378,Sao Joao De Vicosa,ES,-20.3367,-41.1851
29380,Muniz Freire,ES,-20.4625,-41.4147
29386,Muniz Freire,ES,-20.336,-41.3905
29390,Iuna,ES,-20.3491,-41.5337
29395,Ibatiba,ES,-20.2339,-41.5068
29398,Irupi,ES,-20.3458,-41.6409
29400,Mimoso Do Sul,ES,-21.0616,-41.363
29420,Sao Jose Das Torres,ES,-19.9004,-43.999
29450,Apiaca,ES,-21.1533,-41.5674
29460,Bom Jesus Do Norte,ES,-21.1266,-41.6728
29470,Sao Jose Do Calcado,ES,-21.0203,-41.6531
29475,Alto Calcado,ES,-20.9461,-41.62
29480,Muqui,ES,-20.9521,-41.3422
29490,Atilio Vivacqua,ES,-20.9251,-41.1965
29500,Alegre,ES,-20.7602,-41.5352
29510,Celina,ES,-19.8516,-40.5707
29515,Cafe,ES,-20.7715,-41.5356
29520,Rive,ES,-20.7567,-41.4593
29540,Ibitirama,ES,-20.5371,-41.6653
29550,Jeronimo Monteiro,ES,-20.7914,-41.3921
29560,Guacui,ES,-20.7726,-41.675
29564,São Pedro De Rates,ES,-20.7811,-41.8006
29580,Dores Do Rio Preto,ES,-20.6828,-41.8427
29590,Divino De Sao Lourenco,ES,-20.6117,-41.6947
29600,Afonso Claudio,ES,-20.0768,-41.1237
29609,Afonso Claudio,ES,-20.0789,-41.1243
29615,Laranja Da Terra,ES,-19.893,-41.058
29619,Laranja Da Terra,ES,-19.8253,-41.1111
29620,Itarana,ES,-19.8773,-40.8742
29630,Brejetuba,ES,-20.1477,-41.2916
29640,Santa Leopoldina,ES,-20.1004,-40.5321
29645,Santa Maria De Jetiba,ES,-20.0314,-40.7512
29650,Santa Teresa,ES,-19.9428,-40.6065
29654,Santo Antonio Do Canaa,ES,-19.8243,-40.655
29660,Santa Teresa,ES,-19.8799,-40.6267
29665,Sao Roque Do Canaa,ES,-19.7393,-40.6632
29670,Ibiracu,ES,-19.8316,-40.3701
29680,Joao Neiva,ES,-19.751,-40.3867
29687,Acioli,ES,-19.6559,-40.4634
29690,Itaguacu,ES,-19.793,-40.8539
29695,Itaimbe,ES,-19.6647,-40.8365
29700,Colatina,ES,-19.5393,-40.626
29701,Colatina,ES,-19.5407,-40.6288
29702,Colatina,ES,-19.5455,-40.6341
29703,Colatina,ES,-19.5237,-40.6393
29704,Colatina,ES,-19.5266,-40.6624
29705,Colatina,ES,-19.5108,-40.6331
29706,Colatina,ES,-19.5212,-40.6469
29707,Colatina,ES,-19.542,-40.6433
29708,Colatina,ES,-19.5463,-40.6231
29709,Colatina,ES,-19.5202,-40.6847
29712,Colatina,ES,-19.5257,-40.5701
29714,Colatina,ES,-19.546,-40.633
29718,São Domingos do Norte,ES,-19.1311,-40.6315
29720,Governador Lindenberg,ES,-19.2527,-40.461
29724,Novo Brasil,ES,-19.2494,-40.5183
29725,Marilandia,ES,-19.412,-40.5429
29730,Baixo Guandu,ES,-19.5126,-41.0129
29735,Quilometro 14 Do Mutum,ES,-19.3986,-40.9053
29737,Alto Mutum Preto,ES,-19.275,-40.9075
29745,Sao Domingos Do Norte,ES,-19.1388,-40.6155
29750,Pancas,ES,-19.1959,-40.8462
29752,Vila Verde,ES,-18.9728,-40.8732
29755,Lajinha,ES,-19.4445,-41.0152
29760,Alto Rio Novo,ES,-19.0582,-41.0188
29770,Mantenopolis,ES,-18.8637,-41.1188
29772,Santa Luzia De Mantenopolis,ES,-18.8849,-41.0155
29780,Sao Gabriel Da Palha,ES,-19.0175,-40.5373
29785,Vila Valerio,ES,-18.9949,-40.3831
29795,Aguia Branca,ES,-18.9857,-40.7423
29800,Barra De Sao Francisco,ES,-18.7483,-40.8859
29807,Monte Sinai,ES,-18.5866,-40.887
29815,Paulista,ES,-18.6648,-40.795
29820,Agua Doce Do Norte,ES,-18.5431,-40.985
29822,Vila Nelita,ES,-18.4767,-41.0188
29824,Santo Agostinho,ES,-18.4128,-41.0367
29826,Governador Lacerda De Aguiar,ES,-18.6336,-40.9428
29830,Nova Venecia,ES,-18.7066,-40.4064
29843,Vila Pavao,ES,-18.6199,-40.6042
29845,Boa Esperanca,ES,-18.5358,-40.3013
29850,Ecoporanga,ES,-18.3688,-40.826
29880,Mucurici,ES,-18.085,-40.5211
29884,Itabaiana,ES,-12.6385,-37.9473
29885,Ponto Belo,ES,-18.1299,-40.5383
29890,Montanha,ES,-18.1311,-40.3571
29894,Vinhatico,ES,-18.1986,-40.2638
29900,Linhares,ES,-19.3943,-40.0674
29901,Linhares,ES,-19.3985,-40.0575
29902,Linhares,ES,-19.3806,-40.0621
29903,Linhares,ES,-19.3925,-40.0481
29904,Linhares,ES,-19.3755,-40.0576
29905,Linhares,ES,-19.3647,-40.0526
29906,Linhares,ES,-19.3554,-40.0537
29907,Linhares,ES,-19.3753,-40.0715
29908,Linhares,ES,-19.3496,-40.05
29909,Linhares,ES,-19.2996,-40.0662
29913,Linhares,ES,-19.4083,-40.0646
29918,Linhares,ES,-19.3917,-40.0611
29920,Rio Bananal,ES,-19.2624,-40.3253
29925,Sao Jorge Do Tiradentes,ES,-8.4459,-53.4789
29927,Sooretama,ES,-19.1891,-40.1009
29930,Sao Mateus,ES,-18.7182,-39.8549
29931,Sao Mateus,ES,-18.7175,-39.866
29932,Sao Mateus,ES,-18.7118,-39.8725
29933,Sao Mateus,ES,-18.7192,-39.8479
29934,Sao Mateus,ES,-18.7183,-39.8386
29936,Sao Mateus,ES,-18.7298,-39.8479
29937,Sao Mateus,ES,-18.7328,-39.8424
29938,Sao Mateus,ES,-18.726,-39.8558
29940,Sao Mateus,ES,-18.7191,-39.874
29941,Sao Mateus,ES,-18.7178,-39.8742
29942,Sao Mateus,ES,-18.7264,-39.8674
29943,Sao Mateus,ES,-18.7222,-39.9177
29944,Sao Mateus,ES,-18.7735,-39.755
29945,Sao Mateus,ES,-18.7404,-39.7547
29946,Sao Mateus,ES,-18.7336,-39.773
29949,São Mateus,ES,-18.7114,-39.8512
29950,Jaguare,ES,-18.9084,-40.0759
29960,Conceicao Da Barra,ES,-18.577,-39.7376
29965,Itaunas,ES,-18.4187,-39.7081
29967,Braco Do Rio,ES,-19.2459,-40.0912
29970,Pedro Canario,ES,-18.2932,-39.9586
29978,Cristal Do Norte,ES,-18.0892,-40.1096
29980,Pinheiros,ES,-18.4109,-40.2194
29985,Sao Joao Do Sobrado,ES,-18.321,-40.4057
30001,Belo Horizonte,MG,-19.924,-43.9357
30035,Belo Horizonte,MG,-19.9012,-43.9184
30108,Belo Horizonte,MG,-18.9919,-49.4507
30110,Belo Horizonte,MG,-19.9295,-43.9369
30111,Belo Horizonte,MG,-19.9178,-43.9424
30112,Belo Horizonte,MG,-19.9372,-43.9356
30120,Belo Horizonte,MG,-19.9185,-43.9399
30130,Belo Horizonte,MG,-19.9319,-43.9326
30140,Belo Horizonte,MG,-19.931,-43.936
30150,Belo Horizonte,MG,-19.926,-43.927
30160,Belo Horizonte,MG,-19.9275,-43.9396
30166,Belo Horizonte,MG,-19.9262,-43.9378
30170,Belo Horizonte,MG,-19.9271,-43.945
30171,Belo Horizonte,MG,-19.924,-43.9444
30180,Belo Horizonte,MG,-19.9264,-43.9459
30186,Belo Horizonte,MG,-19.9081,-43.8838
30190,Belo Horizonte,MG,-19.9246,-43.9461
30210,Belo Horizonte,MG,-19.9508,-43.9184
30220,Belo Horizonte,MG,-19.9401,-43.9196
30230,Belo Horizonte,MG,-19.9288,-43.9116
30240,Belo Horizonte,MG,-19.9296,-43.9178
30250,Belo Horizonte,MG,-19.9279,-43.9217
30260,Belo Horizonte,MG,-19.9244,-43.9118
30270,Belo Horizonte,MG,-19.9213,-43.9062
30280,Belo Horizonte,MG,-19.9081,-43.9044
30285,Belo Horizonte,MG,-19.9167,-43.9018
30286,Belo Horizonte,MG,-19.9266,-43.9258
30290,Belo Horizonte,MG,-19.919,-43.8832
30295,Belo Horizonte,MG,-19.9137,-43.8835
30310,Belo Horizonte,MG,-19.9466,-43.9285
30315,Belo Horizonte,MG,-19.9538,-43.9309
30320,Belo Horizonte,MG,-19.9671,-43.9399
30328,Belo Horizonte,MG,-19.9699,-43.9424
30330,Belo Horizonte,MG,-19.9449,-43.9396
30335,Belo Horizonte,MG,-19.9251,-43.9384
30350,Belo Horizonte,MG,-19.9481,-43.9476
30360,Belo Horizonte,MG,-19.9644,-43.9486
30380,Belo Horizonte,MG,-19.9458,-43.9526
30390,Belo Horizonte,MG,-19.9928,-43.9664
30410,Belo Horizonte,MG,-19.9239,-43.9682
30411,Belo Horizonte,MG,-19.9261,-43.9662
30420,Belo Horizonte,MG,-19.9308,-43.9989
30421,Belo Horizonte,MG,-19.9371,-43.9763
30430,Belo Horizonte,MG,-19.9335,-43.9623
30431,Belo Horizonte,MG,-19.9355,-43.9668
30441,Belo Horizonte,MG,-19.9371,-43.9577
30451,Belo Horizonte,MG,-19.9326,-43.9627
30455,Belo Horizonte,MG,-19.9693,-43.9615
30460,Belo Horizonte,MG,-19.9423,-43.9724
30480,Belo Horizonte,MG,-19.9283,-43.9752
30490,Belo Horizonte,MG,-19.9515,-43.9749
30492,Belo Horizonte,MG,-19.9692,-43.9674
30493,Belo Horizonte,MG,-19.9732,-43.9648
30494,Belo Horizonte,MG,-19.9601,-43.9616
30510,Belo Horizonte,MG,-19.9382,-43.9923
30512,Belo Horizonte,MG,-19.9431,-44.0001
30514,Belo Horizonte,MG,-19.9523,-43.9924
30516,Belo Horizonte,MG,-19.9516,-43.9901
30518,Belo Horizonte,MG,-19.9525,-44.0033
30520,Belo Horizonte,MG,-19.9404,-44.0185
30525,Belo Horizonte,MG,-19.9342,-44.014
30530,Belo Horizonte,MG,-19.9293,-44.0001
30532,Belo Horizonte,MG,-19.939,-44.0041
30535,Belo Horizonte,MG,-19.9239,-43.9915
30540,Belo Horizonte,MG,-19.963,-43.9952
30550,Belo Horizonte,MG,-19.9436,-43.9818
30555,Belo Horizonte,MG,-19.9539,-43.9777
30570,Belo Horizonte,MG,-19.9581,-43.9789
30575,Belo Horizonte,MG,-19.9738,-43.9726
30580,Belo Horizonte,MG,-19.9622,-43.9872
30590,Belo Horizonte,MG,-19.9623,-43.9936
30610,Belo Horizonte,MG,-19.963,-44.0031
30620,Belo Horizonte,MG,-19.9833,-44.0014
30622,Belo Horizonte,MG,-19.9877,-43.9915
30624,Belo Horizonte,MG,-19.9958,-43.9968
30626,Belo Horizonte,MG,-20.0018,-44.0102
30627,Belo Horizonte,MG,-19.9954,-44.0204
30628,Belo Horizonte,MG,-20.0,-43.9951
30640,Belo Horizonte,MG,-19.9774,-44.0206
30642,Belo Horizonte,MG,-19.9831,-44.0122
30644,Belo Horizonte,MG,-19.99,-44.0132
30660,Belo Horizonte,MG,-19.986,-44.025
30662,Belo Horizonte,MG,-19.9856,-44.0412
30664,Belo Horizonte,MG,-20.0013,-44.0368
30666,Belo Horizonte,MG,-20.0103,-44.0307
30668,Belo Horizonte,MG,-20.0009,-44.0289
30670,Belo Horizonte,MG,-20.0025,-44.0214
30672,Belo Horizonte,MG,-20.0251,-44.0691
30686,Belo Horizonte,MG,-19.9961,-44.0332
30690,Belo Horizonte,MG,-19.9777,-44.0497
30692,Belo Horizonte,MG,-19.9867,-44.0486
30710,Belo Horizonte,MG,-19.9134,-43.9587
30720,Belo Horizonte,MG,-19.9143,-43.9757
30730,Belo Horizonte,MG,-19.9153,-43.9869
30750,Belo Horizonte,MG,-19.9001,-43.9781
30760,Belo Horizonte,MG,-19.9081,-43.9618
30770,Belo Horizonte,MG,-19.9065,-43.9708
30775,Belo Horizonte,MG,-19.8965,-43.9688
30810,Belo Horizonte,MG,-19.8977,-43.9852
30820,Belo Horizonte,MG,-19.9059,-43.9968
30830,Belo Horizonte,MG,-19.9025,-44.0033
30840,Belo Horizonte,MG,-19.8903,-43.9994
30850,Belo Horizonte,MG,-19.92,-44.0041
30855,Belo Horizonte,MG,-19.9221,-44.0136
30860,Belo Horizonte,MG,-19.9191,-44.0097
30865,Belo Horizonte,MG,-19.9134,-44.0217
30870,Belo Horizonte,MG,-19.9069,-44.009
30880,Belo Horizonte,MG,-19.9024,-44.0167
30881,Belo Horizonte,MG,-19.8955,-44.0155
30882,Belo Horizonte,MG,-19.8816,-44.0093
31010,Belo Horizonte,MG,-19.9151,-43.9176
31015,Belo Horizonte,MG,-19.9111,-43.9257
31030,Belo Horizonte,MG,-19.9061,-43.9237
31035,Belo Horizonte,MG,-19.8983,-43.9206
31050,Belo Horizonte,MG,-19.8986,-43.8952
31060,Belo Horizonte,MG,-19.8939,-43.9039
31070,Belo Horizonte,MG,-19.8886,-43.8981
31080,Belo Horizonte,MG,-19.8849,-43.9093
31110,Belo Horizonte,MG,-19.9049,-43.9369
31130,Belo Horizonte,MG,-19.892,-43.9424
31140,Belo Horizonte,MG,-19.8946,-43.9312
31150,Belo Horizonte,MG,-19.8797,-43.9437
31155,Belo Horizonte,MG,-19.8731,-43.9379
31160,Belo Horizonte,MG,-19.8789,-43.9315
31170,Belo Horizonte,MG,-19.8865,-43.9239
31210,Belo Horizonte,MG,-19.9067,-43.9489
31230,Belo Horizonte,MG,-19.8974,-43.9572
31235,Belo Horizonte,MG,-19.8922,-43.9546
31250,Belo Horizonte,MG,-19.8866,-43.959
31255,Belo Horizonte,MG,-19.8695,-43.9509
31260,Belo Horizonte,MG,-19.8602,-43.9407
31270,Belo Horizonte,MG,-19.8596,-43.9556
31275,Belo Horizonte,MG,-19.8587,-43.9671
31310,Belo Horizonte,MG,-19.8734,-43.9823
31320,Belo Horizonte,MG,-19.8854,-43.9839
31330,Belo Horizonte,MG,-19.8778,-43.9954
31340,Belo Horizonte,MG,-19.8648,-43.9896
31360,Belo Horizonte,MG,-19.8729,-44.0104
31365,Belo Horizonte,MG,-19.8661,-44.0007
31370,Belo Horizonte,MG,-19.8466,-44.0064
31510,Belo Horizonte,MG,-19.8143,-43.9656
31515,Belo Horizonte,MG,-19.8233,-43.9612
31520,Belo Horizonte,MG,-19.8195,-43.9688
31525,Belo Horizonte,MG,-19.8259,-43.9724
31530,Belo Horizonte,MG,-19.8264,-43.9798
31535,Belo Horizonte,MG,-19.8147,-43.981
31540,Belo Horizonte,MG,-19.8287,-43.9891
31545,Belo Horizonte,MG,-19.8353,-44.0041
31550,Belo Horizonte,MG,-19.8398,-43.9859
31555,Belo Horizonte,MG,-19.8416,-43.9802
31560,Belo Horizonte,MG,-19.8385,-43.9744
31565,Belo Horizonte,MG,-19.8339,-43.9668
31570,Belo Horizonte,MG,-19.8077,-43.9804
31573,Belo Horizonte,MG,-19.811,-43.99
31575,Belo Horizonte,MG,-19.8057,-43.9964
31578,Belo Horizonte,MG,-19.8136,-44.0021
31580,Belo Horizonte,MG,-19.8223,-43.9978
31585,Belo Horizonte,MG,-19.8241,-44.0066
31610,Belo Horizonte,MG,-19.8128,-43.9541
31615,Belo Horizonte,MG,-19.8072,-43.9622
31620,Belo Horizonte,MG,-19.8024,-43.9671
31630,Belo Horizonte,MG,-19.8011,-43.9565
31640,Belo Horizonte,MG,-19.8053,-43.9738
31650,Belo Horizonte,MG,-19.8159,-43.9655
31652,Belo Horizonte,MG,-19.7983,-43.977
31655,Belo Horizonte,MG,-19.7894,-43.9846
31660,Belo Horizonte,MG,-19.8074,-43.9849
31680,Belo Horizonte,MG,-19.8004,-43.9947
31710,Belo Horizonte,MG,-19.84,-43.9593
31720,Belo Horizonte,MG,-19.8322,-43.953
31725,Belo Horizonte,MG,-19.8398,-43.9449
31730,Belo Horizonte,MG,-19.8361,-43.9454
31741,Belo Horizonte,MG,-19.8452,-43.9417
31742,Belo Horizonte,MG,-19.8304,-43.937
31744,Belo Horizonte,MG,-19.8328,-43.9496
31746,Belo Horizonte,MG,-19.8103,-43.9356
31748,Belo Horizonte,MG,-19.8038,-43.9395
31749,Belo Horizonte,MG,-19.8408,-43.973
31760,Belo Horizonte,MG,-19.8358,-43.9398
31765,Belo Horizonte,MG,-19.8311,-43.9357
31785,Belo Horizonte,MG,-19.8053,-43.9407
31810,Belo Horizonte,MG,-19.8601,-43.9307
31812,Belo Horizonte,MG,-19.8535,-43.9319
31814,Belo Horizonte,MG,-19.8508,-43.9252
31820,Belo Horizonte,MG,-19.8996,-44.0024
31840,Belo Horizonte,MG,-19.8411,-43.9272
31842,Belo Horizonte,MG,-19.8377,-43.9241
31844,Belo Horizonte,MG,-19.8384,-43.9157
31845,Belo Horizonte,MG,-19.8501,-43.9169
31846,Belo Horizonte,MG,-19.8335,-43.9113
31870,Belo Horizonte,MG,-19.8436,-43.9041
31872,Belo Horizonte,MG,-19.8254,-43.8979
31910,Belo Horizonte,MG,-19.8699,-43.9197
31920,Belo Horizonte,MG,-19.8709,-43.9126
31930,Belo Horizonte,MG,-19.8643,-43.9084
31950,Belo Horizonte,MG,-19.8675,-43.8995
31960,Belo Horizonte,MG,-19.862,-43.9024
31970,Belo Horizonte,MG,-19.8576,-43.8859
31975,Belo Horizonte,MG,-19.8511,-43.8858
31980,Belo Horizonte,MG,-19.8546,-43.9147
31985,Belo Horizonte,MG,-19.8541,-43.9053
31990,Belo Horizonte,MG,-19.8543,-43.8983
31995,Belo Horizonte,MG,-19.8408,-43.8944
31998,Belo Horizonte,MG,-19.8432,-43.8753
32010,Contagem,MG,-19.933,-44.0776
32013,Contagem,MG,-19.9255,-44.0857
32015,Contagem,MG,-19.9236,-44.0918
32016,Contagem,MG,-19.9264,-44.094
32017,Contagem,MG,-19.9113,-44.0848
32020,Contagem,MG,-19.9114,-44.0742
32025,Contagem,MG,-19.9131,-44.099
32040,Contagem,MG,-19.9151,-44.0718
32041,Contagem,MG,-19.9115,-44.0742
32042,Contagem,MG,-19.9016,-44.0765
32043,Contagem,MG,-19.8992,-44.0858
32044,Contagem,MG,-19.8922,-44.0955
32046,Contagem,MG,-19.8782,-44.0892
32050,Contagem,MG,-19.8319,-44.145
32051,Contagem,MG,-19.84,-44.1279
32052,Contagem,MG,-19.8965,-44.0868
32055,Contagem,MG,-19.8577,-44.1446
32060,Contagem,MG,-19.8643,-44.1169
32062,Contagem,MG,-19.8608,-44.109
32065,Contagem,MG,-19.8975,-44.1308
32070,Contagem,MG,-19.9141,-44.1038
32071,Contagem,MG,-19.908,-44.097
32072,Contagem,MG,-19.9285,-44.1121
32073,Contagem,MG,-19.928,-44.1164
32110,Contagem,MG,-19.8841,-44.0224
32113,Contagem,MG,-19.8828,-44.0356
32115,Contagem,MG,-19.8932,-44.0275
32140,Contagem,MG,-19.894,-44.0422
32141,Contagem,MG,-19.8928,-44.0665
32143,Contagem,MG,-19.9115,-44.0429
32145,Contagem,MG,-19.8854,-44.0474
32146,Contagem,MG,-19.8813,-44.0567
32150,Contagem,MG,-19.8913,-44.0555
32152,Contagem,MG,-19.8886,-44.0818
32180,Contagem,MG,-19.8673,-44.03
32181,Contagem,MG,-19.8972,-44.0349
32183,Contagem,MG,-19.8633,-44.0392
32185,Contagem,MG,-19.8476,-44.0294
32186,Contagem,MG,-19.852,-44.0208
32187,Contagem,MG,-19.8487,-44.0384
32210,Contagem,MG,-19.9506,-44.0282
32215,Contagem,MG,-19.9622,-44.0173
32220,Contagem,MG,-19.9656,-44.0243
32223,Contagem,MG,-19.9626,-44.0374
32230,Contagem,MG,-19.9703,-44.0358
32235,Contagem,MG,-19.9766,-44.0367
32240,Contagem,MG,-19.9561,-44.0521
32241,Contagem,MG,-19.9679,-44.0547
32242,Contagem,MG,-19.9714,-44.0639
32250,Contagem,MG,-19.9217,-44.0903
32260,Contagem,MG,-19.9547,-44.039
32265,Contagem,MG,-19.9521,-44.0449
32280,Contagem,MG,-19.9473,-44.0578
32285,Contagem,MG,-19.9304,-44.0707
32310,Contagem,MG,-19.9388,-44.0383
32315,Contagem,MG,-19.9416,-44.0419
32340,Contagem,MG,-19.9393,-44.0514
32341,Contagem,MG,-19.9321,-44.0534
32342,Contagem,MG,-19.9194,-44.053
32370,Contagem,MG,-19.9286,-44.0356
32371,Contagem,MG,-19.9263,-44.0354
32372,Contagem,MG,-19.9206,-44.0264
32400,Ibirite,MG,-20.0184,-44.0678
32404,Ibirite,MG,-20.007,-44.049
32405,Ibirite,MG,-20.0242,-44.0407
32407,Ibirite,MG,-20.0245,-44.0633
32410,Ibirite,MG,-20.0383,-44.0587
32412,Ibirite,MG,-20.0291,-44.0654
32415,Ibirite,MG,-20.0181,-44.0915
32417,Ibirite,MG,-20.0207,-44.1178
32419,Ibirite,MG,-20.0136,-44.0701
32420,Ibirite,MG,-19.9806,-44.0641
32421,Ibirite,MG,-20.016,-44.0779
32422,Ibirite,MG,-20.0052,-44.0759
32423,Ibirite,MG,-19.9934,-44.0652
32424,Ibirite,MG,-19.9893,-44.059
32425,Ibirite,MG,-20.0039,-44.063
32430,Ibirite,MG,-19.9966,-44.0726
32431,Ibirite,MG,-20.01,-44.0888
32432,Ibirite,MG,-20.0007,-44.0867
32440,Ibirite,MG,-19.9892,-44.058
32450,Sarzedo,MG,-20.0383,-44.1389
32470,Mario Campos,MG,-20.0582,-44.1786
32553,Betim,MG,-19.9697,-44.1756
32600,Betim,MG,-19.9666,-44.2027
32602,Betim,MG,-19.9564,-44.1966
32603,Betim,MG,-19.9643,-44.2084
32604,Betim,MG,-19.9518,-44.196
32605,Betim,MG,-19.9336,-44.1836
32606,Betim,MG,-19.9363,-44.1988
32610,Betim,MG,-19.9591,-44.1884
32611,Betim,MG,-19.8614,-44.156
32616,Betim,MG,-19.9343,-44.2393
32623,Betim,MG,-19.9251,-44.2599
32625,Betim,MG,-19.9517,-44.2238
32628,Betim,MG,-19.9467,-44.2715
32630,Betim,MG,-19.9558,-44.2047
32634,Betim,MG,-20.0101,-44.2503
32635,Betim,MG,-20.0066,-44.2259
32639,Betim,MG,-20.025,-44.2353
32640,Betim,MG,-19.9885,-44.216
32641,Betim,MG,-20.0219,-44.2232
32642,Betim,MG,-20.0199,-44.2217
32649,Betim,MG,-19.9833,-44.1961
32652,Betim,MG,-19.9494,-44.1797
32653,Betim,MG,-19.952,-44.1716
32654,Betim,MG,-19.988,-44.1726
32655,Betim,MG,-19.9708,-44.1705
32656,Betim,MG,-19.9787,-44.187
32657,Betim,MG,-20.0033,-44.1708
32659,Betim,MG,-19.9965,-44.1367
32660,Betim,MG,-19.9489,-44.1612
32661,Betim,MG,-19.9819,-44.1474
32662,Betim,MG,-19.9523,-44.143
32664,Betim,MG,-19.9507,-44.1125
32665,Betim,MG,-19.9766,-44.1487
32666,Betim,MG,-19.9411,-44.1282
32667,Betim,MG,-19.9656,-44.1387
32668,Betim,MG,-19.9895,-44.1212
32669,Betim,MG,-19.9609,-44.109
32670,Betim,MG,-19.96,-44.1712
32671,Betim,MG,-19.9502,-44.1775
32672,Betim,MG,-19.9391,-44.173
32673,Betim,MG,-19.9408,-44.1633
32675,Betim,MG,-19.9364,-44.1385
32676,Betim,MG,-19.9446,-44.1295
32677,Betim,MG,-19.943,-44.1136
32678,Betim,MG,-19.9349,-44.1088
32681,Betim,MG,-19.9507,-44.1236
32682,Betim,MG,-19.9399,-44.1027
32684,Betim,MG,-19.9505,-44.1078
32685,Betim,MG,-19.9469,-44.1015
32687,Betim,MG,-19.9412,-44.0973
32688,Betim,MG,-19.9303,-44.099
32689,Betim,MG,-19.9511,-44.0722
32690,Betim,MG,-19.9429,-44.1146
32900,Igarape,MG,-20.0668,-44.3062
32920,Sao Joaquim De Bicas,MG,-20.0534,-44.261
33010,Santa Luzia,MG,-19.7657,-43.8541
33015,Santa Luzia,MG,-19.7565,-43.8441
33016,Santa Luzia,MG,-19.7568,-43.854
33020,Santa Luzia,MG,-19.7568,-43.8371
33022,Santa Luzia,MG,-19.7547,-43.8382
33025,Santa Luzia,MG,-19.7766,-43.8509
33030,Santa Luzia,MG,-19.7759,-43.873
33035,Santa Luzia,MG,-19.7649,-43.8662
33040,Santa Luzia,MG,-19.7882,-43.8759
33045,Santa Luzia,MG,-19.8148,-43.8673
33048,Santa Luzia,MG,-20.7089,-46.6167
33054,Santa Luzia,MG,-19.752,-43.834
33060,Santa Luzia,MG,-21.0903,-43.4183
33065,Santa Luzia,MG,-19.8407,-43.796
33080,Santa Luzia,MG,-19.7404,-44.2155
33082,Santa Luzia,MG,-19.805,-43.8493
33084,Santa Luzia,MG,-20.3951,-43.4922
33105,Santa Luzia,MG,-19.7833,-43.9304
33110,Santa Luzia,MG,-19.782,-43.9185
33113,Santa Luzia,MG,-19.8072,-43.8677
33115,Santa Luzia,MG,-19.7962,-43.9157
33120,Santa Luzia,MG,-19.7872,-43.9175
33125,Santa Luzia,MG,-19.7887,-43.9397
33130,Santa Luzia,MG,-19.7797,-43.939
33140,Santa Luzia,MG,-19.7706,-43.9343
33145,Santa Luzia,MG,-19.7758,-43.9293
33146,Santa Luzia,MG,-19.8159,-43.8619
33147,Santa Luzia,MG,-19.395,-44.7651
33170,Santa Luzia,MG,-19.782,-43.891
33171,Santa Luzia,MG,-19.7634,-43.8678
33172,Santa Luzia,MG,-19.7797,-43.8925
33200,Vespasiano,MG,-19.7311,-43.9415
33350,Sao Jose Da Lapa,MG,-19.7078,-43.9731
33400,Lagoa Santa,MG,-19.6365,-43.8997
33500,Confins,MG,-19.6336,-43.9854
33600,Pedro Leopoldo,MG,-19.6131,-44.0399
33680,Vera Cruz De Minas,MG,-19.6998,-44.0453
33805,Ribeirao Das Neves,MG,-19.7686,-44.0867
33808,Ribeirao Das Neves,MG,-19.778,-44.1064
33809,Ribeirao Das Neves,MG,-19.7835,-44.1076
33820,Ribeirao Das Neves,MG,-19.7697,-44.1348
33821,Ribeirao Das Neves,MG,-19.7701,-44.1383
33822,Ribeirao Das Neves,MG,-19.8085,-44.0905
33823,Ribeirao Das Neves,MG,-19.7628,-44.1387
33825,Ribeirao Das Neves,MG,-19.7625,-44.1282
33826,Ribeirão Das Neves,MG,-19.7583,-44.1006
33830,Ribeirao Das Neves,MG,-19.7446,-44.1378
33833,Ribeirao Das Neves,MG,-19.7637,-44.1251
33836,Ribeirao Das Neves,MG,-19.7848,-44.1203
33840,Ribeirao Das Neves,MG,-19.7468,-44.0815
33841,Ribeirao Das Neves,MG,-19.7612,-44.0982
33855,Ribeirao Das Neves,MG,-19.7525,-44.0712
33858,Ribeirao Das Neves,MG,-19.7571,-44.085
33860,Ribeirao Das Neves,MG,-19.7694,-44.0739
33861,Ribeirao Das Neves,MG,-19.7726,-44.0714
33863,Ribeirao Das Neves,MG,-19.7823,-44.0685
33880,Ribeirao Das Neves,MG,-19.7761,-44.0829
33882,Ribeirao Das Neves,MG,-19.7869,-44.1206
33900,Ribeirao Das Neves,MG,-19.7978,-44.0188
33902,Ribeirao Das Neves,MG,-19.7933,-44.0182
33903,Ribeirao Das Neves,MG,-19.7939,-44.0369
33910,Ribeirao Das Neves,MG,-19.7859,-44.0843
33913,Ribeirao Das Neves,MG,-19.7778,-44.0237
33914,Ribeirao Das Neves,MG,-19.7799,-44.1326
33915,Ribeirao Das Neves,MG,-19.7772,-44.033
33920,Ribeirao Das Neves,MG,-19.7739,-44.0501
33921,Ribeirao Das Neves,MG,-19.7839,-44.081
33925,Ribeirao Das Neves,MG,-19.7779,-43.9905
33927,Ribeirao Das Neves,MG,-19.782,-44.0825
33930,Ribeirao Das Neves,MG,-19.7899,-44.0078
33933,Ribeirao Das Neves,MG,-19.7888,-44.0174
33934,Ribeirao Das Neves,MG,-19.7825,-43.9829
33935,Ribeirao Das Neves,MG,-19.8053,-44.0278
33936,Ribeirao Das Neves,MG,-19.805,-44.0133
33937,Ribeirao Das Neves,MG,-19.8048,-44.0645
33938,Ribeirao Das Neves,MG,-19.8191,-44.0512
33939,Ribeirao Das Neves,MG,-19.7826,-44.0719
33940,Ribeirao Das Neves,MG,-19.8144,-44.0263
33943,Ribeirao Das Neves,MG,-19.8056,-44.0245
33944,Ribeirao Das Neves,MG,-19.8117,-44.028
33980,Taquaracu De Minas,MG,-19.6626,-43.6893
34000,Nova Lima,MG,-20.0015,-43.8881
34001,Nova Lima,MG,-19.9932,-43.8518
34002,Nova Lima,MG,-19.9992,-43.8478
34003,Nova Lima,MG,-19.9866,-43.8617
34004,Nova Lima,MG,-19.9941,-43.8871
34006,Nova Lima,MG,-19.9805,-43.9398
34007,Nova Lima,MG,-20.0343,-43.9664
34008,Nova Lima,MG,-20.0001,-43.9284
34009,Nova Lima,MG,-20.0573,-43.929
34010,Nova Lima,MG,-20.0743,-43.9128
34011,Nova Lima,MG,-20.0903,-43.9575
34012,Nova Lima,MG,-20.0053,-43.851
34015,Nova Lima,MG,-20.0371,-43.9265
34018,Nova Lima,MG,-20.1116,-43.9344
34300,Rio Acima,MG,-20.0899,-43.7891
34400,Raposos,MG,-19.9662,-43.8053
34505,Sabara,MG,-19.8891,-43.808
34515,Sabara,MG,-19.8887,-43.797
34525,Sabara,MG,-19.8967,-43.8079
34535,Sabara,MG,-19.9052,-43.824
34545,Sabara,MG,-19.8924,-43.8351
34555,Sabara,MG,-19.8901,-43.8262
34565,Sabara,MG,-19.8805,-43.8304
34575,Sabara,MG,-19.8834,-43.8383
34576,Sabara,MG,-19.8581,-43.8611
34580,Sabara,MG,-19.8823,-43.85
34585,Sabara,MG,-19.8841,-43.8537
34590,Sabara,MG,-19.8809,-43.865
34600,Sabara,MG,-19.8629,-43.8607
34650,Sabara,MG,-19.8695,-43.8952
34700,Sabara,MG,-19.8781,-43.896
34710,Sabara,MG,-19.8805,-43.9034
34720,Sabara,MG,-19.8419,-43.8646
34725,Sabara,MG,-19.8625,-43.8455
34730,Sabara,MG,-19.8333,-43.8433
34735,Sabará,MG,-19.8331,-43.8621
34740,Ravena,MG,-19.7846,-43.7543
34800,Caete,MG,-19.8849,-43.665
34940,Morro Vermelho,MG,-19.9583,-43.6968
34950,Rocas Novas,MG,-19.7593,-43.6335
34990,Nova Uniao,MG,-19.7026,-43.583
35001,Governador Valadares,MG,-18.8559,-41.9487
35010,Governador Valadares,MG,-18.8553,-41.9465
35012,Governador Valadares,MG,-18.8581,-41.9571
35020,Governador Valadares,MG,-18.86,-41.9381
35022,Governador Valadares,MG,-18.8426,-41.9113
35023,Governador Valadares,MG,-18.878,-41.9695
35024,Governador Valadares,MG,-18.8396,-41.9116
35030,Governador Valadares,MG,-18.8703,-41.9562
35032,Governador Valadares,MG,-18.8673,-41.961
35039,Governador Valadares,MG,-18.8787,-41.9753
35040,Governador Valadares,MG,-18.8967,-41.9789
35041,Governador Valadares,MG,-18.8987,-41.9566
35042,Governador Valadares,MG,-18.9002,-41.9507
35043,Governador Valadares,MG,-18.8962,-41.9495
35044,Governador Valadares,MG,-18.8855,-41.9473
35045,Governador Valadares,MG,-18.8832,-41.9639
35046,Governador Valadares,MG,-18.8892,-41.9683
35047,Governador Valadares,MG,-18.8577,-41.9732
35050,Governador Valadares,MG,-18.8778,-41.9677
35051,Governador Valadares,MG,-18.8726,-41.9734
35052,Governador Valadares,MG,-18.8589,-41.972
35053,Governador Valadares,MG,-18.8613,-41.9658
35054,Governador Valadares,MG,-18.8457,-41.9767
35055,Governador Valadares,MG,-18.8502,-41.9916
35057,Governador Valadares,MG,-18.8435,-41.9585
35058,Governador Valadares,MG,-18.8466,-41.9539
35059,Governador Valadares,MG,-18.8423,-41.953
35060,Governador Valadares,MG,-18.8546,-41.95
35062,Governador Valadares,MG,-18.8375,-41.9631
35063,Governador Valadares,MG,-18.84,-41.9708
35064,Governador Valadares,MG,-18.8415,-41.9327
35065,Governador Valadares,MG,-18.8473,-41.9616
35104,Governador Valadares,MG,-18.8514,-41.9412
35105,Baguari,MG,-18.8719,-41.9631
35108,Goiabal,MG,-19.4955,-42.4435
35109,Chonim,MG,-18.9786,-44.0468
35110,Mathias Lobato,MG,-18.5804,-41.9191
35112,Frei Inocencio,MG,-18.5571,-41.9087
35113,Nova Modica,MG,-18.4413,-41.5
35114,Pescador,MG,-18.3566,-41.5965
35115,Marilac,MG,-18.5081,-42.0821
35116,Mesquita,MG,-20.0162,-42.7911
35117,Naque,MG,-19.2252,-42.3295
35118,Periquito,MG,-19.3279,-42.2886
35120,Itanhomi,MG,-19.1703,-41.8616
35123,Capitao Andrade,MG,-19.0712,-41.8632
35125,Tumiritinga,MG,-19.0048,-41.6518
35130,Engenheiro Caldas,MG,-19.1936,-42.0431
35133,Sao Jose Do Acacio,MG,-19.053,-42.0224
35135,Fernandes Tourinho,MG,-19.1536,-42.0796
35138,Alpercata,MG,-18.9788,-41.9797
35140,Tarumirim,MG,-19.2851,-42.0039
35143,Sao Vicente Do Rio Doce,MG,-19.2661,-41.8143
35145,Sobralia,MG,-19.2296,-42.1019
35146,Sao Joao Do Oriente,MG,-19.3444,-42.1591
35147,Acucena,MG,-19.1319,-42.6145
35148,Dom Cavati,MG,-19.378,-42.1085
35150,Acucena,MG,-19.0763,-42.5479
35156,Periquito,MG,-19.1368,-42.2241
35157,Naque,MG,-19.2274,-42.3306
35160,Ipatinga,MG,-19.4993,-42.5472
35161,Ipatinga,MG,-19.4402,-42.5674
35162,Ipatinga,MG,-19.4688,-42.5639
35163,Ipatinga,MG,-19.4424,-42.5603
35164,Ipatinga,MG,-19.4537,-42.5439
35166,Mesquita,MG,-19.2259,-42.6142
35167,Santana Do Paraiso,MG,-19.3909,-42.5469
35168,Joanesia,MG,-19.169,-42.6779
35170,Coronel Fabriciano,MG,-19.5067,-42.6286
35171,Coronel Fabriciano,MG,-19.5121,-42.6101
35172,Coronel Fabriciano,MG,-19.4764,-42.6423
35177,Antonio Dias,MG,-19.6462,-42.8665
35179,Santana Do Paraiso,MG,-18.9893,-43.6765
35180,Timoteo,MG,-19.5453,-42.6438
35181,Timoteo,MG,-19.548,-42.5988
35182,Timoteo,MG,-19.5761,-42.6432
35183,Timoteo,MG,-19.5576,-42.6686
35184,Timoteo,MG,-19.5348,-42.6673
35185,Marlieria,MG,-19.7084,-42.7089
35188,Jaguaracu,MG,-19.6294,-42.7441
35189,Braunas,MG,-19.2087,-42.9764
35190,Iapu,MG,-19.4377,-42.2135
35192,Sao Sebastiao Da Barra,MG,-19.2439,-42.213
35193,Bugre,MG,-19.4295,-42.2574
35194,Joanesia,MG,-19.1751,-42.6791
35195,Belo Oriente,MG,-19.2344,-42.4799
35196,Perpetuo Socorro,MG,-19.3121,-42.3732
35197,Sao Sebastiao De Braunas,MG,-20.7725,-43.4492
35198,Ipaba,MG,-19.4158,-42.4108
35199,Vargem Alegre,MG,-19.605,-42.2986
35200,Aimores,MG,-19.5004,-41.0729
35202,Conceicao Do Capim,MG,-19.5101,-41.1125
35212,Penha Do Capim,MG,-19.6667,-41.2521
35215,São Sebastião Da Vala,MG,-18.4693,-43.4413
35220,Itueta,MG,-19.3982,-41.2275
35222,Quatituba,MG,-19.4133,-41.2478
35225,Santa Rita Do Itueto,MG,-19.3607,-41.3837
35228,São José Do Itueto,MG,-17.6652,-40.6738
35230,Resplendor,MG,-19.3249,-41.2492
35232,Calixto,MG,-19.2554,-41.1522
35236,Independencia,MG,-20.0076,-44.0412
35238,Campo Alegre De Minas,MG,-19.0992,-41.0338
35240,Conselheiro Pena,MG,-19.1676,-41.4718
35242,Conselheiro Pena,MG,-19.1712,-41.4741
35243,Barra Do Cuiete,MG,-19.0688,-41.5303
35245,Aldeia,MG,-19.1202,-41.3783
35246,Cuparaque,MG,-18.9761,-41.1008
35248,Goiabeira,MG,-18.9828,-41.2239
35249,Alvarenga,MG,-19.4176,-41.7276
35250,Galileia,MG,-18.9991,-41.5392
35255,Sapucaia Do Norte,MG,-18.8412,-41.5139
35258,Sao Geraldo Do Baixio,MG,-18.9183,-41.3593
35260,Central De Minas,MG,-18.7659,-41.3024
35263,Floresta,MG,-13.8,-50.8054
35265,Divino Das Laranjeiras,MG,-18.8629,-41.5166
35267,Central De Santa Helena,MG,-18.2762,-42.9978
35270,Mendes Pimentel,MG,-18.66,-41.4044
35275,Sao Felix De Minas,MG,-18.591,-41.488
35277,Sao Joao Do Manteninha,MG,-18.7143,-41.1708
35280,Itabirinha,MG,-18.5658,-41.2356
35285,Boa Uniao De Itabirinha,MG,-18.4966,-41.3004
35290,Mantena,MG,-18.778,-40.9834
35295,Barra Do Ariranha,MG,-18.6654,-41.1005
35296,Limeira De Mantena,MG,-18.5802,-41.1452
35298,Nova Belem,MG,-18.4945,-41.1032
35300,Caratinga,MG,-19.787,-42.1379
35301,Caratinga,MG,-19.7947,-42.146
35302,Caratinga,MG,-19.7822,-42.1293
35303,Caratinga,MG,-19.7813,-42.152
35304,Caratinga,MG,-19.7742,-42.1368
35305,Caratinga,MG,-19.791,-42.1447
35311,Sapucaia,MG,-19.8522,-42.2072
35315,Caratinga,MG,-19.7015,-43.4242
35319,Santa Efigenia,MG,-20.0898,-43.8596
35321,Santo Antonio Do Manhuacu,MG,-20.2414,-42.0342
35322,Sao Joao Do Jacutinga,MG,-18.9084,-42.8298
35323,Imbe De Minas,MG,-19.6057,-41.9676
35324,Entre Folhas,MG,-19.625,-42.2302
35325,Piedade De Caratinga,MG,-19.7602,-42.0756
35326,Santa Rita De Minas,MG,-19.8729,-42.1326
35328,Santa Barbara Do Leste,MG,-20.0221,-42.1783
35330,Inhapim,MG,-19.5466,-42.1127
35334,Sao Sebastiao Do Anta,MG,-19.4981,-41.9811
35335,Sao Domingos Das Dores,MG,-19.5408,-42.0454
35338,Ubaporanga,MG,-19.6342,-42.1035
35340,Bom Jesus Do Galho,MG,-19.7234,-42.5234
35345,Corrego Novo,MG,-19.835,-42.4029
35348,Pingo-D Agua,MG,-19.727,-42.4122
35350,Raul Soares,MG,-20.0959,-42.4429
35352,Bicuiba,MG,-20.0818,-42.3435
35354,Vermelho Velho,MG,-20.0166,-42.3035
35355,Sao Vicente Da Estrela,MG,-19.9605,-42.4425
35358,Santana Do Tabuleiro,MG,-19.9299,-42.1988
35359,Vermelho Novo,MG,-20.0367,-42.2671
35360,Sao Pedro Dos Ferros,MG,-20.1711,-42.5247
35362,Aguas Ferreas,MG,-20.0934,-42.6257
35364,Pedra Bonita,MG,-20.521,-42.33
35365,Abre Campo,MG,-20.2943,-42.4737
35367,Matipo,MG,-20.2952,-42.3445
35368,Sericita,MG,-20.4737,-42.4835
35370,Rio Casca,MG,-20.2225,-42.6492
35380,Urucania,MG,-20.3522,-42.7474
35382,Piedade De Ponte Nova,MG,-20.2461,-42.7361
35384,Santa Cruz Do Escalvado,MG,-20.237,-42.8138
35388,Santo Antonio Do Grama,MG,-20.3168,-42.6087
35390,Jequeri,MG,-20.4575,-42.6601
35395,Grota,MG,-20.4091,-42.5553
35398,Sao Vicente Do Grama,MG,-20.5099,-42.5262
35400,Ouro Preto,MG,-20.391,-43.507
35406,Sao Bartolomeu,MG,-20.31,-43.5779
35407,Rodrigo Silva,MG,-20.4197,-43.6145
35408,Ouro Preto,MG,-20.3812,-43.5014
35409,Santa Rita De Ouro Preto,MG,-20.413,-43.6411
35410,Cachoeira Do Campo,MG,-20.3391,-43.6817
35411,Antonio Pereira,MG,-20.2876,-43.4812
35412,Amarantina,MG,-20.3127,-43.6998
35413,Santo Antonio Do Leite,MG,-20.3182,-43.9393
35418,Lavras Novas,MG,-20.4706,-43.5166
35420,Mariana,MG,-20.375,-43.4181
35421,Passagem De Mariana,MG,-20.3938,-43.4458
35423,Bandeirantes,MG,-23.1329,-50.3748
35424,Cachoeira Do Brumado,MG,-20.3948,-43.2779
35425,Monsenhor Horta,MG,-20.3459,-43.2974
35426,Furquim,MG,-20.3591,-43.2115
35428,Santa Rita Durao,MG,-20.1919,-43.4694
35429,Claudio Manuel,MG,-20.2133,-43.1998
35430,Ponte Nova,MG,-20.4101,-42.8988
35431,Ponte Nova,MG,-20.4221,-42.9186
35435,Vau-Acu,MG,-20.4627,-42.9041
35436,Guaraciaba,MG,-20.5718,-43.0097
35437,Diogo De Vasconcelos,MG,-20.4864,-43.1986
35438,Acaiaca,MG,-20.3629,-43.144
35439,Oratorios,MG,-20.4314,-42.8038
35440,Dom Silverio,MG,-20.1643,-42.9684
35441,Sem Peixe,MG,-20.102,-42.841
35442,Rio Doce,MG,-20.2452,-42.8973
35444,Amparo Da Serra,MG,-20.5087,-42.8009
35447,Barra Longa,MG,-20.2833,-43.0393
35450,Itabirito,MG,-20.2531,-43.801
35460,Brumadinho,MG,-20.1394,-44.1769
35464,Brumadinho,MG,-20.1428,-44.0374
35470,Moeda,MG,-20.3316,-44.0514
35473,Belo Vale,MG,-20.4109,-44.0258
35475,Santana Do Paraopeba,MG,-12.9796,-44.0529
35476,Piedade Dos Gerais,MG,-20.4668,-44.3379
35478,Crucilandia,MG,-20.3932,-44.3383
35480,Bonfim,MG,-20.3044,-44.0475
35485,Rio Manso,MG,-20.4211,-44.4403
35488,Itaguara,MG,-20.3638,-44.4311
35490,Entre Rios De Minas,MG,-20.6711,-44.0659
35494,Desterro De Entre Rios,MG,-20.6587,-44.329
35495,Sao Bras Do Suacui,MG,-20.626,-43.9499
35498,Jeceaba,MG,-20.5379,-43.9828
35500,Divinopolis,MG,-20.1404,-44.8841
35501,Divinopolis,MG,-20.1621,-44.9019
35502,Divinopolis,MG,-20.1297,-44.8911
35503,Divinopolis,MG,-20.1517,-44.875
35504,Divinopolis,MG,-20.1593,-44.8857
35505,Santo Antonio Dos Campos,MG,-20.1003,-44.9728
35506,Sao Sebastiao Do Oeste,MG,-20.2748,-45.005
35510,Carmo Do Cajuru,MG,-20.189,-44.7695
35514,Itaguara,MG,-20.3859,-44.4813
35515,Perdigao,MG,-19.9529,-45.0832
35516,Sao Goncalo Do Para,MG,-19.984,-44.8575
35517,Boa Vista De Minas,MG,-18.8427,-43.2471
35519,Nova Serrana,MG,-19.8741,-44.987
35520,Crucilandia,MG,-20.3959,-44.3392
35521,Bonfim,MG,-20.328,-44.2406
35525,Rio Manso,MG,-20.2677,-44.3077
35526,Piedade Dos Gerais,MG,-20.4692,-44.2232
35530,Claudio,MG,-20.4372,-44.762
35532,Monsenhor Joao Alexandre,MG,-20.3685,-44.6874
35534,Carmopolis De Minas,MG,-20.5392,-44.6362
35536,Piracema,MG,-20.5099,-44.4761
35537,Passa Tempo,MG,-20.6524,-44.4919
35540,Oliveira,MG,-20.6986,-44.8268
35541,Morro Do Ferro,MG,-20.768,-44.5798
35543,Sao Francisco De Paula,MG,-20.47,-44.9798
35544,Sao Goncalo Do Para,MG,-19.9851,-44.8541
35545,Perdigao,MG,-20.0441,-45.0162
35547,Carmo Da Mata,MG,-20.5597,-44.8692
35550,Itapecerica,MG,-20.4698,-45.1232
35551,Lamounier,MG,-20.4729,-45.0541
35552,Neolandia,MG,-20.4323,-45.1309
35555,Camacho,MG,-20.6267,-45.1558
35557,Carmo Do Cajuru,MG,-20.2828,-44.8315
35558,Sao Jose Dos Salgados,MG,-20.2515,-43.7877
35560,Santo Antonio Do Monte,MG,-20.0715,-45.2871
35565,Pedra Do Indaia,MG,-20.2605,-45.2093
35567,Sao Sebastiao Do Oeste,MG,-18.7615,-43.8928
35568,Corrego Fundo,MG,-20.4482,-45.5571
35570,Formiga,MG,-20.4625,-45.4331
35578,Corrego Fundo,MG,-20.4498,-45.5536
35580,Japaraiba,MG,-20.1404,-45.5063
35582,Pains,MG,-20.3706,-45.6631
35585,Pimenta,MG,-20.4816,-45.8029
35588,Arcos,MG,-20.2883,-45.5413
35590,Lagoa Da Prata,MG,-20.0241,-45.5372
35593,Martins Guimaraes,MG,-28.4675,-52.8203
35595,Luz,MG,-19.794,-45.6817
35596,Esteios,MG,-19.9248,-45.7027
35600,Bom Despacho,MG,-19.7403,-45.2586
35602,Engenho Do Ribeiro,MG,-19.5739,-45.3048
35603,Araujos,MG,-19.9446,-45.1663
35604,Moema,MG,-19.8429,-45.4123
35606,Martinho Campos,MG,-19.3386,-45.2275
35607,Ibitira,MG,-19.4572,-45.0608
35608,Alberto Isaacson,MG,-19.6925,-45.1357
35610,Dores Do Indaia,MG,-19.4665,-45.6005
35613,Estrela Do Indaia,MG,-19.532,-45.7878
35617,Serra Da Saudade,MG,-19.4402,-45.7937
35620,Abaete,MG,-19.1582,-45.4463
35621,Biquinhas,MG,-18.7814,-45.5052
35622,Paineiras,MG,-18.9046,-45.5336
35623,Pocoes De Paineiras,MG,-18.8779,-45.4127
35624,Cedro Do Abaete,MG,-19.1471,-45.7145
35625,Quartel Geral,MG,-19.2712,-45.5554
35628,Morada Nova De Minas,MG,-18.6052,-45.3533
35640,Pompeu,MG,-19.224,-45.0002
35650,Pitangui,MG,-19.6842,-44.8918
35655,Onca De Pitangui,MG,-19.7349,-44.8076
35657,Leandro Ferreira,MG,-19.7176,-45.0248
35660,Para De Minas,MG,-19.8535,-44.6088
35661,Para De Minas,MG,-19.8703,-44.5933
35662,Para De Minas,MG,-19.8816,-44.7424
35663,Para De Minas,MG,-19.8272,-44.5775
35665,Torneiros,MG,-19.8808,-44.7438
35666,Maravilhas,MG,-19.515,-44.6767
35667,Pequi,MG,-19.63,-44.6608
35668,Conceicao Do Para,MG,-19.7507,-44.8969
35669,Papagaios,MG,-19.447,-44.7474
35670,Mateus Leme,MG,-19.9912,-44.4287
35672,Azurita,MG,-20.0079,-44.4714
35674,Serra Azul,MG,-20.0942,-44.4336
35675,Juatuba,MG,-19.9592,-44.3382
35680,Itauna,MG,-20.0779,-44.5761
35681,Itauna,MG,-20.0796,-44.5943
35685,Itatiaiucu,MG,-20.1993,-44.4267
35688,Santa Terezinha De Minas,MG,-20.2282,-44.4008
35690,Florestal,MG,-19.8901,-44.4312
35694,Sao Jose Da Varginha,MG,-19.7869,-44.4448
35695,Igaratinga,MG,-19.9549,-44.7077
35698,Antunes,MG,-19.9191,-44.7001
35700,Sete Lagoas,MG,-19.458,-44.2481
35701,Sete Lagoas,MG,-19.4605,-44.2315
35702,Sete Lagoas,MG,-19.4488,-44.2304
35703,Sete Lagoas,MG,-19.436,-44.2053
35706,Baldim,MG,-19.2888,-43.9536
35707,Sao Vicente,MG,-19.3253,-43.9347
35709,Funilandia,MG,-19.3874,-44.056
35710,Inhauma,MG,-19.4937,-44.3868
35715,Prudente De Morais,MG,-19.4773,-44.158
35720,Matozinhos,MG,-19.5608,-44.0756
35725,Mocambeiro,MG,-19.5416,-44.0304
35730,Capim Branco,MG,-19.55,-44.1337
35732,Baldim,MG,-19.3678,-43.9611
35733,São Vicente,MG,-20.3632,-44.4427
35736,Funilandia,MG,-19.3579,-44.0706
35738,Prudente De Morais,MG,-19.4793,-44.1576
35740,Esmeraldas,MG,-19.7819,-44.2606
35750,Melo Viana,MG,-19.6979,-44.1768
35760,Fortuna De Minas,MG,-19.5692,-44.4497
35763,Inhauma,MG,-19.4926,-44.3885
35765,Cachoeira Da Prata,MG,-19.5242,-44.4519
35767,Jequitiba,MG,-19.2325,-44.0238
35770,Caetanopolis,MG,-19.3037,-44.4095
35774,Paraopeba,MG,-19.2786,-44.4009
35777,Aracai,MG,-19.202,-44.2478
35780,Cordisburgo,MG,-19.1271,-44.3203
35785,Santana De Pirapama,MG,-19.1335,-44.112
35790,Curvelo,MG,-18.7634,-44.4332
35791,Santa Rita Do Cedro,MG,-18.8065,-44.154
35793,Anguereta,MG,-19.1405,-44.6563
35794,Felixlandia,MG,-18.7568,-44.8995
35796,Inimutaba,MG,-18.7293,-44.3613
35798,Morro Da Garca,MG,-18.5438,-44.6033
35800,Ferros,MG,-19.2478,-42.9578
35804,Esmeraldas De Ferros,MG,-19.3306,-42.8781
35810,Passabem,MG,-19.3525,-43.1406
35815,Sao Sebastiao Do Rio Preto,MG,-19.2926,-43.1751
35820,Itambe Do Mato Dentro,MG,-19.4166,-43.3217
35830,Jaboticatubas,MG,-19.5017,-43.7672
35845,Santana Do Riacho,MG,-19.5173,-43.9534
35850,Congonhas Do Norte,MG,-18.8138,-43.6747
35860,Conceicao Do Mato Dentro,MG,-19.0237,-43.4237
35863,Santo Antonio Do Norte,MG,-18.8076,-43.5121
35865,Dom Joaquim,MG,-18.9597,-43.2552
35868,Gororos,MG,-18.8082,-43.2347
35875,Morro Do Pilar,MG,-19.2196,-43.3819
35878,Carmesia,MG,-19.0866,-43.141
35880,Santo Antonio Do Rio Abaixo,MG,-19.2284,-43.2532
35894,Dores De Guanhães,MG,-19.0543,-42.9246
35900,Itabira,MG,-19.6308,-43.2223
35901,Itabira,MG,-19.6551,-43.234
35902,Itabira,MG,-19.6517,-43.2051
35903,Itabira,MG,-19.6561,-43.2208
35904,Itabira,MG,-19.5943,-43.1981
35905,Ipoema,MG,-19.6198,-43.4361
35907,Senhora Do Carmo,MG,-19.5105,-43.3673
35908,Bom Jesus Do Amparo,MG,-19.7077,-43.4752
35910,Santa Maria De Itabira,MG,-19.411,-43.6517
35920,Nova Era,MG,-19.7649,-43.0299
35930,Joao Monlevade,MG,-19.8147,-43.1704
35931,Joao Monlevade,MG,-19.8365,-43.1791
35932,Joao Monlevade,MG,-19.8502,-43.177
35935,Sao Goncalo Do Rio Abaixo,MG,-19.8051,-43.4412
35938,Bela Vista De Minas,MG,-19.828,-43.0906
35940,Rio Piracicaba,MG,-19.9284,-43.1635
35950,Alvinopolis,MG,-20.1095,-43.0636
35955,Fonseca,MG,-20.1616,-43.3007
35960,Santa Barbara,MG,-19.9617,-43.4103
35963,Barra Feliz,MG,-19.9638,-43.4581
35969,Catas Altas,MG,-20.0756,-43.4076
35970,Barao De Cocais,MG,-19.9347,-43.4806
35975,Cocais,MG,-19.8599,-43.4507
35984,Dionisio,MG,-19.838,-42.7651
35986,Sao Jose Do Goiabal,MG,-19.9254,-42.7092
35995,Sao Domingos Do Prata,MG,-19.8704,-42.9635
36010,Juiz De Fora,MG,-21.7646,-43.346
36011,Juiz De Fora,MG,-21.7629,-43.3432
36013,Juiz De Fora,MG,-21.7582,-43.3497
36015,Juiz De Fora,MG,-21.7573,-43.3541
36016,Juiz De Fora,MG,-21.768,-43.3532
36020,Juiz De Fora,MG,-21.7712,-43.3336
36021,Juiz De Fora,MG,-21.7746,-43.3413
36025,Juiz De Fora,MG,-21.7754,-43.354
36026,Juiz De Fora,MG,-21.7792,-43.3485
36030,Juiz De Fora,MG,-21.7892,-43.3468
36031,Juiz De Fora,MG,-21.7963,-43.3477
36032,Juiz De Fora,MG,-21.7997,-43.3577
36033,Juiz De Fora,MG,-21.788,-43.3644
36035,Juiz De Fora,MG,-21.7525,-43.3675
36036,Juiz De Fora,MG,-21.7611,-43.367
36037,Juiz De Fora,MG,-21.7721,-43.3834
36038,Juiz De Fora,MG,-21.7864,-43.384
36039,Juiz De Fora,MG,-21.7937,-43.4003
36045,Juiz De Fora,MG,-21.7415,-43.3596
36046,Juiz De Fora,MG,-21.7319,-43.3595
36047,Juiz De Fora,MG,-21.7195,-43.3544
36048,Juiz De Fora,MG,-21.6889,-43.3418
36050,Juiz De Fora,MG,-21.7345,-43.3488
36051,Juiz De Fora,MG,-21.7376,-43.3443
36052,Juiz De Fora,MG,-21.747,-43.3462
36060,Juiz De Fora,MG,-21.7416,-43.3353
36061,Juiz De Fora,MG,-21.7505,-43.3325
36062,Juiz De Fora,MG,-21.7564,-43.3384
36070,Juiz De Fora,MG,-21.7658,-43.3306
36071,Juiz De Fora,MG,-21.7729,-43.3162
36072,Juiz De Fora,MG,-21.7693,-43.295
36073,Juiz De Fora,MG,-21.7867,-43.305
36080,Juiz De Fora,MG,-21.7428,-43.373
36081,Juiz De Fora,MG,-21.74,-43.3886
36083,Juiz De Fora,MG,-21.7365,-43.4022
36084,Juiz De Fora,MG,-21.7426,-43.4109
36085,Juiz De Fora,MG,-21.715,-43.4059
36087,Juiz De Fora,MG,-21.7069,-43.4253
36088,Juiz De Fora,MG,-21.7118,-43.4364
36090,Juiz De Fora,MG,-21.6924,-43.4334
36091,Juiz De Fora,MG,-21.7055,-43.4715
36092,Juiz De Fora,MG,-21.666,-43.4339
36094,Juiz De Fora,MG,-21.5821,-43.4867
36104,Sarandira,MG,-21.8291,-43.1881
36106,Rosario De Minas,MG,-21.714,-43.6084
36108,Ewbank Da Camara,MG,-21.5511,-43.5121
36110,Chacara,MG,-21.6773,-43.2202
36120,Matias Barbosa,MG,-21.8695,-43.3198
36123,Simao Pereira,MG,-21.9635,-43.3145
36126,Belmiro Braga,MG,-21.9492,-43.4139
36130,Rio Preto,MG,-22.0854,-43.8272
36132,Santa Barbara Do Monte Verde,MG,-21.958,-43.7034
36135,Santa Rita De Jacutinga,MG,-22.1491,-44.0941
36140,Lima Duarte,MG,-21.8418,-43.8018
36144,Conceicao Da Ibitipoca,MG,-16.9756,-41.43
36145,Olaria,MG,-21.8608,-43.9354
36146,Santana Do Garambeu,MG,-21.6087,-44.0896
36148,Pedro Teixeira,MG,-21.7062,-43.745
36150,Rio Novo,MG,-21.4751,-43.1273
36152,Goiana,MG,-21.5358,-43.1989
36155,Coronel Pacheco,MG,-21.5937,-43.2737
36157,Piau,MG,-21.5072,-43.3216
36160,Guarani,MG,-21.3562,-43.0487
36165,Tabuleiro,MG,-21.3601,-43.2478
36170,Pirauba,MG,-21.273,-43.0284
36180,Rio Pomba,MG,-21.2714,-43.1787
36185,Silveirania,MG,-21.1604,-43.2163
36190,Merces,MG,-21.197,-43.3432
36195,Paiva,MG,-21.291,-43.4185
36200,Barbacena,MG,-21.2274,-43.7727
36201,Barbacena,MG,-21.2257,-43.7889
36202,Barbacena,MG,-21.2107,-43.779
36204,Barbacena,MG,-21.2085,-43.7593
36205,Barbacena,MG,-21.2226,-43.7561
36206,Costas Da Mantiqueira,MG,-21.2605,-43.6729
36207,Senhora Das Dores,MG,-21.1951,-43.6502
36208,Correia De Almeida,MG,-21.3006,-43.628
36210,Desterro Do Melo,MG,-21.1489,-43.5136
36212,Barroso,MG,-21.1912,-43.9751
36213,Dores De Campos,MG,-21.1099,-44.0234
36215,Santa Barbara Do Tugurio,MG,-21.2449,-43.5595
36220,Antonio Carlos,MG,-21.3211,-43.7521
36225,Ibertioga,MG,-21.4335,-43.9632
36227,Piedade Do Rio Grande,MG,-21.4704,-44.1924
36230,Bias Fortes,MG,-21.6071,-43.7571
36235,Santa Rita Do Ibitipoca,MG,-21.5627,-43.916
36240,Santos Dumont,MG,-21.4598,-43.5523
36243,Dores Do Paraibuna,MG,-21.5151,-43.618
36245,Sao Joao Da Serra,MG,-23.4054,-46.455
36248,Santos Dumont,MG,-21.4551,-43.5512
36250,Oliveira Fortes,MG,-21.3395,-43.4588
36255,Aracitaba,MG,-21.3412,-43.3776
36260,Alto Rio Doce,MG,-21.0232,-43.4126
36263,Abreus,MG,-18.9777,-48.2692
36264,Vitorinos,MG,-19.6385,-43.7597
36265,Cipotanea,MG,-20.906,-43.3654
36270,Ressaquinha,MG,-21.0636,-43.7633
36272,Alfredo Vasconcelos,MG,-21.1494,-43.7672
36275,Senhora Dos Remedios,MG,-21.0304,-43.5843
36280,Carandai,MG,-20.95,-43.8044
36290,Capela Nova,MG,-20.9256,-43.6208
36300,Sao Joao Del Rei,MG,-21.1345,-44.2622
36301,Sao Joao Del Rei,MG,-21.1231,-44.2502
36302,Sao Joao Del Rei,MG,-21.1064,-44.2289
36303,Sao Joao Del Rei,MG,-21.104,-44.221
36305,Sao Joao Del Rei,MG,-21.1326,-44.2389
36307,Sao Joao Del Rei,MG,-21.1399,-44.2578
36309,Sao Joao Del Rei,MG,-21.1456,-44.2766
36315,Rio Das Mortes,MG,-21.2258,-44.3246
36316,Sao Sebastiao Da Vitoria,MG,-21.2438,-44.4122
36318,Sao Joao Del Rei,MG,-21.3057,-44.3155
36320,Prados,MG,-21.0591,-44.0834
36325,Tiradentes,MG,-21.1098,-44.1748
36328,Santa Cruz De Minas,MG,-21.1333,-44.2081
36330,Coronel Xavier Chaves,MG,-21.024,-44.2216
36335,Ritapolis,MG,-21.0261,-44.3236
36340,Resende Costa,MG,-20.9164,-44.242
36345,Lagoa Dourada,MG,-20.9193,-44.0678
36350,Sao Tiago,MG,-20.9132,-44.5112
36352,Merces De Agua Limpa,MG,-21.0784,-44.2871
36360,Conceicao Da Barra De Minas,MG,-21.1296,-44.4764
36370,Nazareno,MG,-21.2184,-44.6158
36390,Itutinga,MG,-21.2977,-44.6576
36400,Conselheiro Lafaiete,MG,-20.6558,-43.7779
36401,Conselheiro Lafaiete,MG,-20.6578,-43.7766
36402,Conselheiro Lafaiete,MG,-20.6632,-43.7759
36404,Conselheiro Lafaiete,MG,-20.6735,-43.7776
36405,Conselheiro Lafaiete,MG,-20.6762,-43.788
36406,Conselheiro Lafaiete,MG,-20.6705,-43.7974
36407,Conselheiro Lafaiete,MG,-20.6592,-43.8069
36408,Conselheiro Lafaiete,MG,-20.6534,-43.7977
36415,Congonhas,MG,-20.5099,-43.8617
36417,Alto Maranhao,MG,-20.5622,-43.8568
36419,Congonhas,MG,-20.5214,-43.8014
36420,Ouro Branco,MG,-20.5207,-43.7044
36422,Casa Grande,MG,-20.7936,-43.9314
36424,Queluzito,MG,-20.7434,-43.881
36426,Cristiano Otoni,MG,-20.8272,-43.8089
36428,Caranaiba,MG,-20.8739,-43.7375
36430,Santana Dos Montes,MG,-20.7879,-43.6857
36440,Itaverava,MG,-20.6778,-43.6098
36450,Catas Altas Da Noruega,MG,-20.6914,-43.4981
36455,Lamim,MG,-20.788,-43.4734
36460,Rio Espera,MG,-20.8563,-43.4827
36465,Rio Melo,MG,-20.841,-43.5485
36470,Senhora De Oliveira,MG,-20.7954,-43.3449
36475,Presidente Bernardes,MG,-20.7692,-43.1831
36480,Piranga,MG,-20.6624,-43.2997
36485,Santo Antonio Do Pirapetinga,MG,-20.6081,-43.3328
36490,Pinheiros Altos,MG,-20.6268,-43.2867
36500,Uba,MG,-21.1178,-42.9429
36501,Uba,MG,-21.0228,-43.0248
36502,Uba,MG,-21.1249,-42.9268
36503,Uba,MG,-21.1188,-42.9195
36504,Uba,MG,-21.1137,-42.9373
36505,Uba,MG,-21.1083,-42.9476
36506,Uba,MG,-21.1102,-42.9594
36507,Uba,MG,-21.1164,-42.9562
36510,Rodeiro,MG,-21.2002,-42.866
36512,Tocantins,MG,-21.1726,-43.0219
36513,Dores Do Turvo,MG,-20.9765,-43.1886
36515,Guidoval,MG,-21.1512,-42.7979
36520,Visconde Do Rio Branco,MG,-21.0104,-42.8385
36525,Guiricema,MG,-21.0046,-42.7203
36530,Sao Geraldo,MG,-20.9232,-42.8332
36532,Sao Geraldo,MG,-20.9158,-42.8369
36540,Senador Firmino,MG,-20.9139,-43.101
36542,Bras Pires,MG,-20.8535,-43.2424
36544,Paula Candido,MG,-20.873,-42.9813
36546,Divinesia,MG,-20.9895,-43.0052
36550,Coimbra,MG,-20.858,-42.8017
36555,Ervalia,MG,-20.8406,-42.6556
36560,Cajuri,MG,-20.7886,-42.796
36568,Porto Firme,MG,-20.6266,-43.1381
36570,Vicosa,MG,-20.7547,-42.8775
36572,Vicosa,MG,-20.7611,-42.8856
36574,Vicosa,MG,-20.813,-42.9253
36576,Porto Firme,MG,-20.699,-42.9995
36580,Teixeiras,MG,-20.6538,-42.8552
36585,Pedra Do Anta,MG,-20.5965,-42.7164
36590,Sao Miguel Do Anta,MG,-20.7194,-42.7158
36592,Canaa,MG,-20.6871,-42.6202
36594,Araponga,MG,-20.6672,-42.5211
36596,Viçosa,MG,-20.7541,-42.8812
36600,Bicas,MG,-21.7189,-43.0651
36604,Rochedo De Minas,MG,-21.6242,-43.0176
36606,Guarara,MG,-21.729,-43.0418
36608,Maripa De Minas,MG,-21.6969,-42.9612
36610,Pequeri,MG,-21.8398,-43.1223
36620,Santana Do Deserto,MG,-21.9503,-43.1668
36630,Chiador,MG,-22.057,-43.0901
36640,Mar De Espanha,MG,-21.8658,-43.0075
36649,Mar De Espanha,MG,-21.8657,-42.9987
36650,Senador Cortes,MG,-21.8043,-42.9459
36660,Alem Paraiba,MG,-21.8727,-42.6938
36664,Angustura,MG,-21.8683,-42.6987
36666,Alem Paraiba,MG,-21.8415,-42.6194
36670,Santo Antonio Do Aventureiro,MG,-21.3552,-43.0337
36675,Sao Domingos,MG,-21.2276,-42.8268
36680,Sao Joao Nepomuceno,MG,-21.5378,-43.0118
36688,Sao Joao Nepomuceno,MG,-30.0052,-51.191
36690,Descoberto,MG,-21.4605,-42.9637
36700,Leopoldina,MG,-21.5302,-42.6409
36702,Tebas,MG,-21.5521,-42.685
36707,Ribeiro Junqueira,MG,-19.8219,-44.01
36708,Piacatuba,MG,-20.6768,-43.3516
36710,Argirita,MG,-21.614,-42.8372
36720,Volta Grande,MG,-21.7725,-42.5376
36725,Estrela Dalva,MG,-21.743,-42.4604
36730,Pirapetinga,MG,-21.6614,-42.3497
36740,Recreio,MG,-21.5242,-42.4641
36750,Palma,MG,-21.3759,-42.3157
36753,Cisneiros,MG,-21.4407,-42.36
36756,Itapirucu,MG,-21.9235,-46.3928
36760,Laranjal,MG,-21.3608,-42.4757
36770,Cataguases,MG,-21.3881,-42.6905
36771,Cataguases,MG,-21.4116,-42.6798
36772,Cataguases,MG,-21.3975,-42.7008
36773,Cataguases,MG,-21.3827,-42.7036
36774,Cataguases,MG,-21.3777,-42.6901
36777,Sereno,MG,-21.2816,-43.689
36778,Vista Alegre,MG,-18.9575,-49.4493
36779,Cataguarino,MG,-21.2944,-42.7288
36780,Astolfo Dutra,MG,-21.314,-42.8642
36784,Dona Euzebia,MG,-21.3167,-42.8131
36787,Sao Manoel Do Guaiacu,MG,-21.3447,-42.8319
36788,Itamarati De Minas,MG,-21.4166,-42.8166
36790,Mirai,MG,-21.1934,-42.6144
36793,Sao Sebastiao Da Vargem Alegre,MG,-20.8761,-42.5553
36795,Santana De Cataguases,MG,-21.2876,-42.5554
36800,Carangola,MG,-20.7325,-42.0299
36803,Alvorada,MG,-19.889,-45.1492
36805,Ponte Alta De Minas,MG,-20.7009,-42.2158
36810,Sao Francisco Do Gloria,MG,-20.7849,-42.4981
36815,Fervedouro,MG,-20.7249,-42.3053
36820,Divino,MG,-20.6101,-42.1464
36828,Orizania,MG,-20.5062,-42.2058
36830,Espera Feliz,MG,-20.6482,-41.9093
36832,Caiana,MG,-20.6979,-41.9225
36834,Caparao,MG,-20.5239,-41.9063
36840,Faria Lemos,MG,-20.8055,-42.0125
36844,Tombos,MG,-20.9097,-42.0352
36846,Catune,MG,-20.034,-44.1403
36847,Pedra Dourada,MG,-20.8322,-42.1553
36850,Antonio Prado De Minas,MG,-21.0138,-42.1197
36855,Eugenopolis,MG,-21.0979,-42.1839
36857,Espera Feliz,MG,-20.6512,-41.9054
36860,Patrocinio Do Muriae,MG,-21.152,-42.2109
36870,Barao De Monte Alto,MG,-21.2429,-42.2357
36873,Silveira Carvalho,MG,-23.5434,-46.8894
36876,Cachoeira Alegre,MG,-21.237,-42.3069
36878,Rosario Da Limeira,MG,-20.979,-42.5097
36880,Muriae,MG,-21.13,-42.3681
36881,Muriae,MG,-21.1366,-42.3601
36883,Muriae,MG,-21.1391,-42.3733
36884,Muriae,MG,-21.1303,-42.3811
36886,Muriae,MG,-21.1364,-42.3993
36887,Muriae,MG,-21.128,-42.3973
36888,Muriae,MG,-21.1252,-42.3859
36889,Muriae,MG,-21.1291,-42.3571
36891,Macuco,MG,-21.5819,-42.7414
36892,Vermelho,MG,-19.9551,-43.9439
36893,Miradouro,MG,-20.8907,-42.3439
36895,Vieiras,MG,-20.8649,-42.2445
36900,Manhuacu,MG,-20.2527,-42.0406
36905,Realeza,MG,-20.2407,-42.1466
36906,Sao Pedro Do Avai,MG,-20.1921,-42.1873
36908,Sao Sebastiao Do Sacramento,MG,-20.0975,-42.1576
36910,Santa Margarida,MG,-20.3833,-42.2517
36913,Santa Margarida,MG,-20.3843,-42.251
36915,Ribeirao De Sao Domingos,MG,-15.3327,-40.2675
36918,Sao Joao Do Manhuacu,MG,-20.3924,-42.1522
36920,Reduto,MG,-20.2451,-41.9829
36923,Luisburgo,MG,-20.4396,-42.1039
36925,Caputira,MG,-20.1727,-42.2711
36930,Simonesia,MG,-20.1107,-41.9997
36935,Alegria,MG,-19.9232,-41.9212
36940,Santana Do Manhuacu,MG,-20.0955,-41.9217
36947,Conceicao De Ipanema,MG,-19.933,-41.6934
36950,Ipanema,MG,-19.8002,-41.7153
36953,Taparuba,MG,-19.7635,-41.614
36955,Mutum,MG,-19.8262,-41.4386
36956,Mutum (São Francisco do Humaitá),MG,-19.8142,-41.5123
36958,Roseiral,MG,-19.8926,-41.3692
36960,Pocrane,MG,-19.618,-41.6297
36970,Manhumirim,MG,-20.3558,-41.9562
36972,Martins Soares,MG,-20.2573,-41.8731
36974,Durande,MG,-20.2017,-41.7997
36976,Alto Jequitiba,MG,-20.4265,-41.9642
36979,Alto Caparao,MG,-20.4441,-41.8703
36980,Lajinha,MG,-20.144,-41.6117
36985,Chale,MG,-20.0448,-41.6915
36990,Sao Jose Do Mantimento,MG,-20.0066,-41.7486
37002,Varginha,MG,-21.5556,-45.4374
37004,Varginha,MG,-21.5605,-45.4318
37005,Varginha,MG,-21.5514,-45.4312
37006,Varginha,MG,-21.5654,-45.4382
37007,Varginha,MG,-21.0379,-45.0009
37010,Varginha,MG,-21.559,-45.4456
37011,Varginha,MG,-21.5815,-45.4338
37012,Varginha,MG,-21.5675,-45.449
37014,Varginha,MG,-21.5502,-45.4464
37018,Varginha,MG,-21.5481,-45.4373
37022,Varginha,MG,-21.595,-45.428
37026,Varginha,MG,-21.5733,-45.4415
37030,Varginha,MG,-21.544,-45.4502
37031,Varginha,MG,-21.5583,-45.4624
37034,Varginha,MG,-21.5453,-45.4557
37036,Varginha,MG,-21.5315,-45.4531
37038,Varginha,MG,-21.5386,-45.4466
37044,Varginha,MG,-21.5574,-45.4224
37045,Varginha,MG,-21.5559,-45.4172
37048,Varginha,MG,-21.5705,-45.4178
37056,Varginha,MG,-21.5743,-45.4237
37060,Varginha,MG,-21.5811,-45.4205
37062,Varginha,MG,-21.5857,-45.4404
37064,Varginha,MG,-21.5875,-45.4324
37066,Varginha,MG,-21.5984,-45.4309
37068,Varginha,MG,-21.5832,-45.4361
37070,Varginha,MG,-21.591,-45.4473
37072,Varginha,MG,-21.5904,-45.4524
37074,Varginha,MG,-21.5895,-45.4486
37077,Varginha,MG,-21.5828,-45.4549
37110,Eloi Mendes,MG,-21.6085,-45.5665
37115,Monte Belo,MG,-21.3253,-46.368
37120,Paraguacu,MG,-21.5501,-45.735
37130,Alfenas,MG,-21.4274,-45.9465
37131,Alfenas,MG,-21.4365,-45.9424
37132,Alfenas,MG,-21.4378,-45.9522
37133,Alfenas,MG,-21.4288,-45.966
37134,Divisa Nova,MG,-21.5088,-46.1982
37135,Alfenas,MG,-21.4222,-45.9643
37136,Alfenas,MG,-21.4185,-45.9623
37137,Alfenas,MG,-21.4106,-45.9487
37138,Fama,MG,-21.409,-45.8294
37140,Areado,MG,-21.3587,-46.145
37142,Divisa Nova,MG,-21.51,-46.1958
37143,Serrania,MG,-21.5316,-46.1195
37144,Fama,MG,-21.2941,-45.5619
37145,Alterosa,MG,-21.2558,-46.1449
37147,Divino Espirito Santo,MG,-20.5482,-45.1194
37148,Conceicao Da Aparecida,MG,-21.0965,-46.2044
37150,Carmo Do Rio Claro,MG,-20.9716,-46.1213
37160,Campos Gerais,MG,-21.2368,-45.76
37163,Corrego Do Ouro,MG,-21.372,-45.7754
37165,Campo Do Meio,MG,-21.1095,-45.8298
37170,Boa Esperanca,MG,-21.0951,-45.5615
37175,Ilicinea,MG,-20.9406,-45.8272
37177,Guape,MG,-20.7619,-45.9256
37190,Tres Pontas,MG,-21.3706,-45.5129
37195,Santana Da Vargem,MG,-21.2506,-45.5063
37200,Lavras,MG,-21.2447,-44.9992
37205,Ijaci,MG,-21.1754,-44.9277
37210,Itumirim,MG,-21.3174,-44.87
37212,Macuco De Minas,MG,-21.063,-44.6335
37215,Ingai,MG,-21.4025,-44.9208
37218,Ijaci,MG,-20.7991,-45.1407
37220,Bom Sucesso,MG,-21.0329,-44.7569
37223,Ibituruna,MG,-21.1544,-44.7538
37225,Carmo Da Cachoeira,MG,-21.461,-45.2205
37235,Coqueiral,MG,-21.1897,-45.4395
37240,Luminarias,MG,-21.5116,-44.903
37245,Carrancas,MG,-21.4891,-44.6426
37250,Nepomuceno,MG,-21.2364,-45.2363
37260,Perdoes,MG,-21.0962,-45.0882
37262,Santo Antonio Do Amparo,MG,-20.9027,-44.8969
37264,Ribeirao Vermelho,MG,-21.1855,-45.0599
37267,Cana Verde,MG,-21.0203,-45.1825
37270,Campo Belo,MG,-20.8938,-45.2756
37273,Aguanil,MG,-20.9422,-45.3874
37275,Cristais,MG,-20.8753,-45.5162
37278,Santana Do Jacare,MG,-20.9329,-45.143
37280,Candeias,MG,-20.7713,-45.2743
37300,Andrelandia,MG,-21.7397,-44.31
37305,Madre De Deus De Minas,MG,-21.4843,-44.3316
37310,Bom Jardim De Minas,MG,-21.9486,-44.1865
37315,Tabuao,MG,-21.9871,-44.0326
37330,Passa Vinte,MG,-22.2082,-44.2348
37340,Bocaina De Minas,MG,-22.1765,-44.4229
37350,Liberdade,MG,-22.0262,-44.32
37360,Arantina,MG,-21.9152,-44.2536
37370,Sao Vicente De Minas,MG,-21.7011,-44.4459
37400,Campanha,MG,-21.8348,-45.4019
37405,Monsenhor Paulo,MG,-21.7569,-45.5421
37407,Sao Bento Abade,MG,-21.5847,-45.0715
37408,Sao Thome Das Letras,MG,-21.7224,-44.9836
37410,Tres Coracoes,MG,-21.6934,-45.2598
37411,Tres Coracoes,MG,-21.6951,-45.2588
37412,Tres Coracoes,MG,-21.6787,-45.2529
37413,Três Corações,MG,-21.6875,-45.2371
37414,Tres Coracoes,MG,-21.6983,-45.2527
37415,Três Corações,MG,-21.7067,-45.2636
37416,Três Corações,MG,-21.7202,-45.2655
37417,Tres Coracoes,MG,-21.6846,-45.2643
37418,Três Corações,MG,-21.6659,-45.281
37420,Cambuquira,MG,-21.8543,-45.2972
37430,Conceicao Do Rio Verde,MG,-21.8825,-45.0874
37440,Caxambu,MG,-21.9808,-44.9317
37443,Baependi,MG,-21.9617,-44.889
37445,Cruzilia,MG,-21.8393,-44.8106
37447,Minduri,MG,-21.6818,-44.6012
37450,Aiuruoca,MG,-21.9788,-44.6058
37452,Serranos,MG,-21.8898,-44.5122
37454,Seritinga,MG,-21.9089,-44.5195
37456,Carvalhos,MG,-22.0016,-44.4619
37458,Alagoa,MG,-22.1718,-44.6426
37460,Passa Quatro,MG,-22.3872,-44.9673
37464,Itanhandu,MG,-22.2968,-44.9368
37465,Virginia,MG,-22.332,-45.0923
37466,Itamonte,MG,-22.2854,-44.8671
37467,Sao Sebastiao Do Rio Verde,MG,-22.2188,-44.9778
37468,Pouso Alto,MG,-22.1844,-44.9713
37469,Santana Do Capivari,MG,-22.248,-44.9349
37470,Sao Lourenco,MG,-22.1182,-45.0546
37472,Carmo De Minas,MG,-22.1212,-45.1247
37474,Dom Vicoso,MG,-22.2509,-45.1573
37476,Cristina,MG,-22.2104,-45.2647
37478,Soledade De Minas,MG,-22.0563,-45.0441
37480,Lambari,MG,-21.9742,-45.3492
37484,Heliodora,MG,-22.067,-45.5419
37485,Jesuania,MG,-22.0012,-45.2885
37488,Olimpio Noronha,MG,-22.0691,-45.2624
37490,Sao Goncalo Do Sapucai,MG,-21.8126,-45.5477
37496,Turvolandia,MG,-21.8756,-45.7886
37498,Cordislandia,MG,-21.7919,-45.7009
37500,Itajuba,MG,-22.4205,-45.453
37501,Itajuba,MG,-22.4317,-45.4405
37502,Itajuba,MG,-22.4348,-45.4513
37503,Itajuba,MG,-22.4401,-45.4714
37504,Itajuba,MG,-22.4293,-45.4762
37505,Itajuba,MG,-22.4198,-45.4675
37508,Piranguinho,MG,-22.3945,-45.5413
37510,Sao Jose Do Alegre,MG,-22.3286,-45.5263
37511,Pirangucu,MG,-22.5295,-45.4963
37512,Wenceslau Braz,MG,-22.5343,-45.3612
37514,Delfim Moreira,MG,-22.5065,-45.277
37516,Marmelopolis,MG,-22.4489,-45.1635
37517,Maria Da Fe,MG,-22.3089,-45.3733
37520,Pedralva,MG,-22.2459,-45.4658
37524,Natercia,MG,-22.1183,-45.5116
37527,Conceicao Das Pedras,MG,-22.1579,-45.4521
37530,Brasopolis,MG,-22.4785,-45.6179
37535,Luminosa,MG,-22.5819,-45.635
37540,Santa Rita Do Sapucai,MG,-22.2472,-45.7075
37542,Estiva,MG,-22.4634,-46.0172
37545,Cachoeira De Minas,MG,-22.3558,-45.7823
37546,Itaim,MG,-22.3868,-45.8853
37548,Conceicao Dos Ouros,MG,-22.4139,-45.7965
37550,Pouso Alegre,MG,-22.2351,-45.9339
37551,Pouso Alegre,MG,-22.2285,-45.945
37552,Pouso Alegre,MG,-22.2203,-45.9378
37553,Pouso Alegre,MG,-22.2221,-45.929
37554,Pouso Alegre,MG,-22.2251,-45.9234
37555,Pouso Alegre,MG,-22.2153,-45.9125
37556,Pouso Alegre,MG,-22.2092,-45.8551
37557,Pouso Alegre,MG,-22.2424,-45.9423
37558,Pouso Alegre,MG,-22.2485,-45.9356
37559,Ipuiuna,MG,-22.186,-46.0631
37560,Pouso Alegre,MG,-22.2687,-45.9171
37561,Pouso Alegre,MG,-22.2666,-45.9164
37563,Tocos Do Moji,MG,-22.3698,-46.0967
37564,Borda Da Mata,MG,-22.2626,-46.1711
37566,Espirito Santo Do Dourado,MG,-22.0381,-45.9551
37567,Sao Sebastiao Da Bela Vista,MG,-22.1615,-45.7608
37568,Sao Joao Da Mata,MG,-21.934,-45.9241
37570,Ouro Fino,MG,-22.2785,-46.3713
37572,Crisolia,MG,-20.5909,-44.637
37576,Inconfidentes,MG,-22.3195,-46.3259
37578,Bueno Brandao,MG,-22.4427,-46.3488
37580,Monte Siao,MG,-22.4302,-46.5734
37582,Careacu,MG,-21.8799,-45.8565
37584,Congonhal,MG,-21.8654,-45.6508
37586,Senador Jose Bento,MG,-22.1596,-46.1755
37588,Ipuiuna,MG,-21.9343,-46.1263
37589,Silvianopolis,MG,-21.0949,-45.832
37590,Jacutinga,MG,-22.2881,-46.6119
37596,Albertina,MG,-22.2012,-46.6155
37600,Cambui,MG,-22.6119,-46.0582
37605,Corrego Do Bom Jesus,MG,-22.6312,-46.0193
37610,Bom Repouso,MG,-22.4701,-46.1471
37615,Senador Amaral,MG,-22.5872,-46.1771
37620,Munhoz,MG,-22.6138,-46.3626
37630,Toledo,MG,-22.7433,-46.3738
37640,Extrema,MG,-22.8555,-46.3195
37650,Camanducaia,MG,-22.7555,-46.14
37652,Sao Mateus De Minas,MG,-22.7074,-46.0353
37653,Monte Verde,MG,-22.8602,-46.0326
37655,Itapeva,MG,-22.7684,-46.2226
37660,Paraisopolis,MG,-22.5515,-45.7786
37670,Consolacao,MG,-22.5504,-45.9213
37680,Goncalves,MG,-22.6597,-45.8546
37690,Sapucai-Mirim,MG,-22.7502,-45.7479
37701,Pocos De Caldas,MG,-21.7891,-46.5676
37702,Pocos De Caldas,MG,-21.7876,-46.5392
37703,Pocos De Caldas,MG,-21.7903,-46.5376
37704,Pocos De Caldas,MG,-21.7928,-46.5674
37705,Pocos De Caldas,MG,-21.8074,-46.544
37706,Pocos De Caldas,MG,-21.8304,-46.5494
37708,Poços de Caldas,MG,-21.7954,-46.5599
37709,Pocos De Caldas,MG,-21.8003,-46.5156
37710,Pocos De Caldas,MG,-21.807,-46.51
37713,Pocos De Caldas,MG,-21.832,-46.5591
37714,Pocos De Caldas,MG,-21.7989,-46.6009
37716,Pocos De Caldas,MG,-21.7959,-46.5902
37718,Pocos De Caldas,MG,-21.8813,-46.6163
37720,Botelhos,MG,-21.648,-46.3998
37723,Botelhos,MG,-21.5955,-46.3195
37725,Palmeiral,MG,-21.6382,-46.5167
37730,Campestre,MG,-21.7111,-46.2466
37740,Bandeira Do Sul,MG,-21.7301,-46.3865
37750,Machado,MG,-21.6804,-45.9205
37757,Poco Fundo,MG,-21.7802,-45.9675
37760,Carvalhopolis,MG,-21.7785,-45.8428
37775,Santa Rita De Caldas,MG,-22.05,-46.3291
37780,Caldas,MG,-21.9139,-46.3924
37785,Santana De Caldas,MG,-23.4897,-46.6374
37790,Ibitiura De Minas,MG,-22.0634,-46.4406
37795,Andradas,MG,-22.0705,-46.5735
37800,Guaxupe,MG,-21.306,-46.7141
37805,Juruaia,MG,-21.253,-46.579
37810,Guaranesia,MG,-21.302,-46.7934
37815,Santa Cruz Do Prata,MG,-19.3217,-48.922
37820,Arceburgo,MG,-21.3641,-46.9399
37855,Sao Pedro Da Uniao,MG,-21.1267,-46.6272
37860,Nova Resende,MG,-21.1114,-46.4206
37865,Petunia,MG,-21.0112,-46.4017
37880,Cabo Verde,MG,-21.4738,-46.3961
37890,Muzambinho,MG,-21.369,-46.5232
37900,Passos,MG,-20.7196,-46.6048
37901,Passos,MG,-20.7358,-46.5991
37902,Passos,MG,-20.7293,-46.6138
37903,Passos,MG,-20.7149,-46.6277
37904,Passos,MG,-20.7091,-46.6179
37905,Fortaleza De Minas,MG,-20.8562,-46.7202
37910,Delfinopolis,MG,-20.3531,-46.8429
37920,Sao Joao Batista Do Gloria,MG,-20.5544,-46.5482
37922,Vargem Bonita,MG,-20.3296,-46.3711
37925,Piumhi,MG,-20.4691,-45.9608
37926,Doresopolis,MG,-20.2903,-45.9014
37927,São José Do Barreiro,MG,-20.3457,-46.4839
37928,Sao Roque De Minas,MG,-20.2406,-46.3821
37930,Capitolio,MG,-20.6166,-46.0463
37940,Alpinopolis,MG,-20.8587,-46.3869
37945,Sao Jose Da Barra,MG,-20.7155,-46.3166
37948,Bom Jesus Da Penha,MG,-21.0181,-46.5187
37950,Sao Sebastiao Do Paraiso,MG,-20.914,-46.9863
37952,Guardinha,MG,-20.9158,-47.1562
37955,Itamogi,MG,-21.0816,-47.0445
37958,Monte Santo De Minas,MG,-21.1871,-46.9762
37960,Sao Tomas De Aquino,MG,-20.7806,-47.0986
37965,Jacui,MG,-21.0182,-46.7432
37968,Monte Santo De Minas,MG,-21.0111,-46.8117
37970,Pratapolis,MG,-20.7444,-46.8612
37973,Itamogi,MG,-20.8409,-46.799
37975,Itau De Minas,MG,-20.7443,-46.7514
37980,Cassia,MG,-20.5829,-46.9221
37990,Ibiraci,MG,-20.4639,-47.1257
37993,Capetinga,MG,-20.6211,-47.0552
37997,Claraval,MG,-20.4015,-47.2856
38010,Uberaba,MG,-19.7484,-47.9362
38015,Uberaba,MG,-19.7479,-47.9262
38017,Uberaba,MG,-19.7402,-47.9248
38020,Uberaba,MG,-19.7607,-47.9469
38022,Uberaba,MG,-19.7602,-47.9391
38025,Uberaba,MG,-19.7569,-47.9302
38026,Uberaba,MG,-19.7617,-47.9211
38030,Uberaba,MG,-19.7676,-47.933
38031,Uberaba,MG,-19.7725,-47.929
38035,Uberaba,MG,-19.7629,-47.9007
38036,Uberaba,MG,-19.7684,-47.9141
38037,Uberaba,MG,-19.78,-47.9136
38038,Uberaba,MG,-19.778,-47.894
38040,Uberaba,MG,-19.7864,-47.9377
38041,Uberaba,MG,-19.7832,-47.9217
38045,Uberaba,MG,-19.774,-47.9553
38046,Uberaba,MG,-19.7738,-47.9966
38048,Uberaba,MG,-19.7702,-47.9448
38050,Uberaba,MG,-19.7583,-47.9555
38051,Uberaba,MG,-19.7576,-47.9834
38055,Uberaba,MG,-19.7509,-47.9685
38056,Uberaba,MG,-19.7351,-47.987
38057,Uberaba,MG,-19.7371,-47.9659
38060,Uberaba,MG,-19.7455,-47.9451
38061,Uberaba,MG,-19.7443,-47.9553
38064,Uberaba,MG,-19.7072,-47.9682
38065,Uberaba,MG,-19.7396,-47.9356
38066,Uberaba,MG,-19.7343,-47.9431
38067,Uberaba,MG,-19.7287,-47.9355
38070,Uberaba,MG,-19.731,-47.9229
38071,Uberaba,MG,-19.7237,-47.9164
38072,Uberaba,MG,-19.7319,-47.9125
38073,Uberaba,MG,-19.735,-47.8933
38080,Uberaba,MG,-19.7425,-47.9146
38081,Uberaba,MG,-19.7528,-47.9127
38082,Uberaba,MG,-19.7494,-47.8983
38106,Ponte Alta,MG,-19.3911,-46.7281
38108,Delta,MG,-19.9752,-47.7767
38110,Agua Comprida,MG,-20.0578,-48.1081
38120,Conceicao Das Alagoas,MG,-19.9212,-48.3755
38130,Campo Florido,MG,-19.7625,-48.5747
38140,Prata,MG,-19.3068,-48.9228
38150,Verissimo,MG,-19.6686,-48.3094
38160,Nova Ponte,MG,-19.3364,-47.1132
38170,Perdizes,MG,-19.3607,-47.2856
38175,Santa Juliana,MG,-19.316,-47.5283
38178,Pedrinopolis,MG,-19.2284,-47.4645
38180,Araxa,MG,-19.5824,-46.9538
38181,Araxa,MG,-19.5757,-46.9317
38182,Araxa,MG,-19.6052,-46.9259
38183,Araxa,MG,-19.5966,-46.9375
38184,Araxa,MG,-19.6019,-46.9448
38185,Tapira,MG,-19.9253,-46.8279
38190,Sacramento,MG,-19.87,-47.4441
38195,Conquista,MG,-19.9329,-47.5521
38198,Guaxima,MG,-19.8585,-47.5834
38200,Frutal,MG,-20.0274,-48.9335
38205,Aparecida De Minas,MG,-18.8671,-48.2641
38210,Pirajuba,MG,-19.9076,-48.702
38220,Planura,MG,-20.138,-48.7022
38230,Fronteira,MG,-20.2795,-49.2026
38240,Itapagipe,MG,-19.901,-49.3688
38250,Comendador Gomes,MG,-19.6957,-49.0833
38260,Sao Francisco De Sales,MG,-19.8587,-49.7722
38270,Campina Verde,MG,-19.5343,-49.5021
38272,Honorópolis,MG,-19.5615,-50.0161
38280,Iturama,MG,-19.7294,-50.1996
38282,Alexandrita,MG,-19.7029,-50.4142
38288,Uniao De Minas,MG,-19.521,-50.3342
38290,Carneirinho,MG,-19.7116,-50.7214
38292,Sao Sebastiao Do Pontal,MG,-22.4161,-47.6394
38294,Estrela Da Barra,MG,-19.9052,-50.726
38295,Limeira Do Oeste,MG,-19.5456,-50.5823
38300,Ituiutaba,MG,-18.9764,-49.463
38301,Ituiutaba,MG,-18.9536,-49.4582
38302,Ituiutaba,MG,-18.968,-49.4494
38303,Ituiutaba,MG,-18.9821,-49.4389
38304,Ituiutaba,MG,-18.9892,-49.452
38305,Ituiutaba,MG,-19.0026,-49.4789
38307,Ituiutaba,MG,-18.9771,-49.481
38308,Ituiutaba,MG,-18.9618,-49.478
38310,Gurinhata,MG,-19.2128,-49.7848
38320,Santa Vitoria,MG,-18.8516,-50.1408
38325,Chaveslandia,MG,-19.0433,-50.4881
38328,Perdilandia,MG,-19.0404,-50.4908
38350,Ipiacu,MG,-18.6927,-49.9436
38360,Capinopolis,MG,-18.6833,-49.5699
38370,Cachoeira Dourada,MG,-18.5318,-49.4943
38380,Canapolis,MG,-18.7235,-49.1993
38390,Centralina,MG,-18.5853,-49.2006
38400,Uberlandia,MG,-18.9132,-48.2782
38401,Uberlandia,MG,-18.8916,-48.2898
38402,Uberlandia,MG,-18.874,-48.2741
38405,Uberlandia,MG,-18.8927,-48.2499
38406,Uberlandia,MG,-18.8758,-48.2319
38407,Uberlandia,MG,-18.915,-48.1939
38408,Uberlandia,MG,-18.9241,-48.2493
38409,Uberlandia,MG,-18.9281,-48.2146
38410,Uberlandia,MG,-18.9542,-48.2379
38411,Uberlandia,MG,-18.9495,-48.2763
38412,Uberlandia,MG,-18.9502,-48.3095
38413,Uberlandia,MG,-18.9317,-48.3151
38414,Uberlandia,MG,-18.9214,-48.3295
38415,Uberlandia,MG,-18.8971,-48.3291
38420,Monte Alegre De Minas,MG,-18.8688,-48.8797
38421,Uberlandia,MG,-18.9775,-48.3586
38425,Uberlandia,MG,-18.976,-48.2743
38430,Tupaciguara,MG,-18.5993,-48.6941
38433,Uberlandia,MG,-18.8988,-48.1575
38435,Arapora,MG,-18.433,-49.1845
38439,Martinesia,MG,-18.9477,-48.1759
38440,Araguari,MG,-18.6526,-48.1922
38441,Araguari,MG,-18.657,-48.2093
38442,Araguari,MG,-18.6451,-48.205
38443,Araguari,MG,-18.6348,-48.2047
38444,Araguari,MG,-18.6309,-48.1895
38445,Araguari,MG,-18.6422,-48.178
38446,Araguari,MG,-18.661,-48.181
38447,Araguari,MG,-18.6608,-48.1896
38455,Amanhece,MG,-18.534,-48.1963
38460,Cascalho Rico,MG,-18.6053,-47.8834
38465,Arapora,MG,-18.4336,-49.1857
38470,Grupiara,MG,-18.4973,-47.7229
38475,Monte Alegre De Minas,MG,-18.8689,-48.8785
38480,Tupaciguara,MG,-18.5968,-48.6976
38490,Indianopolis,MG,-19.0368,-47.9183
38500,Monte Carmelo,MG,-18.7326,-47.4964
38510,Irai De Minas,MG,-18.9861,-47.4633
38520,Romaria,MG,-18.885,-47.5859
38525,Estrela Do Sul,MG,-18.7413,-47.7019
38530,Douradoquara,MG,-18.4349,-47.6081
38540,Abadia Dos Dourados,MG,-18.4745,-47.4078
38550,Coromandel,MG,-18.4763,-47.1968
38570,Guarda-Mor,MG,-17.7693,-47.0982
38600,Paracatu,MG,-17.2242,-46.8743
38602,Paracatu,MG,-17.2256,-46.8824
38603,Paracatu,MG,-17.2334,-46.8793
38606,Paracatu,MG,-18.1298,-46.1709
38607,Paracatu,MG,-17.2252,-46.8556
38610,Unai,MG,-16.3638,-46.8953
38625,Cabeceira Grande,MG,-16.0557,-47.1437
38627,Cabeceira Grande (Palmital de Minas),MG,-16.0354,-47.1124
38630,Uruana De Minas,MG,-16.0597,-46.2553
38640,Riachinho,MG,-16.2302,-45.9914
38649,Urucuia,MG,-15.9727,-45.0958
38650,Bonfinopolis De Minas,MG,-16.5625,-45.9986
38654,Dom Bosco,MG,-16.6519,-46.2693
38658,Natalandia,MG,-16.5096,-46.4919
38660,Buritis,MG,-15.6272,-46.4263
38665,Serra Bonita,MG,-15.2142,-46.8157
38680,Arinos,MG,-15.9204,-46.1077
38689,Chapada Gaucha,MG,-15.3001,-45.626
38690,Formoso,MG,-14.9572,-46.2298
38700,Patos De Minas,MG,-18.5951,-46.5187
38701,Patos De Minas,MG,-18.5764,-46.526
38702,Patos De Minas,MG,-18.5719,-46.5161
38703,Patos De Minas,MG,-18.5769,-46.4948
38705,Patos De Minas,MG,-18.595,-46.5005
38706,Patos De Minas,MG,-18.6196,-46.5054
38710,Lagoa Formosa,MG,-18.7812,-46.4014
38711,Santana De Patos,MG,-18.8331,-46.5948
38717,Pilar,MG,-19.174,-45.4183
38720,Lagoa Formosa,MG,-18.7762,-46.4042
38730,Guimarania,MG,-18.845,-46.7953
38735,Cruzeiro Da Fortaleza,MG,-18.9533,-46.6738
38738,Brejo Bonito,MG,-21.8513,-50.7146
38740,Patrocinio,MG,-18.9471,-46.9915
38741,Patrocinio,MG,-18.9676,-47.0007
38742,Patrocinio,MG,-18.9369,-47.0017
38743,Patrocinio,MG,-18.9285,-47.0004
38744,Patrocinio,MG,-18.9358,-46.9867
38745,Patrocinio,MG,-18.9256,-46.9667
38747,Patrocinio,MG,-18.9424,-46.9852
38748,Patrocinio,MG,-18.961,-46.9923
38749,Sao Joao Da Serra Negra,MG,-18.8391,-46.9467
38750,Presidente Olegario,MG,-18.4125,-46.417
38755,Lagoa Grande,MG,-17.839,-46.5182
38760,Serra Do Salitre,MG,-19.1112,-46.6817
38770,Joao Pinheiro,MG,-17.732,-46.1659
38772,Olhos D'Agua Do Oeste,MG,-17.5954,-45.8898
38773,Joao Pinheiro,MG,-17.3978,-45.8331
38775,Joao Pinheiro,MG,-17.6415,-45.8261
38776,Luizlandia Do Oeste,MG,-17.2054,-47.8018
38779,Brasilandia De Minas,MG,-17.005,-46.0062
38780,Vazante,MG,-17.9872,-46.9038
38785,Lagamar,MG,-18.1694,-46.7984
38790,Sao Goncalo Do Abaete,MG,-18.3251,-45.7997
38794,Varjao De Minas,MG,-18.3833,-46.0346
38800,Sao Gotardo,MG,-19.3179,-46.0523
38803,Guarda Dos Ferreiros,MG,-19.3661,-46.1214
38805,Santa Rosa Da Serra,MG,-19.6346,-45.9509
38810,Rio Paranaiba,MG,-19.1994,-46.2432
38819,Rio Paranaiba,MG,-19.677,-51.1889
38840,Carmo Do Paranaiba,MG,-18.9983,-46.3094
38845,Carmo Do Paranaiba,MG,-18.8598,-46.086
38860,Arapua,MG,-19.0364,-46.1523
38870,Matutina,MG,-19.2223,-45.9699
38880,Tiros,MG,-18.9859,-45.952
38900,Bambui,MG,-20.0152,-45.9768
38910,Iguatama,MG,-20.1722,-45.7121
38930,Medeiros,MG,-19.9966,-46.2198
38950,Ibia,MG,-19.515,-46.5616
38960,Pratinha,MG,-19.7519,-46.3836
38970,Campos Altos,MG,-19.6968,-46.1699
38980,Tapirai,MG,-19.8888,-46.0207
38990,Corrego Danta,MG,-19.8245,-45.906
39100,Diamantina,MG,-18.2403,-43.6005
39103,Diamantina,MG,-18.2414,-43.6012
39110,Sao Joao Da Chapada,MG,-18.0884,-43.7423
39112,Senador Mourao,MG,-17.8113,-43.4217
39113,Desembargador Otoni,MG,-17.6966,-43.3318
39120,Gouveia,MG,-18.4708,-43.761
39130,Datas,MG,-18.4473,-43.6589
39135,Presidente Kubitschek,MG,-18.6189,-43.5739
39140,Alvorada De Minas,MG,-18.7374,-43.3735
39150,Serro,MG,-18.5984,-43.3886
39153,Sao Goncalo Do Rio Das Pedras,MG,-18.4195,-43.4954
39155,Milho Verde,MG,-18.4723,-43.4969
39160,Santo Antonio Do Itambe,MG,-18.4629,-43.3026
39165,Serra Azul De Minas,MG,-18.3625,-43.1711
39170,Rio Vermelho,MG,-18.2939,-43.01
39175,Pedra Menina,MG,-21.3587,-46.1505
39180,Felicio Dos Santos,MG,-18.0787,-43.247
39185,Sao Goncalo Do Rio Preto,MG,-18.0038,-43.3781
39188,Couto De Magalhaes De Minas,MG,-18.0719,-43.4734
39190,Senador Modestino Goncalves,MG,-17.9486,-43.2228
39200,Corinto,MG,-18.3658,-44.4544
39205,Tres Marias,MG,-18.2082,-45.2265
39207,Andrequice,MG,-18.2562,-45.0666
39210,Santo Hipolito,MG,-18.2969,-44.2212
39215,Monjolos,MG,-18.3229,-44.1181
39219,Augusto De Lima,MG,-18.1088,-44.2624
39220,Augusto De Lima,MG,-18.1075,-44.2598
39230,Buenopolis,MG,-17.8747,-44.1704
39237,Felixlandia,MG,-18.8445,-44.8619
39238,Felixlandia,MG,-18.7113,-45.1535
39240,Joaquim Felicio,MG,-17.7581,-44.1697
39243,Inimutaba,MG,-18.7319,-44.3618
39245,Presidente Juscelino,MG,-18.6376,-44.0593
39248,Morro Da Garca,MG,-18.543,-44.6018
39250,Lassance,MG,-17.8705,-44.603
39260,Varzea Da Palma,MG,-17.5981,-44.7487
39265,Guaicui,MG,-19.864,-43.9064
39270,Pirapora,MG,-17.3408,-44.9335
39280,Buritizeiro,MG,-17.3646,-44.9846
39290,Sao Romao,MG,-16.3662,-45.072
39295,Santa Fe De Minas,MG,-16.9454,-45.3234
39300,Sao Francisco,MG,-15.9676,-44.8618
39314,Chapada Gaucha,MG,-15.3138,-45.6096
39315,Urucuia,MG,-16.1249,-45.7408
39317,Pintopolis,MG,-16.0531,-45.1461
39318,Icarai De Minas,MG,-16.2152,-44.9082
39320,Ubai,MG,-16.2898,-44.7828
39325,Bentópolis De Minas,MG,-16.3749,-45.0154
39328,Ponto Chique,MG,-16.6313,-45.0642
39330,Brasilia De Minas,MG,-16.2157,-44.4339
39335,Japonvar,MG,-15.9943,-44.2774
39336,Luislandia,MG,-16.121,-44.5845
39338,Campo Azul,MG,-16.5057,-44.8117
39340,Coracao De Jesus,MG,-16.6603,-44.3461
39344,Luiz Pires De Minas,MG,-16.4987,-44.2609
39347,Alvacao,MG,-16.4081,-44.2177
39350,Ibiai,MG,-16.8625,-44.8823
39355,Sao Joao Da Lagoa,MG,-16.8525,-44.3473
39360,Lagoa Dos Patos,MG,-16.9859,-44.5898
39363,Engenheiro Navarro,MG,-17.285,-43.9499
39365,Sao Joao Do Pacui,MG,-16.5341,-44.5305
39370,Jequitai,MG,-17.2288,-44.4325
39373,Mirabela,MG,-16.2539,-44.1643
39378,Patis,MG,-16.865,-44.0683
39380,Claro Dos Pocoes,MG,-17.0438,-44.2061
39385,Vista Alegre,MG,-19.2638,-45.247
39387,Francisco Dumont,MG,-17.3133,-44.2324
39390,Bocaiuva,MG,-17.1152,-43.8129
39397,Guaraciama,MG,-17.0137,-43.6709
39398,Olhos D'Agua,MG,-17.4016,-43.571
39400,Montes Claros,MG,-16.722,-43.8629
39401,Montes Claros,MG,-16.7246,-43.8725
39402,Montes Claros,MG,-16.7403,-43.8482
39403,Montes Claros,MG,-16.7527,-43.8718
39404,Montes Claros,MG,-16.7029,-43.8317
39405,Montes Claros,MG,-16.7053,-43.8459
39406,Montes Claros,MG,-16.7222,-43.8309
39407,Montes Claros,MG,-16.7355,-43.8595
39408,Montes Claros,MG,-16.7276,-43.8861
39414,Nova Esperanca,MG,-20.9261,-45.1882
39416,Vila Nova De Minas,MG,-16.4515,-43.8218
39417,Engenheiro Navarro,MG,-17.2855,-43.9503
39425,Patis,MG,-16.0804,-44.0805
39430,Sao Joao Da Ponte,MG,-15.9338,-44.0024
39437,Lontra,MG,-15.9015,-44.3011
39440,Janauba,MG,-15.8078,-43.3093
39442,Janaúba,MG,-15.8014,-43.3103
39445,Janauba,MG,-15.8453,-43.3336
39447,Janaúba,MG,-15.8211,-43.3001
39450,Varzelandia,MG,-15.7034,-44.0227
39455,Ibiracatu,MG,-15.6589,-44.158
39458,Verdelandia,MG,-15.5912,-43.6102
39460,Manga,MG,-14.7536,-43.9397
39465,Miravania,MG,-14.7491,-44.4104
39467,Juvenilia,MG,-14.2971,-44.1676
39470,Itacarambi,MG,-15.0966,-44.1026
39472,Capitao Eneas,MG,-16.5434,-43.7463
39473,Cacarema,MG,-16.0414,-43.5542
39475,Sao Joao Das Missoes,MG,-14.8817,-44.0869
39478,Matias Cardoso,MG,-14.8546,-43.9198
39480,Januaria,MG,-15.4834,-44.3799
39489,Conego Marinho,MG,-15.2968,-44.4127
39490,Bonito De Minas,MG,-15.3233,-44.7579
39492,Pedras De Maria Da Cruz,MG,-15.6056,-44.384
39495,Montalvania,MG,-14.4168,-44.3822
39497,Sao Sebastiao Dos Pocoes,MG,-14.5198,-44.3948
39500,Monte Azul,MG,-15.1526,-42.871
39505,Gameleiras,MG,-15.0829,-43.1193
39508,Jaiba,MG,-15.3408,-43.6723
39510,Espinosa,MG,-14.9237,-42.8131
39516,Mamonas,MG,-15.0477,-42.952
39517,Pai Pedro,MG,-15.5316,-43.0682
39518,Serranopolis De Minas,MG,-15.8096,-42.8714
39520,Porteirinha,MG,-15.7428,-43.0281
39523,Tocandira,MG,-15.6549,-43.0654
39525,Nova Porteirinha,MG,-15.8031,-43.3011
39526,Catuti,MG,-15.3647,-42.9803
39527,Mato Verde,MG,-15.3932,-42.8608
39529,Riacho Dos Machados,MG,-16.0034,-43.0465
39530,Rio Pardo De Minas,MG,-15.6178,-42.5421
39535,Vargem Grande Do Rio Pardo,MG,-15.3983,-42.3084
39536,Indaiabira,MG,-15.5072,-42.2136
39538,Santo Antonio Do Retiro,MG,-16.2921,-43.1566
39540,Sao Joao Do Paraiso,MG,-15.3159,-42.0183
39547,Montezuma,MG,-15.1713,-42.5003
39550,Taiobeiras,MG,-15.8122,-42.2271
39553,Ninheira,MG,-15.3285,-41.7397
39555,Berizal,MG,-15.6203,-41.7459
39558,Fruta De Leite,MG,-16.1162,-42.5303
39560,Salinas,MG,-16.1643,-42.2933
39563,Santa Cruz De Salinas,MG,-16.0886,-41.7517
39565,Rubelita,MG,-16.4056,-42.2619
39568,Novorizonte,MG,-16.0124,-42.4156
39569,Curral De Dentro,MG,-15.9179,-41.801
39570,Grao Mogol,MG,-16.5156,-42.8603
39573,Padre Carvalho,MG,-16.3472,-42.5311
39575,Josenopolis,MG,-16.545,-42.5163
39580,Francisco Sa,MG,-16.4878,-43.4175
39585,Catuni,MG,-16.2401,-43.275
39590,Juramento,MG,-16.8459,-43.588
39592,Glaucilandia,MG,-16.8506,-43.6973
39594,Itacambira,MG,-17.0594,-43.3169
39596,Botumirim,MG,-16.8653,-42.9957
39597,Adao Colares,MG,-0.9332,-48.2799
39598,Cristalia,MG,-16.7191,-42.865
39600,Aracuai,MG,-16.8823,-42.0899
39602,Aracuai,MG,-17.008,-42.0739
39610,Itinga,MG,-16.6075,-41.771
39615,Ponto Dos Volantes,MG,-16.7595,-41.4968
39620,Medina,MG,-16.2274,-41.4784
39623,Tuparece,MG,-19.8932,-43.9863
39625,Itaobim,MG,-16.5583,-41.5032
39628,Comercinho,MG,-16.2972,-41.7942
39629,Agua Branca De Minas,MG,-16.1921,-41.7262
39630,Virgem Da Lapa,MG,-16.7988,-42.3363
39635,Coronel Murta,MG,-16.6135,-42.1826
39640,Berilo,MG,-16.9228,-42.4785
39642,Jose Goncalves De Minas,MG,-16.9045,-42.6109
39644,Francisco Badaro,MG,-17.0101,-42.35
39645,Jenipapo De Minas,MG,-17.0901,-42.2509
39648,Chapada Do Norte,MG,-17.0955,-42.5343
39650,Minas Novas,MG,-17.2241,-42.5853
39655,Leme Do Prado,MG,-17.0861,-42.7036
39660,Turmalina,MG,-17.2997,-42.7324
39662,Cacaratiba,MG,-17.2575,-43.0436
39663,Veredinha,MG,-17.4014,-42.7333
39664,Mendonca,MG,-21.7706,-43.3552
39665,Carbonita,MG,-17.5356,-43.016
39670,Itamarandiba,MG,-17.8603,-42.862
39678,Aricanduva,MG,-17.868,-42.5561
39680,Capelinha,MG,-17.6961,-42.5165
39685,Angelandia,MG,-17.729,-42.2703
39688,Setubinha,MG,-17.6016,-42.149
39690,Malacacheta,MG,-17.8477,-42.0808
39695,Franciscopolis,MG,-17.9598,-42.008
39700,Pecanha,MG,-18.5456,-42.5612
39703,Cantagalo,MG,-18.5305,-42.6229
39704,Sao Geraldo Do Baguari,MG,-20.0744,-42.8207
39705,Sao Joao Evangelista,MG,-18.5462,-42.7656
39706,Nelson De Sena,MG,-18.6234,-46.5089
39707,Sao Jose Do Jacuri,MG,-18.2773,-42.6723
39708,Frei Lagonegro,MG,-18.1689,-42.7671
39710,Coroaci,MG,-18.62,-42.2827
39711,Conceição De Tronqueiras,MG,-19.9314,-41.6919
39715,Virgolandia,MG,-18.4747,-42.3096
39716,Virgolandia,MG,-18.4747,-42.3082
39718,Nacip Raydan,MG,-18.4558,-42.2491
39720,Gonzaga,MG,-18.825,-42.4804
39723,Sao Geraldo Da Piedade,MG,-19.1616,-42.5043
39725,Santa Efigenia De Minas,MG,-18.8279,-42.4391
39728,Sardoa,MG,-18.7819,-42.3672
39730,Virginopolis,MG,-18.8139,-42.7014
39735,Divinolandia De Minas,MG,-18.7975,-42.6066
39740,Guanhaes,MG,-18.7758,-42.9317
39741,Correntinho,MG,-18.6787,-42.7757
39742,Sapucaia De Guanhaes,MG,-18.847,-42.7759
39745,Senhora Do Porto,MG,-18.9065,-43.0812
39750,Sabinopolis,MG,-18.6672,-43.0818
39755,Materlandia,MG,-18.4729,-43.0595
39765,Paulistas,MG,-18.4351,-42.8691
39770,Coluna,MG,-18.2321,-42.8399
39775,Jose Raydan,MG,-18.2327,-42.491
39780,Santa Maria Do Suacui,MG,-18.1909,-42.4115
39784,Sao Pedro Do Suacui,MG,-18.3576,-42.5972
39785,Sao Jose Da Safira,MG,-18.3199,-42.1426
39790,Agua Boa,MG,-17.9782,-42.3925
39795,Sao Sebastiao Do Maranhao,MG,-18.0889,-42.57
39800,Teofilo Otoni,MG,-17.8544,-41.5087
39801,Teofilo Otoni,MG,-17.8581,-41.4953
39802,Teofilo Otoni,MG,-17.8714,-41.4997
39803,Teofilo Otoni,MG,-17.8772,-41.5082
39804,Teofilo Otoni,MG,-17.8575,-41.5194
39807,Topazio,MG,-21.7817,-43.3416
39809,Mucuri,MG,-18.9052,-42.747
39810,Carai,MG,-17.1874,-41.6974
39812,Ponto Do Marambaia,MG,-9.2909,-44.9544
39813,Marambainha,MG,-17.1582,-41.565
39814,Pavao,MG,-17.4296,-41.0002
39815,Itaipe,MG,-17.4005,-41.6699
39816,Catuji,MG,-17.1077,-41.6622
39817,Novo Oriente De Minas,MG,-17.4127,-41.2196
39818,Padre Paraiso,MG,-17.0741,-41.4869
39820,Novo Cruzeiro,MG,-17.4601,-41.8854
39823,Queixada,MG,-17.2758,-42.015
39825,Ladainha,MG,-17.6316,-41.7468
39826,Concordia De Mucuri,MG,-17.6797,-41.8764
39827,Pote,MG,-17.805,-41.7876
39830,Itambacuri,MG,-18.0376,-41.6824
39835,Campanario,MG,-18.24,-41.7281
39837,Jampruca,MG,-18.4779,-41.7834
39840,Frei Gaspar,MG,-18.0728,-41.4889
39848,Sao Jose Do Divino,MG,-18.4801,-41.3872
39850,Ataleia,MG,-18.0576,-41.1352
39855,Ouro Verde De Minas,MG,-18.0696,-41.2733
39860,Nanuque,MG,-17.8441,-40.3492
39862,Vila Pereira,MG,-18.1804,-40.9136
39864,Carlos Chagas,MG,-17.657,-40.8713
39865,Presidente Pena,MG,-17.6994,-40.7658
39866,Epaminondas Otoni,MG,-17.91,-41.0136
39868,Serra Dos Aimores,MG,-17.7819,-40.2448
39870,Fronteira Dos Vales,MG,-16.8914,-40.9177
39873,Machacalis,MG,-17.0769,-40.7182
39874,Santa Helena De Minas,MG,-16.9376,-40.6843
39875,Bertopolis,MG,-17.0274,-40.5558
39878,Umburatiba,MG,-17.2617,-40.5927
39880,Aguas Formosas,MG,-17.0822,-40.9392
39885,Crisolita,MG,-17.2601,-41.0069
39888,Nova Santa Luzia,MG,-19.7616,-43.8499
39890,Joaima,MG,-16.6692,-41.0255
39893,Monte Formoso,MG,-16.8633,-41.2549
39895,Felisburgo,MG,-16.642,-40.7603
39900,Almenara,MG,-16.1763,-40.693
39912,Divisopolis,MG,-15.7219,-41.0029
39915,Mata Verde,MG,-15.6903,-40.7384
39917,Bandeira,MG,-15.8858,-40.5623
39920,Jordania,MG,-15.8951,-40.1881
39923,Estrela De Jordania,MG,-22.6751,-46.1175
39925,Salto Da Divisa,MG,-16.0054,-39.9546
39928,Santa Maria Do Salto,MG,-16.251,-40.1496
39930,Jacinto,MG,-16.1562,-40.2947
39931,Avaí Do Jacinto,MG,-16.1454,-40.2969
39935,Santo Antonio Do Jacinto,MG,-16.5346,-40.1905
39940,Rio Do Prado,MG,-16.6511,-40.5677
39945,Palmopolis,MG,-16.7446,-40.4143
39948,Dois De Abril,MG,-16.8413,-40.3187
39950,Rubim,MG,-16.3839,-40.5359
39955,Itapiru,MG,-16.5199,-40.4445
39960,Jequitinhonha,MG,-16.4403,-41.0092
39970,Pedra Azul,MG,-15.9947,-41.2726
39980,Cachoeira De Pajeu,MG,-15.9625,-41.4884
39990,Aguas Vermelhas,MG,-15.6554,-41.4814
39995,Divisa Alegre,MG,-15.7259,-41.3415
39999,Aguas Vermelhas,MG,-15.5268,-41.4942
40010,Salvador,BA,-12.9702,-38.5123
40015,Salvador,BA,-12.9643,-38.4931
40020,Salvador,BA,-12.9757,-38.5127
40024,Salvador,BA,-12.9777,-38.5146
40025,Salvador,BA,-12.9718,-38.5066
40040,Salvador,BA,-12.9785,-38.5095
40045,Salvador,BA,-12.9727,-38.5052
40050,Salvador,BA,-12.9778,-38.5044
40055,Salvador,BA,-12.9713,-38.501
40060,Salvador,BA,-12.9825,-38.517
40070,Salvador,BA,-12.9851,-38.5137
40080,Salvador,BA,-12.9883,-38.5213
40081,Salvador,BA,-12.9951,-38.5276
40100,Salvador,BA,-12.9916,-38.5148
40105,Salvador,BA,-12.9932,-38.5089
40110,Salvador,BA,-12.9932,-38.5215
40130,Salvador,BA,-13.0026,-38.5287
40140,Salvador,BA,-13.0051,-38.5231
40150,Salvador,BA,-12.9978,-38.5211
40155,Salvador,BA,-13.0044,-38.5182
40157,Salvador,BA,-13.0024,-38.5193
40170,Salvador,BA,-13.008,-38.5107
40210,Salvador,BA,-13.0013,-38.5094
40213,Salvador,BA,-12.9964,-38.5101
40215,Salvador,BA,-12.9861,-38.4754
40220,Salvador,BA,-12.9995,-38.4923
40221,Salvador,BA,-13.0034,-38.4956
40223,Salvador,BA,-13.0028,-38.499
40226,Salvador,BA,-13.0017,-38.514
40230,Salvador,BA,-12.9969,-38.5029
40231,Salvador,BA,-12.9965,-38.5044
40240,Salvador,BA,-12.9891,-38.4994
40241,Salvador,BA,-12.9804,-38.497
40243,Salvador,BA,-12.9794,-38.4974
40245,Salvador,BA,-12.9863,-38.5043
40250,Salvador,BA,-12.9792,-38.4906
40251,Salvador,BA,-12.9766,-38.4907
40252,Salvador,BA,-12.9815,-38.4915
40253,Salvador,BA,-12.9822,-38.4874
40254,Salvador,BA,-12.9807,-38.4892
40255,Salvador,BA,-12.9738,-38.4962
40260,Salvador,BA,-12.9734,-38.4926
40265,Salvador,BA,-12.9746,-38.4811
40270,Salvador,BA,-12.9713,-38.4878
40275,Salvador,BA,-12.9789,-38.4668
40276,Salvador,BA,-12.9831,-38.4795
40279,Salvador,BA,-12.986,-38.4717
40280,Salvador,BA,-12.9851,-38.4714
40283,Salvador,BA,-12.9861,-38.4912
40285,Salvador,BA,-12.9889,-38.4881
40286,Salvador,BA,-12.9913,-38.4861
40290,Salvador,BA,-12.993,-38.4925
40295,Salvador,BA,-12.9984,-38.4869
40296,Salvador,BA,-12.9942,-38.4805
40300,Salvador,BA,-12.9646,-38.4956
40301,Salvador,BA,-12.9656,-38.5013
40302,Salvador,BA,-12.9657,-38.496
40310,Salvador,BA,-12.9595,-38.4814
40313,Salvador,BA,-12.9641,-38.4863
40314,Salvador,BA,-12.959,-38.4867
40315,Salvador,BA,-12.9658,-38.4821
40318,Salvador,BA,-12.9612,-38.4882
40320,Salvador,BA,-12.9587,-38.4928
40321,Salvador,BA,-12.9585,-38.4918
40323,Salvador,BA,-12.9579,-38.4869
40325,Salvador,BA,-12.9509,-38.4899
40327,Salvador,BA,-12.9459,-38.4918
40330,Salvador,BA,-12.9528,-38.4808
40335,Salvador,BA,-12.949,-38.4872
40340,Salvador,BA,-12.9517,-38.4833
40342,Salvador,BA,-12.9501,-38.4842
40349,Salvador,BA,-12.9328,-38.4821
40350,Salvador,BA,-12.9466,-38.4764
40352,Salvador,BA,-12.9363,-38.4789
40353,Salvador,BA,-12.9441,-38.4739
40354,Salvador,BA,-12.9458,-38.478
40355,Salvador,BA,-12.9258,-38.4805
40357,Salvador,BA,-12.9455,-38.4762
40365,Salvador,BA,-12.9525,-38.4853
40366,Salvador,BA,-12.9463,-38.4875
40367,Salvador,BA,-12.9456,-38.4931
40368,Salvador,BA,-12.9479,-38.4923
40370,Salvador,BA,-12.9443,-38.4876
40375,Salvador,BA,-12.9487,-38.4936
40385,Salvador,BA,-12.9279,-38.4781
40386,Salvador,BA,-12.9227,-38.4779
40387,Salvador,BA,-12.9267,-38.4795
40390,Salvador,BA,-12.9357,-38.4764
40391,Salvador,BA,-12.9331,-38.479
40393,Salvador,BA,-12.9377,-38.4854
40394,Salvador,BA,-12.9162,-38.4824
40396,Salvador,BA,-12.8841,-38.4336
40410,Salvador,BA,-12.9447,-38.4964
40411,Salvador,BA,-12.9463,-38.5009
40414,Salvador,BA,-12.9322,-38.5117
40415,Salvador,BA,-12.9264,-38.5071
40420,Salvador,BA,-12.9171,-38.498
40421,Salvador,BA,-12.9173,-38.4963
40425,Salvador,BA,-12.9282,-38.5133
40430,Salvador,BA,-12.9321,-38.4976
40433,Salvador,BA,-12.9448,-38.3671
40435,Salvador,BA,-12.927,-38.4921
40436,Salvador,BA,-12.935,-38.4723
40440,Salvador,BA,-12.9294,-38.5035
40444,Salvador,BA,-12.9364,-38.4993
40445,Salvador,BA,-12.9412,-38.5024
40450,Salvador,BA,-12.9355,-38.4962
40451,Salvador,BA,-12.9346,-38.4904
40454,Salvador,BA,-12.932,-38.4934
40455,Salvador,BA,-12.9335,-38.5025
40460,Salvador,BA,-12.9585,-38.5029
40470,Salvador,BA,-12.9144,-38.483
40480,Salvador,BA,-12.9202,-38.4768
40483,Salvador,BA,-12.9209,-38.4821
40484,Salvador,BA,-12.9103,-38.4748
40487,Salvador,BA,-12.9284,-38.4831
40490,Salvador,BA,-12.9013,-38.4779
40710,Salvador,BA,-12.9075,-38.4845
40711,Salvador,BA,-12.8866,-38.4667
40713,Salvador,BA,-12.8949,-38.4834
40715,Salvador,BA,-12.8906,-38.4703
40717,Salvador,BA,-12.8971,-38.4827
40718,Salvador,BA,-12.8967,-38.48
40720,Salvador,BA,-12.8872,-38.4582
40725,Salvador,BA,-12.8844,-38.4735
40726,Salvador,BA,-12.8844,-38.4393
40730,Salvador,BA,-12.892,-38.4594
40731,Salvador,BA,-12.8956,-38.4388
40735,Salvador,BA,-12.8937,-38.4772
40740,Salvador,BA,-12.863,-38.4722
40750,Salvador,BA,-12.8799,-38.4668
40760,Salvador,BA,-12.866,-38.4644
40800,Salvador,BA,-12.8859,-38.4679
40810,Salvador,BA,-12.8585,-38.4767
40820,Salvador,BA,-12.8812,-38.4653
40830,Salvador,BA,-12.9692,-38.4853
41098,Salvador (Subúrbio),BA,-12.8754,-38.4812
41100,Salvador,BA,-12.9694,-38.4665
41110,Salvador,BA,-12.9711,-38.4611
41120,Salvador,BA,-12.9702,-38.4612
41130,Salvador,BA,-12.9655,-38.4506
41150,Salvador,BA,-12.9586,-38.4674
41152,Salvador,BA,-12.9565,-38.4549
41180,Salvador,BA,-12.9596,-38.4489
41181,Salvador,BA,-12.9537,-38.4395
41185,Salvador,BA,-12.9467,-38.4515
41190,Salvador,BA,-12.938,-38.4674
41192,Salvador,BA,-12.9569,-38.4485
41194,Salvador,BA,-12.9623,-38.4398
41195,Salvador,BA,-12.9446,-38.4571
41197,Salvador,BA,-12.9483,-38.4616
41200,Salvador,BA,-12.9479,-38.4611
41204,Salvador,BA,-12.9398,-38.4679
41205,Salvador,BA,-12.9309,-38.4451
41207,Salvador,BA,-12.9421,-38.4499
41210,Salvador,BA,-12.9493,-38.4484
41211,Salvador,BA,-12.9469,-38.4432
41213,Salvador,BA,-12.9391,-38.4384
41214,Salvador,BA,-12.9304,-38.443
41215,Salvador,BA,-12.9372,-38.4373
41217,Salvador,BA,-12.9398,-38.4531
41218,Salvador,BA,-12.9442,-38.4375
41219,Salvador,BA,-12.9298,-38.4508
41220,Salvador,BA,-12.9587,-38.4777
41225,Salvador,BA,-12.9327,-38.4617
41227,Salvador,BA,-12.9342,-38.4676
41230,Salvador,BA,-12.9188,-38.4503
41231,Salvador,BA,-12.9172,-38.4425
41233,Salvador,BA,-12.9092,-38.4533
41235,Salvador,BA,-12.9217,-38.4427
41245,Salvador,BA,-12.9155,-38.4401
41247,Salvador,BA,-12.9155,-38.4459
41250,Salvador,BA,-12.9336,-38.4278
41253,Salvador,BA,-12.9365,-38.4362
41260,Salvador,BA,-12.9271,-38.419
41262,Salvador,BA,-12.9278,-38.4072
41270,Salvador,BA,-12.9234,-38.4633
41275,Salvador,BA,-12.9173,-38.4656
41280,Salvador,BA,-12.9119,-38.464
41285,Salvador,BA,-12.9153,-38.471
41290,Salvador,BA,-12.9069,-38.4585
41291,Salvador,BA,-12.9495,-38.4649
41295,Salvador,BA,-12.8977,-38.4632
41297,Salvador,BA,-12.9021,-38.4673
41300,Salvador,BA,-12.8633,-38.4354
41301,Salvador,BA,-12.8807,-38.4376
41305,Salvador,BA,-12.8948,-38.4499
41306,Salvador,BA,-12.9352,-38.4847
41307,Salvador,BA,-12.9416,-38.4647
41308,Salvador,BA,-12.8725,-38.4281
41310,Salvador,BA,-12.8935,-38.4323
41311,Salvador,BA,-12.8992,-38.438
41315,Salvador,BA,-12.9034,-38.4465
41320,Salvador,BA,-12.9041,-38.4378
41321,Salvador,BA,-12.9036,-38.433
41322,Salvador,BA,-12.9031,-38.4299
41330,Salvador,BA,-12.9,-38.4212
41333,Salvador,BA,-12.8911,-38.4349
41334,Salvador,BA,-12.9478,-38.443
41335,Salvador,BA,-12.8941,-38.4211
41336,Salvador,BA,-12.9139,-38.4316
41337,Salvador,BA,-12.9236,-38.4336
41338,Salvador,BA,-12.8996,-38.4145
41339,Salvador,BA,-12.8936,-38.4079
41340,Salvador,BA,-12.8941,-38.4087
41341,Salvador,BA,-12.886,-38.4129
41342,Salvador,BA,-12.902,-38.4054
41343,Salvador,BA,-12.9034,-38.402
41345,Salvador,BA,-12.9101,-38.4109
41347,Salvador,BA,-12.9015,-38.4114
41349,Salvador,BA,-12.9073,-38.4594
41350,Salvador,BA,-12.9195,-38.4101
41351,Salvador,BA,-12.9005,-38.3996
41370,Salvador,BA,-12.9146,-38.4206
41385,Salvador,BA,-12.9149,-38.433
41386,Salvador,BA,-12.9166,-38.4337
41387,Salvador,BA,-12.9443,-38.475
41388,Salvador,BA,-12.9122,-38.3999
41390,Salvador,BA,-12.9126,-38.4407
41400,Salvador,BA,-12.9878,-38.4831
41402,Salvador,BA,-12.9651,-38.4959
41410,Salvador,BA,-12.9756,-38.4346
41480,Salvador,BA,-12.9177,-38.377
41483,Salvador,BA,-12.9297,-38.3857
41490,Salvador,BA,-12.9113,-38.3947
41500,Salvador,BA,-12.9178,-38.3918
41502,Salvador,BA,-12.8996,-38.3558
41505,Salvador,BA,-12.8732,-38.4027
41510,Salvador,BA,-12.9046,-38.3675
41515,Salvador,BA,-12.9295,-38.3742
41520,Salvador,BA,-12.9134,-38.335
41590,Salvador,BA,-12.9997,-38.4619
41600,Salvador,BA,-12.9355,-38.3395
41603,Salvador,BA,-12.9267,-38.3207
41610,Salvador,BA,-12.9431,-38.3662
41611,Salvador,BA,-12.9347,-38.3651
41612,Salvador,BA,-12.9468,-38.3755
41613,Salvador,BA,-12.9575,-38.3948
41615,Salvador,BA,-12.9405,-38.3726
41620,Salvador,BA,-12.9447,-38.3595
41630,Salvador,BA,-12.927,-38.3765
41635,Salvador,BA,-12.934,-38.3593
41640,Salvador,BA,-12.9445,-38.3656
41650,Salvador,BA,-12.9456,-38.3817
41651,Salvador,BA,-12.9526,-38.3902
41680,Salvador,BA,-12.9477,-38.4047
41681,Salvador,BA,-12.9619,-38.4069
41701,Salvador,BA,-12.9404,-38.4033
41705,Salvador,BA,-12.9749,-38.4276
41706,Salvador,BA,-12.9756,-38.429
41710,Salvador,BA,-12.975,-38.4289
41717,Lauro De Freitas,BA,-12.8765,-38.3356
41720,Salvador,BA,-12.9697,-38.4347
41730,Salvador,BA,-12.9357,-38.3768
41740,Salvador,BA,-12.9623,-38.4101
41741,Salvador,BA,-12.9682,-38.4155
41745,Salvador,BA,-12.9401,-38.4179
41750,Salvador,BA,-12.9835,-38.4377
41760,Salvador,BA,-12.992,-38.446
41770,Salvador,BA,-12.9829,-38.4475
41800,Salvador,BA,-12.9874,-38.4666
41810,Salvador,BA,-12.9926,-38.454
41815,Salvador,BA,-12.994,-38.4665
41820,Salvador,BA,-12.9828,-38.4581
41825,Salvador,BA,-12.9942,-38.4651
41830,Salvador,BA,-13.0021,-38.463
41900,Salvador,BA,-13.0118,-38.4715
41905,Salvador,BA,-13.0034,-38.4748
41906,Salvador,BA,-12.9902,-38.4643
41915,Salvador,BA,-13.0024,-38.4781
41920,Salvador,BA,-13.0039,-38.4803
41925,Salvador,BA,-12.9995,-38.4748
41927,Salvador,BA,-12.9839,-38.4743
41940,Salvador,BA,-13.01,-38.4865
41941,Salvador,BA,-13.0127,-38.4795
41950,Salvador,BA,-13.0092,-38.4949
41970,Salvador,BA,-13.0021,-38.5036
41980,Salvador,BA,-13.0101,-38.4955
42600,Madre De Deus,BA,-12.7417,-38.6135
42700,Lauro De Freitas,BA,-12.8838,-38.3137
42701,Lauro De Freitas,BA,-12.8858,-38.3122
42702,Lauro De Freitas,BA,-12.8895,-38.3148
42703,Lauro De Freitas,BA,-12.8926,-38.3239
42704,Lauro De Freitas,BA,-12.8993,-38.317
42705,Lauro De Freitas,BA,-12.8972,-38.3102
42706,Lauro De Freitas,BA,-12.899,-38.3032
42707,Lauro De Freitas,BA,-12.8918,-38.2981
42708,Lauro De Freitas,BA,-12.8835,-38.2979
42709,Lauro De Freitas,BA,-12.8774,-38.2954
42710,Lauro De Freitas,BA,-12.8741,-38.2903
42711,Lauro De Freitas,BA,-12.8725,-38.3201
42712,Lauro De Freitas,BA,-12.8822,-38.3159
42713,Lauro De Freitas,BA,-12.8669,-38.3039
42714,Lauro De Freitas,BA,-12.8695,-38.3042
42716,Lauro de Freitas,BA,-12.8914,-38.3312
42717,Lauro De Freitas,BA,-12.8748,-38.333
42721,Lauro De Freitas,BA,-12.8882,-38.3386
42722,Lauro De Freitas,BA,-12.8862,-38.3416
42733,Lauro De Freitas,BA,-12.8414,-38.3384
42738,Lauro De Freitas,BA,-12.8932,-38.3379
42739,Lauro De Freitas,BA,-12.8955,-38.3446
42740,Lauro De Freitas,BA,-12.8853,-38.3514
42800,Camacari,BA,-12.7019,-38.3243
42801,Camacari,BA,-12.7133,-38.3136
42802,Camacari,BA,-12.7104,-38.3169
42803,Camacari,BA,-12.7119,-38.321
42804,Camacari,BA,-12.7178,-38.3279
42805,Camacari,BA,-12.7099,-38.3335
42806,Camacari,BA,-12.7033,-38.3337
42807,Camacari,BA,-12.6943,-38.3331
42808,Camacari,BA,-12.6901,-38.3317
42809,Camacari,BA,-12.6946,-38.3227
42810,Camacari,BA,-12.665,-38.306
42820,Monte Gordo,BA,-12.6256,-38.0746
42827,Camacari,BA,-12.6608,-38.0909
42833,Barra Do Jacuipe,BA,-11.8695,-40.2196
42835,Arembepe,BA,-12.7248,-38.2164
42840,Abrantes,BA,-12.8297,-38.265
42841,Catu De Abrantes,BA,-12.85,-38.2785
42843,Camaçari,BA,-12.7012,-38.3214
42849,Camacari,BA,-12.7641,-38.3227
42850,Dias D'Avila,BA,-12.6134,-38.3011
43700,Simoes Filho,BA,-12.7921,-38.3928
43805,Candeias,BA,-12.6715,-38.5445
43806,Candeias,BA,-12.8383,-38.732
43810,Candeias,BA,-12.893,-38.7567
43813,Candeias,BA,-12.664,-38.5014
43815,Candeias,BA,-12.6674,-38.5371
43820,Candeias,BA,-12.673,-38.5393
43825,Candeias,BA,-12.8554,-38.7164
43840,Passé,BA,-12.7295,-38.5254
43843,Candeias,BA,-12.7134,-38.4515
43845,Passagem Dos Teixeiras,BA,-12.7342,-38.4466
43850,Sao Sebastiao Do Passe,BA,-12.4998,-38.753
43870,Candeias,BA,-12.6712,-38.5451
43900,Sao Francisco Do Conde,BA,-12.6236,-38.673
44001,Feira De Santana,BA,-12.2563,-38.9607
44002,Feira De Santana,BA,-12.2532,-38.9676
44003,Feira De Santana,BA,-12.2657,-38.9598
44004,Feira De Santana,BA,-12.2666,-38.9669
44005,Feira De Santana,BA,-12.2678,-38.9722
44006,Feira De Santana,BA,-12.2753,-38.9762
44007,Feira De Santana,BA,-12.2628,-38.9809
44008,Feira De Santana,BA,-12.2519,-38.9713
44009,Feira De Santana,BA,-12.2476,-38.9762
44010,Feira De Santana,BA,-12.2797,-38.9663
44013,Feira De Santana,BA,-12.2848,-38.9859
44018,Feira De Santana,BA,-12.2456,-38.9703
44019,Feira De Santana,BA,-12.2479,-38.9884
44020,Feira De Santana,BA,-12.2393,-38.9683
44021,Feira De Santana,BA,-12.2419,-38.9727
44022,Feira De Santana,BA,-12.2447,-38.9744
44023,Feira De Santana,BA,-12.2509,-38.9762
44024,Feira De Santana,BA,-12.2443,-38.9796
44025,Feira De Santana,BA,-12.2473,-38.9893
44028,Feira De Santana,BA,-12.2376,-38.9793
44030,Feira De Santana,BA,-12.2203,-38.9964
44031,Feira De Santana,BA,-12.2222,-38.9845
44032,Feira De Santana,BA,-12.2249,-38.9718
44033,Feira De Santana,BA,-12.2202,-38.9735
44034,Feira De Santana,BA,-12.2078,-38.9695
44035,Feira De Santana,BA,-12.1943,-38.9882
44036,Feira De Santana,BA,-12.1856,-38.9626
44038,Feira De Santana,BA,-12.2347,-38.9519
44042,Feira De Santana,BA,-12.2156,-38.996
44043,Feira De Santana,BA,-12.2433,-38.9437
44044,Feira De Santana,BA,-12.2102,-38.9903
44045,Feira De Santana,BA,-12.2484,-38.9486
44046,Feira De Santana,BA,-12.196,-38.9946
44050,Feira De Santana,BA,-12.2405,-38.9587
44051,Feira De Santana,BA,-12.2419,-38.9509
44052,Feira De Santana,BA,-12.2446,-38.9437
44053,Feira De Santana,BA,-12.2294,-38.9595
44054,Feira De Santana,BA,-12.2174,-38.9593
44055,Feira De Santana,BA,-12.2085,-38.9627
44056,Feira De Santana,BA,-12.2249,-38.9496
44057,Feira De Santana,BA,-12.2191,-38.9384
44059,Feira De Santana,BA,-12.2043,-38.9452
44061,Feira De Santana,BA,-12.2154,-38.9573
44062,Feira De Santana,BA,-12.2678,-38.9566
44063,Feira De Santana,BA,-12.2806,-38.959
44065,Feira De Santana,BA,-12.235,-38.9382
44066,Feira De Santana,BA,-12.2312,-38.935
44067,Feira De Santana,BA,-12.2356,-38.9258
44070,Feira De Santana,BA,-12.264,-38.943
44071,Feira De Santana,BA,-12.242,-38.9181
44072,Feira De Santana,BA,-12.2339,-38.9058
44073,Feira De Santana,BA,-12.2439,-38.8902
44075,Feira De Santana,BA,-12.2535,-38.9512
44076,Feira De Santana,BA,-12.2581,-38.9444
44077,Feira De Santana,BA,-12.2626,-38.9404
44078,Feira De Santana,BA,-12.267,-38.9331
44079,Feira De Santana,BA,-12.2617,-38.9298
44082,Feira De Santana,BA,-12.2594,-38.9322
44085,Feira De Santana,BA,-12.2482,-38.9205
44086,Feira De Santana,BA,-12.2533,-38.9087
44088,Feira De Santana,BA,-12.2696,-38.9507
44089,Feira De Santana,BA,-12.2676,-38.9434
44090,Feira De Santana,BA,-12.282,-38.9567
44091,Feira De Santana,BA,-12.2922,-38.9519
44092,Feira De Santana,BA,-12.2993,-38.9521
44094,Feira De Santana,BA,-12.277,-38.9465
44095,Feira De Santana,BA,-12.2878,-38.9395
44096,Feira De Santana,BA,-12.2952,-38.9173
44097,Feira De Santana,BA,-12.3122,-38.896
44135,Santo Estêvão,BA,-12.4314,-39.2514
44150,Santa Barbara,BA,-11.9572,-38.9734
44160,Tanquinho,BA,-11.9746,-39.1063
44180,Antonio Cardoso,BA,-12.4377,-39.1205
44190,Santo Estevao,BA,-12.4342,-39.2531
44200,Santo Amaro,BA,-12.5509,-38.7065
44218,Acupe,BA,-12.6618,-38.7513
44220,Saubara,BA,-12.7434,-38.7687
44230,Amelia Rodrigues,BA,-12.4011,-38.7545
44245,Conceicao Do Jacuipe,BA,-12.3197,-38.7745
44250,Coracao De Maria,BA,-12.2291,-38.7578
44255,Irara,BA,-12.0441,-38.7656
44260,Santanópolis,BA,-12.0248,-38.8661
44270,Terra Nova,BA,-12.4041,-38.6215
44280,Teodoro Sampaio,BA,-12.3041,-38.6407
44300,Cachoeira,BA,-12.5963,-38.9686
44320,Conceicao Da Feira,BA,-12.4881,-38.993
44330,Sao Goncalo Dos Campos,BA,-12.4291,-38.948
44340,Muritiba,BA,-12.6224,-38.9895
44345,Cabaceiras Do Paraguacu,BA,-12.5618,-39.1815
44350,Governador Mangabeira,BA,-12.6012,-39.0458
44360,Sao Felix,BA,-12.607,-38.9693
44380,Cruz Das Almas,BA,-12.6702,-39.1033
44400,Nazare,BA,-13.0247,-39.0073
44420,Maragogipe,BA,-12.7818,-38.9159
44428,Sao Roque Do Paraguacu,BA,-23.5143,-47.1308
44450,Salinas Da Margarida,BA,-12.8741,-38.7605
44460,Itaparica,BA,-12.8983,-38.6687
44470,Vera Cruz,BA,-12.9855,-38.6413
44480,Jaguaripe,BA,-13.1024,-38.8858
44490,Aratuipe,BA,-13.0731,-38.9939
44500,Castro Alves,BA,-12.7665,-39.4224
44520,Rafael Jambeiro,BA,-12.4409,-39.5043
44530,Sapeacu,BA,-12.7314,-39.1875
44540,Conceicao Do Almeida,BA,-12.7787,-39.1673
44550,Sao Felipe,BA,-12.846,-39.0899
44560,Dom Macedo Costa,BA,-12.9061,-39.1921
44565,Varzedo,BA,-12.9759,-39.3953
44570,Santo Antonio De Jesus,BA,-12.9735,-39.2676
44571,Santo Antonio De Jesus,BA,-12.9672,-39.2431
44572,Santo Antonio De Jesus,BA,-12.939,-39.2601
44573,Santo Antonio De Jesus,BA,-12.9619,-39.2485
44574,Santo Antonio De Jesus,BA,-12.9703,-39.2514
44575,Muniz Ferreira,BA,-13.0033,-39.098
44580,Sao Miguel Das Matas,BA,-13.0477,-39.4544
44590,Santa Teresinha,BA,-12.7457,-39.5203
44600,Ipira,BA,-12.1545,-39.7405
44610,Pintadas,BA,-11.8125,-39.9071
44620,Baixa Grande,BA,-11.9615,-40.1678
44630,Mairi,BA,-11.7105,-40.1495
44635,Varzea Da Roca,BA,-11.6067,-40.1329
44640,Riachao Do Jacuipe,BA,-11.8079,-39.3832
44642,Nova Fatima,BA,-11.6081,-39.6304
44645,Capela Do Alto Alegre,BA,-11.6716,-39.836
44650,Gaviao,BA,-11.4713,-39.7827
44655,Pe De Serra,BA,-11.8365,-39.6129
44660,Serra Preta,BA,-12.1564,-39.4372
44670,Anguera,BA,-12.1503,-39.246
44680,Ipecaeta,BA,-12.3114,-39.3095
44690,Varzea Nova,BA,-11.2573,-40.9439
44695,Capim Grosso,BA,-11.3782,-40.0117
44698,Sao Jose Do Jacuipe,BA,-11.447,-39.9446
44700,Jacobina,BA,-11.1859,-40.5098
44710,Serrolandia,BA,-11.4187,-40.2924
44713,Quixabeira,BA,-11.4184,-40.1236
44715,Varzea Do Poco,BA,-11.5273,-40.3166
44718,Ourolandia,BA,-10.9089,-41.134
44720,Miguel Calmon,BA,-11.4302,-40.5974
44730,Caém,BA,-11.1152,-40.3917
44740,Saude,BA,-10.9398,-40.4206
44745,Mirangaba,BA,-10.9448,-40.5687
44750,Caldeirao Grande,BA,-11.1075,-40.0705
44755,Ponto Novo,BA,-10.876,-40.128
44770,Pindobacu,BA,-10.7402,-40.3783
44775,Filadelfia,BA,-10.7423,-40.1335
44780,Antonio Goncalves,BA,-10.5727,-40.2758
44790,Campo Formoso,BA,-10.5041,-40.3261
44798,Umburanas,BA,-10.7315,-41.3233
44800,Mundo Novo,BA,-11.8721,-40.4824
44830,Piritiba,BA,-11.7308,-40.5553
44840,Tapiramuta,BA,-11.8477,-40.7925
44850,Morro Do Chapeu,BA,-11.548,-41.1592
44880,Cafarnaum,BA,-11.687,-41.4657
44885,Mulungu Do Morro,BA,-11.9834,-41.6111
44890,Canarana,BA,-11.7161,-41.7672
44892,Salobro,BA,-11.8605,-41.754
44895,Barro Alto,BA,-11.7695,-41.9019
44900,Irece,BA,-11.3042,-41.8558
44905,Lapao,BA,-11.3835,-41.8319
44910,America Dourada,BA,-11.4553,-41.4579
44915,Sao Gabriel,BA,-11.2158,-41.8604
44920,Joao Dourado,BA,-11.3472,-41.661
44925,Jussara,BA,-11.0376,-41.9573
44930,Presidente Dutra,BA,-11.2963,-41.9888
44940,Central,BA,-11.1367,-42.1067
44950,Uibai,BA,-11.3272,-42.1346
44960,Ibitita,BA,-11.5437,-41.9757
44970,Ibipeba,BA,-11.6156,-42.0552
44990,Barra Do Mendes,BA,-11.8157,-42.0595
45000,Vitoria Da Conquista,BA,-14.8523,-40.8427
45002,Vitoria Da Conquista,BA,-14.8439,-40.8425
45003,Vitoria Da Conquista,BA,-14.8419,-40.8341
45005,Vitoria Da Conquista,BA,-14.8499,-40.8301
45008,Vitoria Da Conquista,BA,-14.8171,-40.7761
45009,Vitoria Da Conquista,BA,-14.8526,-40.8126
45010,Vitoria Da Conquista,BA,-14.8536,-40.8453
45012,Vitoria Da Conquista,BA,-14.8529,-40.8057
45015,Vitoria Da Conquista,BA,-14.848,-40.8458
45020,Vitoria Da Conquista,BA,-14.8596,-40.8369
45023,Vitoria Da Conquista,BA,-14.8653,-40.8461
45025,Vitoria Da Conquista,BA,-14.8564,-40.8522
45026,Vitoria Da Conquista,BA,-14.8721,-40.8357
45027,Vitoria Da Conquista,BA,-14.8772,-40.8446
45028,Vitoria Da Conquista,BA,-14.8618,-40.824
45029,Vitoria Da Conquista,BA,-14.8748,-40.8111
45031,Vitoria Da Conquista,BA,-14.8818,-40.8127
45035,Vitoria Da Conquista,BA,-14.8419,-40.8426
45037,Vitoria Da Conquista,BA,-14.9044,-40.8346
45050,Vitoria Da Conquista,BA,-14.8828,-40.8307
45051,Vitoria Da Conquista,BA,-14.8554,-40.8546
45052,Vitoria Da Conquista,BA,-14.8723,-40.8608
45053,Vitoria Da Conquista,BA,-14.8596,-40.8543
45055,Vitoria Da Conquista,BA,-14.8647,-40.8426
45058,Vitoria Da Conquista,BA,-14.9305,-40.8871
45061,Vitoria Da Conquista,BA,-14.8828,-40.8735
45065,Vitoria Da Conquista,BA,-14.8735,-40.858
45066,Vitoria Da Conquista,BA,-14.8806,-40.855
45070,Vitoria Da Conquista,BA,-14.8507,-40.874
45075,Vitoria Da Conquista,BA,-14.847,-40.8545
45077,Vitoria Da Conquista,BA,-14.8599,-40.8622
45078,Vitoria Da Conquista,BA,-14.8381,-40.8757
45079,Vitória Da Conquista,BA,-14.8422,-40.8907
45085,Vitoria Da Conquista,BA,-14.8394,-40.8469
45089,Vitoria Da Conquista,BA,-14.8282,-40.8274
45095,Vitoria Da Conquista,BA,-14.9085,-40.8404
45104,Vitoria Da Conquista,BA,-14.8798,-40.8912
45120,Barra Do Choca,BA,-14.7928,-40.6253
45130,Caatiba,BA,-14.9782,-40.4092
45140,Itambe,BA,-15.2457,-40.6237
45150,Encruzilhada,BA,-15.5333,-40.9102
45155,Ribeirao Do Largo,BA,-15.4851,-40.6811
45157,Candido Sales,BA,-15.478,-41.2457
45160,Belo Campo,BA,-15.0372,-41.2606
45170,Tremedal,BA,-14.9757,-41.4119
45177,Caraibas,BA,-14.6976,-41.2659
45180,Anage,BA,-14.6114,-41.1364
45190,Planalto,BA,-14.671,-40.4796
45195,Lucaia,BA,-17.7333,-42.5275
45200,Jequie,BA,-13.86,-40.0847
45201,Jequie,BA,-13.8575,-40.1011
45202,Jequie,BA,-13.8604,-40.0956
45203,Jequie,BA,-13.8534,-40.0817
45204,Jequie,BA,-13.8563,-40.0624
45205,Jequie,BA,-13.8679,-40.0672
45206,Jequie,BA,-13.8688,-40.0596
45207,Jequie,BA,-13.8692,-40.0545
45208,Jequie,BA,-13.8664,-40.0689
45209,Jequie,BA,-13.8719,-40.0664
45210,Jequie,BA,-13.8709,-40.0822
45211,Jequie,BA,-13.8721,-40.0945
45215,Lafaiete Coutinho,BA,-13.6559,-40.2127
45220,Aiquara,BA,-14.1263,-39.8899
45225,Jitauna,BA,-14.0169,-39.8903
45230,Itagi,BA,-14.164,-40.0056
45240,Manoel Vitorino,BA,-14.1299,-40.2972
45245,Catingal,BA,-14.0457,-40.5623
45250,Boa Nova,BA,-14.3641,-40.2078
45255,Mirante,BA,-14.2409,-40.7696
45260,Pocoes,BA,-14.5283,-40.3672
45263,Bom Jesus Da Serra,BA,-14.3739,-40.5072
45265,Caetanos,BA,-14.3405,-40.9077
45270,Nova Canaa,BA,-14.6696,-40.1223
45280,Iguai,BA,-14.7536,-40.0889
45285,Iguaibi,BA,-14.7522,-40.0901
45290,Ibicui,BA,-14.8431,-39.9863
45300,Amargosa,BA,-13.0279,-39.6017
45305,Elisio Medrado,BA,-12.9458,-39.5214
45310,Ubaira,BA,-13.2668,-39.6676
45312,Engenheiro Franca,BA,-13.2425,-39.7581
45315,Milagres,BA,-12.8702,-39.855
45320,Santa Ines,BA,-13.2927,-39.8189
45325,Brejoes,BA,-13.1,-39.8092
45330,Cravolandia,BA,-13.3584,-39.8136
45340,Itaquara,BA,-13.4504,-39.9392
45345,Jaguaquara,BA,-13.5289,-39.9773
45350,Itirucu,BA,-13.5331,-40.1512
45355,Apuarema,BA,-13.8564,-39.7444
45360,Maracas,BA,-13.4394,-40.4333
45365,Lajedo Do Tabocal,BA,-13.4751,-40.2212
45370,Irajuba,BA,-13.2535,-40.0862
45375,Planaltino,BA,-13.3888,-40.3788
45390,Nova Itarana,BA,-13.0261,-40.0671
45400,Valenca,BA,-13.3672,-39.072
45416,Presidente Tancredo Neves,BA,-13.4468,-39.4275
45420,Cairu,BA,-13.4848,-39.0251
45428,Morro De Sao Paulo,BA,-16.7469,-41.4741
45430,Taperoa,BA,-13.5352,-39.1006
45435,Itubera,BA,-13.735,-39.1469
45436,Pirai Do Norte,BA,-13.7656,-39.3773
45440,Nilo Peçanha,BA,-13.6036,-39.1006
45443,Igrapiuna,BA,-13.8228,-39.1422
45445,Camamu,BA,-13.9499,-39.1117
45450,Gandu,BA,-13.7448,-39.4866
45452,Nova Ibia,BA,-13.8108,-39.6236
45455,Itamari,BA,-13.7795,-39.6849
45460,Wenceslau Guimaraes,BA,-13.6708,-39.4992
45465,Teolandia,BA,-13.2473,-39.4072
45470,Jequirica,BA,-13.2568,-39.5717
45480,Mutuipe,BA,-13.2283,-39.5063
45490,Laje,BA,-13.1705,-39.4246
45500,Ibirapitanga,BA,-14.1511,-39.384
45520,Marau,BA,-14.0783,-39.0061
45530,Itacare,BA,-14.2797,-38.9938
45534,Itacare,BA,-14.278,-38.9954
45540,Gongogi,BA,-14.3242,-39.4662
45545,Ubaitaba,BA,-14.3116,-39.3184
45550,Ubata,BA,-14.2136,-39.523
45560,Barra Do Rocha,BA,-14.2088,-39.6021
45570,Ipiau,BA,-14.1343,-39.7363
45580,Ibirataia,BA,-14.0679,-39.6399
45585,Itagiba,BA,-14.2642,-39.8338
45590,Dario Meira,BA,-14.4326,-39.9046
45600,Itabuna,BA,-14.7934,-39.2785
45601,Itabuna,BA,-14.8152,-39.3026
45602,Itabuna,BA,-14.7871,-39.2839
45603,Itabuna,BA,-14.7818,-39.2728
45604,Itabuna,BA,-14.7764,-39.2658
45605,Itabuna,BA,-14.7953,-39.2709
45606,Itabuna,BA,-14.8048,-39.2657
45607,Itabuna,BA,-14.8112,-39.2749
45608,Itabuna,BA,-14.8128,-39.2807
45610,Jussari,BA,-15.1915,-39.4948
45611,Itabuna,BA,-14.8113,-39.3013
45613,Itabuna,BA,-14.8274,-39.3146
45615,Buerarema,BA,-14.9578,-39.3034
45620,Sao Jose Da Vitoria,BA,-15.084,-39.3396
45622,Jussari,BA,-14.5971,-39.8478
45625,Barro Preto,BA,-14.8089,-39.4733
45630,Itajuipe,BA,-14.6749,-39.3763
45638,Coaraci,BA,-14.6359,-39.5547
45640,Almadina,BA,-14.7046,-39.6376
45645,Itapitanga,BA,-14.4269,-39.5657
45650,Ilheus,BA,-14.7962,-39.0428
45651,Ilheus,BA,-14.7859,-39.0467
45652,Ilheus,BA,-14.7902,-39.0352
45653,Ilheus,BA,-14.7992,-39.0341
45654,Ilheus,BA,-14.8117,-39.0325
45655,Ilheus,BA,-14.8228,-39.0319
45656,Ilheus,BA,-14.8226,-39.0342
45657,Ilheus,BA,-14.7966,-39.0597
45658,Ilheus,BA,-14.7787,-39.0573
45661,Ilheus,BA,-14.7907,-39.0585
45662,Ilheus,BA,-14.8051,-39.0395
45675,Aurelino Leal,BA,-14.3279,-39.3682
45680,Urucuca,BA,-14.5905,-39.2859
45690,Una,BA,-15.288,-39.0792
45695,Arataca,BA,-15.2615,-39.4167
45700,Itapetinga,BA,-15.2509,-40.2442
45710,Itororo,BA,-15.1104,-40.0671
45712,Rio Do Meio,BA,-12.9803,-38.4357
45720,Firmino Alves,BA,-14.9597,-39.9209
45725,Santa Cruz Da Vitoria,BA,-14.9625,-39.8108
45730,Itaju Do Colonia,BA,-15.1507,-39.6829
45740,Floresta Azul,BA,-14.8593,-39.6607
45745,Ibicarai,BA,-14.865,-39.5908
45750,Itape,BA,-14.8957,-39.4253
45760,Macarani,BA,-15.5611,-40.4249
45770,Maiquinique,BA,-15.6255,-40.2638
45780,Itarantim,BA,-15.6545,-40.0636
45790,Potiragua,BA,-15.6292,-39.796
45800,Belmonte,BA,-15.8613,-38.8788
45807,Santa Cruz Cabralia,BA,-16.2504,-39.0416
45810,Porto Seguro,BA,-16.432,-39.0756
45816,Arraial D'Ajuda,BA,-16.4002,-39.2627
45818,Trancoso,BA,-16.5818,-39.1363
45820,Eunapolis,BA,-16.3752,-39.5876
45821,Eunapolis,BA,-16.3655,-39.5887
45822,Eunapolis,BA,-16.3583,-39.5871
45823,Eunapolis,BA,-16.339,-39.5781
45824,Eunapolis,BA,-16.3676,-39.5736
45825,Eunapolis,BA,-16.3692,-39.5731
45826,Eunapolis,BA,-16.3673,-39.5763
45828,Eunapolis,BA,-16.3688,-39.5732
45829,Eunapolis,BA,-16.3684,-39.5734
45830,Eunapolis,BA,-16.3811,-39.5725
45834,Jucurucu,BA,-16.8411,-40.1443
45836,Itamaraju,BA,-17.0369,-39.5345
45840,Guaratinga,BA,-16.584,-39.7815
45848,Itabela,BA,-16.5769,-39.5601
45850,Itagimirim,BA,-16.0885,-39.6144
45855,Itapebi,BA,-15.9697,-39.5322
45860,Canavieiras,BA,-15.6736,-38.9493
45865,Santa Luzia,BA,-15.4323,-39.3298
45870,Mascote,BA,-15.5884,-39.3729
45880,Camacan,BA,-15.4144,-39.4956
45890,Pau Brasil,BA,-15.4647,-39.653
45900,Caravelas,BA,-17.7068,-39.3101
45910,Alcobaca,BA,-17.4978,-39.2624
45920,Nova Vicosa,BA,-17.8984,-39.3736
45928,Posto Da Mata,BA,-17.8864,-39.8617
45930,Mucuri,BA,-18.0716,-39.5684
45936,Itabata,BA,-15.7602,-39.6274
45940,Ibirapua,BA,-17.6867,-40.1083
45950,Lajedao,BA,-17.612,-40.3452
45955,Vereda,BA,-17.2564,-40.0207
45960,Medeiros Neto,BA,-17.3754,-40.2224
45968,Itupeva,BA,-17.4746,-40.2976
45970,Itanhem,BA,-17.1531,-40.3324
45972,Ibiraja,BA,-17.1718,-40.2537
45975,Batinga,BA,-12.9334,-38.4985
45980,Prado,BA,-17.3285,-39.2248
45983,Cumuruxatiba,BA,-14.0965,-37.7626
45985,Teixeira De Freitas,BA,-17.5094,-39.7722
45986,Teixeira De Freitas,BA,-17.463,-39.8262
45987,Teixeira De Freitas,BA,-17.5349,-39.7344
45988,Teixeira De Freitas,BA,-17.5298,-39.7155
45989,Teixeira De Freitas,BA,-17.5413,-39.7172
45990,Teixeira De Freitas,BA,-17.5442,-39.7276
45991,Teixeira De Freitas,BA,-17.5479,-39.7479
45992,Teixeira De Freitas,BA,-17.5469,-39.7433
45993,Teixeira De Freitas,BA,-17.542,-39.7527
45994,Teixeira De Freitas,BA,-17.5335,-39.759
45995,Teixeira De Freitas,BA,-17.521,-39.7475
45996,Teixeira De Freitas,BA,-17.5327,-39.7356
45997,Teixeira De Freitas,BA,-17.5406,-39.7349
45998,Teixeira De Freitas,BA,-17.5407,-39.749
46100,Brumado,BA,-14.2055,-41.6711
46103,Itaquarai,BA,-14.0373,-41.7343
46110,Malhada De Pedras,BA,-14.3853,-41.8796
46130,Aracatu,BA,-14.4177,-41.4499
46140,Livramento De Nossa Senhora,BA,-13.6705,-41.8711
46165,Dom Basilio,BA,-13.7765,-41.769
46170,Rio De Contas,BA,-13.5701,-41.8058
46180,Erico Cardoso,BA,-13.4192,-42.1297
46190,Paramirim,BA,-13.4533,-42.2395
46200,Condeuba,BA,-14.8999,-41.9698
46205,Guajeru,BA,-14.5519,-41.9557
46220,Rio Do Antonio,BA,-14.4041,-42.0776
46225,Ibitira,BA,-14.2059,-42.1163
46250,Presidente Janio Quadros,BA,-14.6857,-41.6804
46255,Maetinga,BA,-14.6648,-41.4927
46270,Piripa,BA,-14.9432,-41.7179
46280,Cordeiros,BA,-15.0393,-41.9343
46290,Mortugaba,BA,-15.0243,-42.3697
46300,Cacule,BA,-14.5012,-42.2231
46310,Jacaraci,BA,-14.8433,-42.4249
46315,Irundiara,BA,-14.7921,-42.2713
46330,Licinio De Almeida,BA,-14.6805,-42.5035
46335,Tauape,BA,-14.5892,-42.4381
46350,Urandi,BA,-14.7684,-42.6558
46360,Pindai,BA,-14.4882,-42.6851
46380,Candiba,BA,-14.4088,-42.8648
46390,Ibiassuce,BA,-14.2714,-42.2571
46400,Caetite,BA,-14.064,-42.4876
46410,Maniacu,BA,-12.4012,-38.754
46425,Lagoa Real,BA,-14.0362,-42.1415
46430,Guanambi,BA,-14.2232,-42.7834
46438,Iuiu,BA,-14.4115,-43.5531
46440,Malhada,BA,-14.3325,-43.7623
46445,Carinhanha,BA,-14.2947,-43.7705
46446,Feira Da Mata,BA,-14.2127,-44.2832
46450,Sebastiao Laranjeiras,BA,-14.5514,-42.9969
46460,Palmas De Monte Alto,BA,-14.2592,-43.1664
46470,Riacho De Santana,BA,-13.6116,-42.9368
46480,Matina,BA,-13.9104,-42.8455
46490,Igapora,BA,-13.7756,-42.7141
46500,Macaubas,BA,-13.0203,-42.6929
46530,Boquira,BA,-12.7969,-42.7113
46540,Ibipitanga,BA,-12.8804,-42.4871
46550,Rio Do Pires,BA,-13.1247,-42.2865
46560,Ibiajara,BA,-12.9891,-42.2201
46570,Botupora,BA,-13.3792,-42.5223
46575,Caturama,BA,-13.3313,-42.2935
46580,Tanque Novo,BA,-13.5487,-42.495
46600,Tanhacu,BA,-14.0595,-41.235
46620,Contendas Do Sincora,BA,-13.768,-41.0773
46640,Ituacu,BA,-13.8154,-41.2988
46650,Barra Da Estiva,BA,-13.6273,-41.3276
46670,Jussiape,BA,-13.5148,-41.5932
46690,Abaira,BA,-13.2506,-41.6639
46700,Ibitiara,BA,-12.6206,-42.2365
46730,Novo Horizonte,BA,-12.8113,-42.1619
46740,Boninal,BA,-12.7093,-41.8303
46750,Mucuge,BA,-13.0088,-41.3741
46760,Ibicoara,BA,-13.3871,-41.3177
46765,Piata,BA,-13.1106,-41.6887
46766,Inubia,BA,-13.0251,-40.1865
46770,Iramaia,BA,-13.2937,-40.9576
46780,Marcionilio Souza,BA,-13.0217,-40.5688
46790,Itaete,BA,-13.0062,-41.006
46800,Ruy Barbosa,BA,-12.2834,-40.4986
46805,Macajuba,BA,-12.1388,-40.3282
46810,Utinga,BA,-12.0803,-41.0956
46820,Bonito,BA,-11.969,-41.2665
46825,Lajedinho,BA,-12.355,-40.9035
46830,Andarai,BA,-12.7879,-41.2912
46833,Ubiraita,BA,-12.5937,-41.0144
46835,Nova Redencao,BA,-12.8161,-41.0697
46840,Ibiquera,BA,-12.6478,-40.9334
46850,Boa Vista Do Tupim,BA,-12.6745,-40.6441
46860,Iacu,BA,-12.7712,-40.2099
46865,João Amaro,BA,-12.7999,-40.354
46875,Itatim,BA,-12.71,-39.6984
46880,Itaberaba,BA,-12.5261,-40.308
46900,Seabra,BA,-12.4191,-41.7721
46930,Palmeiras,BA,-12.5169,-41.5777
46960,Lencois,BA,-12.5498,-41.3842
46970,Wagner,BA,-12.2829,-41.1677
46980,Iraquara,BA,-12.2466,-41.6031
46985,Iraporanga,BA,-12.2836,-41.5126
46990,Souto Soares,BA,-12.0821,-41.6517
47100,Barra,BA,-11.0914,-43.1455
47115,Muquem Do Sao Francisco,BA,-12.1148,-43.5531
47120,Buritirama,BA,-10.7151,-43.6343
47150,Santa Rita De Cassia,BA,-10.9893,-44.5107
47160,Mansidao,BA,-10.7195,-44.0347
47200,Remanso,BA,-9.6209,-42.0815
47220,Campo Alegre De Lourdes,BA,-9.5124,-43.0233
47240,Pilao Arcado,BA,-9.9969,-42.4854
47300,Casa Nova,BA,-9.1774,-40.9813
47310,Santana Do Sobrado,BA,-12.7647,-41.9978
47350,Sento Se,BA,-9.7434,-41.8693
47400,Xique-Xique,BA,-10.8234,-42.7271
47440,Itaguacu Da Bahia,BA,-11.0093,-42.399
47450,Gentio Do Ouro,BA,-11.4304,-42.5055
47500,Paratinga,BA,-12.6937,-43.1821
47520,Ibotirama,BA,-12.174,-43.2148
47530,Oliveira Dos Brejinhos,BA,-12.3155,-42.8835
47560,Brotas De Macaubas,BA,-12.0071,-42.6198
47580,Morpara,BA,-11.5642,-43.2767
47590,Ipupiara,BA,-11.8197,-42.616
47600,Bom Jesus Da Lapa,BA,-13.256,-43.4099
47610,Sitio Do Mato,BA,-13.0853,-43.4682
47630,Serra Do Ramalho,BA,-13.5243,-43.6074
47640,Santa Maria Da Vitoria,BA,-13.3891,-44.2006
47650,Correntina,BA,-13.3506,-44.649
47655,Jaborandi,BA,-13.6231,-44.4677
47665,Sao Felix Do Coribe,BA,-13.4032,-44.1947
47680,Cocos,BA,-14.1804,-44.5353
47690,Coribe,BA,-13.8252,-44.4539
47700,Santana,BA,-12.9808,-44.0497
47730,Canapolis,BA,-13.076,-44.202
47740,Serra Dourada,BA,-12.7593,-43.9469
47750,Brejolandia,BA,-12.4848,-43.9612
47760,Tabocas Do Brejo Velho,BA,-12.6235,-44.0618
47800,Barreiras,BA,-12.1447,-44.9912
47801,Barreiras,BA,-12.1396,-44.9891
47802,Barreiras,BA,-12.1477,-44.9849
47803,Barreiras,BA,-12.1471,-44.9869
47804,Barreiras,BA,-12.155,-44.9965
47805,Barreiras,BA,-12.1495,-45.0008
47806,Barreiras,BA,-12.1492,-44.9946
47807,Barreiras,BA,-12.1534,-45.0023
47808,Barreiras,BA,-12.1507,-45.0002
47810,Barreiras,BA,-12.1369,-45.0097
47813,Barreiras,BA,-12.1779,-44.6607
47814,Barreiras,BA,-12.9485,-38.4606
47820,Sao Desiderio,BA,-12.4006,-45.0166
47825,Sítio Grande,BA,-12.4292,-45.086
47827,Roda Velha,BA,-26.9199,-49.0868
47830,Baianopolis,BA,-12.3057,-44.5388
47845,Catolândia,BA,-12.3139,-44.8595
47850,Luis Eduardo Magalhaes,BA,-12.0925,-45.8069
47900,Cotegipe,BA,-11.9866,-44.2577
47940,Wanderley,BA,-12.1214,-43.8895
47950,Cristopolis,BA,-12.2345,-44.41
47960,Angical,BA,-12.0064,-44.6982
47970,Riachao Das Neves,BA,-11.7498,-44.9097
47990,Formosa Do Rio Preto,BA,-11.017,-45.2583
48000,Alagoinhas,BA,-12.1394,-38.423
48005,Alagoinhas,BA,-12.1402,-38.4223
48010,Alagoinhas,BA,-12.1324,-38.4215
48011,Alagoinhas,BA,-12.1235,-38.4166
48020,Alagoinhas,BA,-12.1326,-38.4156
48030,Alagoinhas,BA,-12.1375,-38.4052
48031,Alagoinhas,BA,-12.147,-38.4211
48040,Alagoinhas,BA,-12.1453,-38.4211
48050,Alagoinhas,BA,-12.1434,-38.4321
48051,Alagoinhas,BA,-12.1512,-38.4278
48060,Alagoinhas,BA,-12.1414,-38.4382
48070,Alagoinhas,BA,-12.1342,-38.4388
48071,Alagoinhas,BA,-12.1313,-38.4395
48080,Alagoinhas,BA,-12.1306,-38.4338
48090,Alagoinhas,BA,-12.1231,-38.4302
48103,Boa Uniao,BA,-4.5962,-42.8545
48108,Aracas,BA,-12.2114,-38.2027
48110,Catu,BA,-12.3638,-38.3819
48120,Pojuca,BA,-12.4254,-38.3274
48130,Aramari,BA,-12.0913,-38.5003
48140,Pedrao,BA,-12.1462,-38.6438
48150,Ouricangas,BA,-12.0141,-38.6279
48170,Agua Fria,BA,-11.8401,-38.7573
48180,Entre Rios,BA,-11.946,-38.0822
48280,Mata De Sao Joao,BA,-12.5268,-38.2631
48288,Açu Da Torre,BA,-12.5768,-38.0042
48289,Mata De Sao Joao,BA,-12.5754,-38.0027
48290,Itanagra,BA,-12.256,-38.0387
48300,Conde,BA,-11.8155,-37.6179
48310,Jandaira,BA,-11.5641,-37.7829
48330,Rio Real,BA,-11.4865,-37.932
48350,Apora,BA,-11.6652,-38.0916
48355,Itamira,BA,-13.4688,-39.2403
48360,Acajutiba,BA,-11.6635,-38.0239
48370,Esplanada,BA,-11.7971,-37.9476
48390,Cardeal Da Silva,BA,-11.9526,-37.9474
48400,Ribeira Do Pombal,BA,-10.8556,-38.5365
48405,Banzae,BA,-10.5852,-38.6185
48410,Cicero Dantas,BA,-10.5931,-38.385
48413,Sao Joao Da Fortaleza,BA,-10.5361,-38.6067
48415,Fatima,BA,-10.5953,-38.213
48420,Antas,BA,-10.4116,-38.3273
48430,Paripiranga,BA,-10.6805,-37.866
48435,Adustina,BA,-10.5366,-38.1149
48440,Ribeira Do Amparo,BA,-10.998,-38.4033
48445,Heliopolis,BA,-10.678,-38.2828
48450,Cipo,BA,-11.1005,-38.5162
48455,Novo Triunfo,BA,-10.3349,-38.4206
48460,Nova Soure,BA,-11.2406,-38.4811
48470,Olindina,BA,-11.363,-38.3294
48475,Itapicuru,BA,-11.3099,-38.2195
48480,Crisopolis,BA,-11.5104,-38.1515
48485,Satiro Dias,BA,-11.605,-38.5831
48490,Inhambupe,BA,-11.7881,-38.3554
48500,Euclides Da Cunha,BA,-10.5066,-39.0118
48504,Euclides da Cunha,BA,-10.5114,-39.0112
48520,Canudos,BA,-9.9,-39.0335
48540,Jeremoabo,BA,-9.9538,-38.6714
48565,Sitio Do Quinto,BA,-10.3598,-38.1789
48570,Santa Brigida,BA,-9.7346,-38.127
48580,Pedro Alexandre,BA,-10.0224,-37.9161
48590,Coronel Joao Sa,BA,-10.2862,-37.9267
48601,Paulo Afonso,BA,-9.4044,-38.2203
48602,Paulo Afonso,BA,-9.4045,-38.2223
48603,Paulo Afonso,BA,-9.4089,-38.2296
48604,Paulo Afonso,BA,-9.3926,-38.2389
48605,Paulo Afonso,BA,-9.3975,-38.2263
48606,Paulo Afonso,BA,-9.3926,-38.2102
48607,Paulo Afonso,BA,-9.3958,-38.2189
48608,Paulo Afonso,BA,-9.4028,-38.2136
48609,Paulo Afonso,BA,-9.4311,-38.2174
48610,Paulo Afonso,BA,-9.4415,-38.2232
48611,Paulo Afonso,BA,-9.4309,-38.2153
48620,Gloria,BA,-9.3424,-38.2563
48630,Rodelas,BA,-8.8597,-38.7629
48650,Macururé,BA,-9.1713,-39.0573
48660,Chorrocho,BA,-8.9528,-39.0802
48668,Barra Do Tarrachil,BA,-13.0091,-38.526
48680,Abare,BA,-8.6958,-39.1555
48685,Ibo,BA,-8.6327,-39.2444
48700,Serrinha,BA,-11.6618,-39.0052
48705,Barrocas,BA,-11.5314,-39.0776
48710,Candeal,BA,-11.8074,-39.1198
48720,Lamarao,BA,-11.7956,-38.8837
48725,Ichu,BA,-11.7479,-39.1924
48730,Conceicao Do Coite,BA,-11.5703,-39.2794
48740,Salgadalia,BA,-13.5325,-38.9931
48745,Conceição Do Coité,BA,-12.2404,-38.9323
48750,Retirolandia,BA,-11.4935,-39.4237
48760,Araci,BA,-11.3353,-38.9619
48770,Teofilandia,BA,-11.487,-38.9953
48780,Biritinga,BA,-11.6211,-38.808
48790,Tucano,BA,-10.9704,-38.7891
48793,Tucano,BA,-11.0278,-38.7919
48800,Monte Santo,BA,-10.4389,-39.3317
48830,Quijingue,BA,-10.7533,-39.2088
48832,Algodões,BA,-10.6741,-39.0506
48840,Cansancao,BA,-10.6694,-39.4976
48850,Itiuba,BA,-10.6925,-39.853
48860,Queimadas,BA,-10.9775,-39.6272
48870,Nordestina,BA,-10.8239,-39.4289
48880,Santaluz,BA,-11.2535,-39.3777
48890,Valente,BA,-11.4109,-39.4628
48895,Sao Domingos,BA,-11.4632,-39.5266
48900,Juazeiro,BA,-9.4324,-40.5022
48901,Juazeiro,BA,-9.4332,-40.5126
48902,Juazeiro,BA,-9.42,-40.5119
48903,Juazeiro,BA,-9.4128,-40.5014
48904,Juazeiro,BA,-9.4206,-40.4995
48905,Juazeiro,BA,-9.4242,-40.4941
48906,Juazeiro,BA,-9.4332,-40.4961
48907,Juazeiro,BA,-9.432,-40.4982
48908,Juazeiro,BA,-9.4544,-40.5007
48909,Juazeiro,BA,-9.4406,-40.5049
48913,Juazeiro,BA,-9.4474,-40.5027
48914,Juazeiro,BA,-9.4509,-40.4943
48916,Juazeiro,BA,-9.425,-40.5169
48922,Carnaiba Do Sertao,BA,-9.5893,-40.4254
48925,Sobradinho,BA,-9.4707,-40.8122
48930,Curaca,BA,-8.9733,-39.8851
48950,Uaua,BA,-9.8415,-39.4792
48960,Jaguarari,BA,-10.2628,-40.192
48967,Jaguarari,BA,-10.3336,-40.1515
48970,Senhor Do Bonfim,BA,-10.4623,-40.1838
48990,Andorinha,BA,-10.3447,-39.8306
49000,Aracaju,SE,-11.0091,-37.0771
49001,Aracaju,SE,-11.0044,-37.0917
49004,Aracaju,SE,-11.0692,-37.1218
49005,Aracaju,SE,-11.0597,-37.1067
49007,Aracaju,SE,-11.0756,-37.1356
49008,Aracaju,SE,-11.0959,-37.1396
49009,Aracaju,SE,-11.0992,-37.1349
49010,Aracaju,SE,-10.9125,-37.0534
49015,Aracaju,SE,-10.9224,-37.0509
49020,Aracaju,SE,-10.9302,-37.0517
49025,Aracaju,SE,-10.9384,-37.0571
49026,Aracaju,SE,-10.9466,-37.0572
49027,Aracaju,SE,-10.9416,-37.0636
49030,Aracaju,SE,-10.9716,-37.0673
49031,Aracaju,SE,-10.9701,-37.0672
49032,Aracaju,SE,-10.9702,-37.0559
49033,Aracaju,SE,-11.0105,-37.0924
49035,Aracaju,SE,-10.9714,-37.0457
49036,Aracaju,SE,-10.9761,-37.0455
49037,Aracaju,SE,-10.9911,-37.0607
49038,Aracaju,SE,-10.9953,-37.0782
49040,Aracaju,SE,-10.9522,-37.0719
49041,Aracaju,SE,-10.9809,-37.0889
49042,Aracaju,SE,-10.9709,-37.081
49043,Aracaju,SE,-10.9658,-37.0902
49044,Aracaju,SE,-10.9867,-37.1004
49045,Aracaju,SE,-10.9322,-37.0661
49046,Aracaju,SE,-10.9468,-37.0572
49047,Aracaju,SE,-10.9396,-37.0746
49048,Aracaju,SE,-10.9422,-37.071
49050,Aracaju,SE,-10.9265,-37.0635
49051,Aracaju,SE,-10.9285,-37.0625
49052,Aracaju,SE,-10.919,-37.0639
49055,Aracaju,SE,-10.9131,-37.0617
49060,Aracaju,SE,-10.8987,-37.0614
49063,Aracaju,SE,-10.8863,-37.0625
49065,Aracaju,SE,-10.8974,-37.0532
49066,Aracaju,SE,-10.8926,-37.053
49067,Aracaju,SE,-10.8776,-37.0548
49070,Aracaju,SE,-10.9022,-37.0755
49071,Aracaju,SE,-10.8849,-37.082
49072,Aracaju,SE,-10.9015,-37.0691
49075,Aracaju,SE,-10.9151,-37.0726
49080,Aracaju,SE,-10.9174,-37.0804
49082,Aracaju,SE,-10.9113,-37.0826
49085,Aracaju,SE,-10.9066,-37.0813
49087,Aracaju,SE,-10.8945,-37.0819
49088,Aracaju,SE,-10.9283,-37.0887
49089,Aracaju,SE,-10.9742,-37.1115
49090,Aracaju,SE,-10.8957,-37.0956
49091,Aracaju,SE,-10.8891,-37.0977
49092,Aracaju,SE,-10.9443,-37.1086
49095,Aracaju,SE,-10.9403,-37.0818
49096,Aracaju,SE,-10.9148,-37.0848
49097,Aracaju,SE,-10.9337,-37.0788
49100,Sao Cristovao,SE,-10.9595,-37.1516
49120,Itaporanga D'Ajuda,SE,-11.0214,-37.3241
49130,Riachuelo,SE,-10.7314,-37.1869
49140,Barra Dos Coqueiros,SE,-10.9105,-37.0285
49160,Nossa Senhora Do Socorro,SE,-10.8646,-37.0958
49170,Laranjeiras,SE,-10.7981,-37.163
49180,Santo Amaro Das Brotas,SE,-10.7874,-37.0526
49190,Pirambu,SE,-10.7389,-36.8568
49200,Estancia,SE,-11.2598,-37.4357
49220,Araua,SE,-11.2647,-37.6192
49230,Santa Luzia Do Itanhy,SE,-11.3533,-37.4487
49250,Indiaroba,SE,-11.5226,-37.509
49260,Umbauba,SE,-11.3814,-37.661
49270,Cristinapolis,SE,-11.477,-37.7559
49280,Tomar Do Geru,SE,-11.3746,-37.8402
49290,Itabaianinha,SE,-11.2748,-37.7908
49300,Tobias Barreto,SE,-11.1846,-38.0013
49320,Riachao Do Dantas,SE,-11.0695,-37.7264
49350,Pedrinhas,SE,-11.1915,-37.6737
49360,Boquim,SE,-11.1475,-37.6189
49390,Salgado,SE,-11.0341,-37.4755
49400,Lagarto,SE,-10.9162,-37.6716
49480,Simao Dias,SE,-10.7406,-37.8069
49490,Poco Verde,SE,-10.7151,-38.1751
49500,Itabaiana,SE,-10.686,-37.4275
49501,Itabaiana,SE,-10.6798,-37.4189
49503,Itabaiana,SE,-10.6935,-37.4278
49504,Itabaiana,SE,-10.6974,-37.4269
49505,Itabaiana,SE,-10.7089,-37.4252
49506,Itabaiana,SE,-10.6899,-37.4349
49507,Itabaiana,SE,-10.7099,-37.4267
49509,Itabaiana,SE,-10.681,-37.4317
49510,Itabaiana,SE,-10.6766,-37.439
49514,Frei Paulo,SE,-10.5494,-37.5426
49517,Pinhao,SE,-10.5683,-37.7234
49520,Campo Do Brito,SE,-10.7504,-37.4932
49525,Sao Domingos,SE,-10.7921,-37.5676
49530,Ribeiropolis,SE,-10.5381,-37.436
49535,Sao Miguel Do Aleixo,SE,-10.3861,-37.3788
49540,Nossa Senhora Aparecida,SE,-10.3974,-37.4538
49550,Carira,SE,-10.3598,-37.7049
49560,Moita Bonita,SE,-10.581,-37.3413
49565,Macambira,SE,-10.6652,-37.5422
49570,Malhador,SE,-10.6586,-37.3073
49580,Areia Branca,SE,-10.7569,-37.3137
49600,Nossa Senhora Das Dores,SE,-10.4644,-37.2108
49630,Siriri,SE,-10.6053,-37.113
49640,Santa Rosa De Lima,SE,-10.6466,-37.1926
49650,Divina Pastora,SE,-10.679,-37.1505
49660,Cumbe,SE,-10.3546,-37.1829
49670,Feira Nova,SE,-10.2623,-37.3121
49680,Nossa Senhora Da Gloria,SE,-10.2319,-37.413
49690,Monte Alegre De Sergipe,SE,-10.0281,-37.5631
49700,Capela,SE,-10.5043,-37.0537
49740,Carmopolis,SE,-10.6483,-36.9876
49750,General Maynard,SE,-10.6853,-36.986
49760,Rosario Do Catete,SE,-10.7033,-37.0355
49770,Maruim,SE,-10.7392,-37.0864
49780,Muribeca,SE,-10.4159,-36.9582
49790,Aquidaba,SE,-10.2848,-37.0193
49800,Porto Da Folha,SE,-9.9165,-37.3089
49810,Poco Redondo,SE,-9.8188,-37.6901
49820,Caninde De Sao Francisco,SE,-9.6737,-37.8002
49830,Gararu,SE,-9.9695,-37.0831
49860,Graccho Cardoso,SE,-10.2292,-37.1969
49870,Canindé de São Francisco,SE,-9.6414,-37.7812
49880,Canhoba,SE,-10.1373,-36.9714
49890,Nossa Senhora De Lourdes,SE,-10.0781,-37.0543
49900,Propria,SE,-10.2145,-36.8359
49910,Telha,SE,-10.2062,-36.8849
49920,Amparo De Sao Francisco,SE,-10.1299,-36.9266
49930,Cedro De Sao Joao,SE,-10.2514,-36.8828
49940,Malhada Dos Bois,SE,-10.3546,-36.919
49945,Sao Francisco,SE,-10.3492,-36.8857
49950,Japoata,SE,-10.3492,-36.8043
49960,Japaratuba,SE,-10.5914,-36.9427
49970,Pacatuba,SE,-10.4528,-36.6451
49980,Neopolis,SE,-10.3259,-36.5775
49985,Santana Do Sao Francisco,SE,-10.2709,-36.6222
49990,Ilha Das Flores,SE,-10.4359,-36.537
49995,Brejo Grande,SE,-10.4301,-36.4666
50010,Recife,PE,-8.0639,-34.8784
50020,Recife,PE,-8.0687,-34.8806
50030,Recife,PE,-8.0629,-34.8724
50040,Recife,PE,-8.0537,-34.878
50050,Recife,PE,-8.0549,-34.8871
50060,Recife,PE,-8.0626,-34.8871
50070,Recife,PE,-8.061,-34.8939
50080,Recife,PE,-8.0723,-34.898
50090,Recife,PE,-8.0746,-34.895
50100,Recife,PE,-8.0486,-34.8866
50110,Recife,PE,-8.042,-34.8794
50160,Recife,PE,-8.0571,-34.9081
50610,Recife,PE,-8.0547,-34.9087
50620,Recife,PE,-8.0454,-34.9145
50630,Recife,PE,-8.0566,-34.9229
50640,Recife,PE,-8.0595,-34.9318
50650,Recife,PE,-8.0568,-34.9376
50660,Recife,PE,-8.0623,-34.9392
50670,Recife,PE,-8.0447,-34.9399
50680,Recife,PE,-8.0341,-34.9323
50690,Recife,PE,-8.0315,-34.9387
50710,Recife,PE,-8.0455,-34.9084
50711,Recife,PE,-8.0512,-34.9213
50720,Recife,PE,-8.0579,-34.9112
50721,Recife,PE,-8.0513,-34.9309
50730,Recife,PE,-8.057,-34.9429
50731,Recife,PE,-8.041,-34.9328
50740,Recife,PE,-8.042,-34.9478
50741,Recife,PE,-8.0504,-34.9587
50750,Recife,PE,-8.0683,-34.9072
50751,Recife,PE,-8.065,-34.9179
50760,Recife,PE,-8.0714,-34.9196
50761,Recife,PE,-8.0701,-34.9291
50770,Recife,PE,-8.0812,-34.9103
50771,Recife,PE,-8.0842,-34.9229
50780,Recife,PE,-8.0963,-34.9403
50781,Recife,PE,-8.0833,-34.9375
50790,Recife,PE,-8.0801,-34.9498
50791,Recife,PE,-8.0883,-34.9675
50800,Recife,PE,-8.0333,-34.9481
50810,Recife,PE,-8.0392,-34.9565
50820,Recife,PE,-8.0761,-34.9175
50830,Recife,PE,-8.0696,-34.911
50850,Recife,PE,-8.0816,-34.9182
50860,Recife,PE,-8.0943,-34.9252
50865,Recife,PE,-8.0825,-34.9318
50870,Recife,PE,-8.0957,-34.9334
50875,Recife,PE,-8.102,-34.9326
50900,Recife,PE,-8.0906,-34.9421
50910,Recife,PE,-8.0819,-34.9411
50920,Recife,PE,-8.0883,-34.9556
50930,Recife,PE,-8.0916,-34.9543
50940,Recife,PE,-8.0817,-34.9657
50950,Recife,PE,-8.0709,-34.9575
50960,Recife,PE,-8.0372,-34.9831
50970,Recife,PE,-8.0353,-34.976
50980,Recife,PE,-8.0283,-34.9594
51010,Recife,PE,-8.085,-34.8811
51011,Recife,PE,-8.0965,-34.8854
51020,Recife,PE,-8.1153,-34.8967
51021,Recife,PE,-8.1256,-34.9027
51030,Recife,PE,-8.1362,-34.9064
51110,Recife,PE,-8.0872,-34.889
51111,Recife,PE,-8.1064,-34.8892
51130,Recife,PE,-8.1437,-34.9087
51150,Recife,PE,-8.1066,-34.9145
51160,Recife,PE,-8.1125,-34.9064
51170,Recife,PE,-8.0915,-34.913
51180,Recife,PE,-8.1027,-34.9144
51190,Recife,PE,-8.1153,-34.9196
51200,Recife,PE,-8.1128,-34.9144
51220,Recife,PE,-8.1125,-34.9325
51230,Recife,PE,-8.1148,-34.9397
51240,Recife,PE,-8.1239,-34.9369
51250,Recife,PE,-8.1359,-34.9325
51260,Recife,PE,-8.1325,-34.9417
51270,Recife,PE,-8.1072,-34.9408
51275,Recife,PE,-8.1079,-34.948
51280,Recife,PE,-8.1178,-34.9493
51290,Recife,PE,-8.1224,-34.9473
51300,Recife,PE,-8.1287,-34.9472
51310,Recife,PE,-8.1358,-34.9497
51320,Recife,PE,-8.1323,-34.9515
51330,Recife,PE,-8.1262,-34.9569
51335,Recife,PE,-8.1131,-34.9626
51340,Recife,PE,-8.1181,-34.9561
51345,Recife,PE,-8.1115,-34.9547
51346,Recife,PE,-8.1074,-34.9623
51350,Recife,PE,-8.1083,-34.9226
52010,Recife,PE,-8.0589,-34.9002
52011,Recife,PE,-8.0499,-34.9008
52020,Recife,PE,-8.0454,-34.8945
52021,Recife,PE,-8.0415,-34.8902
52030,Recife,PE,-8.037,-34.8858
52031,Recife,PE,-8.0351,-34.881
52040,Recife,PE,-8.0283,-34.8813
52041,Recife,PE,-8.0342,-34.8948
52050,Recife,PE,-8.0383,-34.8997
52051,Recife,PE,-8.0287,-34.9075
52060,Recife,PE,-8.0344,-34.9115
52061,Recife,PE,-8.033,-34.9223
52070,Recife,PE,-8.0286,-34.9182
52071,Recife,PE,-8.0231,-34.93
52080,Recife,PE,-8.0166,-34.9122
52081,Recife,PE,-8.0163,-34.9228
52090,Recife,PE,-8.014,-34.9293
52091,Recife,PE,-8.0046,-34.935
52110,Recife,PE,-8.026,-34.9003
52111,Recife,PE,-8.0196,-34.8994
52120,Recife,PE,-8.0227,-34.8902
52121,Recife,PE,-8.0191,-34.8863
52125,Recife,PE,-8.0204,-34.8786
52130,Recife,PE,-8.01,-34.8934
52131,Recife,PE,-8.0085,-34.904
52140,Recife,PE,-8.0039,-34.905
52150,Recife,PE,-8.0029,-34.9127
52160,Recife,PE,-7.9926,-34.9166
52165,Recife,PE,-7.9847,-34.9196
52170,Recife,PE,-7.9783,-34.9179
52171,Recife,PE,-8.0186,-34.9551
52190,Recife,PE,-8.0024,-34.9263
52191,Recife,PE,-7.9999,-34.9244
52210,Recife,PE,-8.018,-34.9117
52211,Recife,PE,-8.0194,-34.9054
52221,Recife,PE,-8.0121,-34.8852
52280,Recife,PE,-8.018,-34.9162
52290,Recife,PE,-7.9924,-34.9401
52291,Recife,PE,-7.9933,-34.9342
52390,Recife,PE,-7.9869,-34.9301
52490,Recife,PE,-8.0127,-34.9293
53010,Olinda,PE,-8.0215,-34.8537
53012,Natal,RN,-5.7837,-35.1969
53020,Olinda,PE,-8.0142,-34.8548
53025,Olinda,PE,-8.0143,-34.854
53030,Olinda,PE,-7.9993,-34.8424
53040,Olinda,PE,-7.9711,-34.8343
53050,Olinda,PE,-7.9731,-34.8398
53060,Olinda,PE,-7.9732,-34.8493
53070,Olinda,PE,-7.9647,-34.8452
53080,Olinda,PE,-7.962,-34.8511
53090,Olinda,PE,-7.9605,-34.853
53110,Olinda,PE,-8.0277,-34.871
53120,Olinda,PE,-8.0105,-34.8464
53130,Olinda,PE,-7.9883,-34.8406
53140,Olinda,PE,-7.9775,-34.8421
53150,Olinda,PE,-7.9647,-34.8399
53160,Olinda,PE,-7.9921,-34.8984
53170,Olinda,PE,-7.9878,-34.9069
53180,Olinda,PE,-7.9914,-34.8936
53190,Olinda,PE,-7.9821,-34.8995
53210,Olinda,PE,-7.997,-34.901
53220,Olinda,PE,-8.011,-34.8762
53230,Olinda,PE,-8.0127,-34.8643
53240,Olinda,PE,-8.0076,-34.8526
53250,Olinda,PE,-7.9863,-34.8524
53260,Olinda,PE,-8.0077,-34.8819
53270,Olinda,PE,-8.0001,-34.888
53280,Olinda,PE,-7.9957,-34.8896
53290,Olinda,PE,-8.0077,-34.8702
53300,Olinda,PE,-8.0051,-34.8746
53320,Olinda,PE,-8.0005,-34.8525
53330,Olinda,PE,-8.0027,-34.8599
53350,Olinda,PE,-7.9868,-34.8631
53360,Olinda,PE,-7.979,-34.8834
53370,Olinda,PE,-7.9937,-34.8599
53401,Paulista,PE,-7.942,-34.8787
53402,Paulista,PE,-7.9636,-34.8704
53403,Paulista,PE,-7.9578,-34.8749
53404,Paulista,PE,-7.9774,-34.9041
53405,Paulista,PE,-7.9617,-34.8736
53407,Paulista,PE,-7.9529,-34.8927
53409,Paulista,PE,-7.9486,-34.8955
53413,Paulista,PE,-7.9412,-34.8961
53415,Paulista,PE,-7.9336,-34.8857
53416,Paulista,PE,-7.9301,-34.889
53417,Paulista,PE,-7.9345,-34.8904
53421,Paulista,PE,-7.9332,-34.8618
53422,Paulista,PE,-7.9383,-34.8612
53423,Paulista,PE,-7.9257,-34.8596
53425,Paulista,PE,-7.9003,-34.8397
53427,Paulista,PE,-7.8577,-34.838
53429,Paulista,PE,-7.8903,-34.8335
53431,Paulista,PE,-7.904,-34.8359
53433,Paulista,PE,-7.91,-34.8378
53435,Paulista,PE,-7.9193,-34.8329
53437,Paulista,PE,-7.9317,-34.8319
53439,Paulista,PE,-7.9448,-34.8344
53441,Paulista,PE,-7.9483,-34.8702
53442,Paulista,PE,-7.9525,-34.8547
53443,Paulista,PE,-7.9528,-34.8735
53444,Paulista,PE,-7.9493,-34.8683
53510,Abreu E Lima,PE,-7.9062,-34.899
53520,Abreu E Lima,PE,-7.9125,-34.9048
53525,Abreu E Lima,PE,-7.911,-34.9035
53530,Abreu E Lima,PE,-7.9192,-34.9265
53540,Abreu E Lima,PE,-7.9241,-34.9202
53545,Abreu E Lima,PE,-7.9135,-34.9088
53550,Abreu E Lima,PE,-7.9078,-34.911
53560,Abreu E Lima,PE,-7.9049,-34.9065
53565,Abreu E Lima,PE,-7.9033,-34.9045
53570,Abreu E Lima,PE,-7.8907,-34.9139
53580,Abreu E Lima,PE,-7.9,-34.8999
53585,Abreu E Lima,PE,-7.8977,-34.9047
53605,Igarassu,PE,-7.8208,-34.9153
53610,Igarassu,PE,-7.8307,-34.9075
53615,Igarassu,PE,-7.8159,-34.9056
53620,Igarassu,PE,-7.8447,-34.905
53625,Igarassu,PE,-7.8699,-34.9046
53630,Igarassu,PE,-7.8538,-34.9121
53635,Igarassu,PE,-7.872,-34.9086
53637,Igarassu,PE,-7.8623,-34.9138
53640,Igarassu,PE,-7.8341,-34.9186
53645,Igarassu,PE,-7.8705,-34.9119
53650,Igarassu,PE,-7.8147,-34.9243
53690,Aracoiaba,PE,-7.789,-35.0889
53700,Itapissuma,PE,-7.7751,-34.8975
53900,Ilha De Itamaraca,PE,-7.7577,-34.8332
53990,Fernando De Noronha,PE,-3.8487,-32.4141
54070,Jaboatao Dos Guararapes,PE,-8.1077,-35.0229
54080,Jaboatao Dos Guararapes,PE,-8.1114,-35.0216
54090,Jaboatao Dos Guararapes,PE,-8.1258,-35.02
54100,Jaboatao Dos Guararapes,PE,-8.1222,-35.0131
54110,Jaboatao Dos Guararapes,PE,-8.1122,-35.0167
54120,Jaboatao Dos Guararapes,PE,-8.1071,-35.0086
54140,Jaboatao Dos Guararapes,PE,-8.099,-35.0161
54150,Jaboatao Dos Guararapes,PE,-8.1087,-34.9926
54160,Jaboatao Dos Guararapes,PE,-8.1138,-34.9934
54170,Jaboatao Dos Guararapes,PE,-8.1013,-34.9838
54210,Jaboatao Dos Guararapes,PE,-8.099,-34.9685
54220,Jaboatao Dos Guararapes,PE,-8.0859,-34.9909
54230,Jaboatao Dos Guararapes,PE,-8.1258,-34.9681
54240,Jaboatao Dos Guararapes,PE,-8.1173,-34.9825
54245,Jaboatao Dos Guararapes,PE,-8.1007,-34.9947
54250,Jaboatao Dos Guararapes,PE,-8.1082,-34.9684
54260,Jaboatao Dos Guararapes,PE,-8.1187,-34.9677
54270,Jaboatao Dos Guararapes,PE,-8.0895,-34.9806
54275,Jaboatao Dos Guararapes,PE,-8.1333,-34.972
54280,Jaboatao Dos Guararapes,PE,-8.1114,-34.9678
54290,Jaboatao Dos Guararapes,PE,-8.1292,-34.9602
54300,Jaboatao Dos Guararapes,PE,-8.1246,-34.9654
54310,Jaboatao Dos Guararapes,PE,-8.1576,-34.9236
54315,Jaboatao Dos Guararapes,PE,-8.1525,-34.9268
54320,Jaboatao Dos Guararapes,PE,-8.1428,-34.9385
54325,Jaboatao Dos Guararapes,PE,-8.1596,-34.9352
54330,Jaboatao Dos Guararapes,PE,-8.1657,-34.9319
54335,Jaboatao Dos Guararapes,PE,-8.1681,-34.937
54340,Jaboatao Dos Guararapes,PE,-8.1914,-34.9595
54345,Jaboatao Dos Guararapes,PE,-8.1999,-34.9725
54350,Jaboatao Dos Guararapes,PE,-8.1644,-34.9484
54352,Jaboatao Dos Guararapes,PE,-8.1728,-34.9543
54353,Jaboatão Dos Guararapes,PE,-8.1776,-34.9375
54360,Jaboatao Dos Guararapes,PE,-8.1433,-34.9682
54365,Jaboatao Dos Guararapes,PE,-8.1519,-34.9783
54368,Jaboatao Dos Guararapes,PE,-8.15,-34.9593
54400,Jaboatao Dos Guararapes,PE,-8.1578,-34.9152
54410,Jaboatao Dos Guararapes,PE,-8.1759,-34.9218
54420,Jaboatao Dos Guararapes,PE,-8.1857,-34.9243
54430,Jaboatao Dos Guararapes,PE,-8.1933,-34.9291
54440,Jaboatao Dos Guararapes,PE,-8.2021,-34.9225
54450,Jaboatao Dos Guararapes,PE,-8.1998,-34.9224
54460,Jaboatao Dos Guararapes,PE,-8.1831,-34.9263
54470,Jaboatao Dos Guararapes,PE,-8.207,-34.9288
54490,Jaboatao Dos Guararapes,PE,-8.1823,-34.9491
54500,Cabo De Santo Agostinho,PE,-8.3255,-34.984
54505,Cabo De Santo Agostinho,PE,-8.2907,-35.0396
54510,Cabo De Santo Agostinho,PE,-8.2809,-35.0296
54515,Cabo De Santo Agostinho,PE,-8.2839,-35.0245
54517,Cabo De Santo Agostinho,PE,-8.2771,-35.0063
54520,Cabo De Santo Agostinho,PE,-8.3019,-35.0259
54522,Cabo De Santo Agostinho,PE,-8.233,-34.9821
54525,Cabo De Santo Agostinho,PE,-8.2891,-35.0309
54530,Cabo De Santo Agostinho,PE,-8.2978,-35.0409
54535,Cabo De Santo Agostinho,PE,-8.2938,-35.052
54580,Cabo De Santo Agostinho,PE,-8.2398,-34.9853
54589,Cabo De Santo Agostinho,PE,-8.225,-34.9668
54590,Santo Agostinho,PE,-8.3027,-34.999
54700,São Lourenço Da Mata,PE,-7.9856,-35.0765
54705,Sao Lourenco Da Mata,PE,-8.0055,-35.018
54710,Sao Lourenco Da Mata,PE,-8.0016,-35.0486
54715,Sao Lourenco Da Mata,PE,-8.0086,-35.0261
54720,Sao Lourenco Da Mata,PE,-8.0057,-35.0349
54725,Sao Lourenco Da Mata,PE,-7.992,-35.0455
54727,Sao Lourenco Da Mata,PE,-7.9912,-35.0517
54730,Sao Lourenco Da Mata,PE,-7.9964,-35.0461
54733,São Lourenço Da Mata,PE,-8.0023,-35.0082
54735,Sao Lourenco Da Mata,PE,-7.9923,-35.0391
54737,Sao Lourenco Da Mata,PE,-7.9826,-35.069
54740,Sao Lourenco Da Mata,PE,-7.9991,-35.0298
54749,Nossa Senhora Da Luz,PE,-8.024,-35.0589
54753,Camaragibe,PE,-8.0151,-34.9709
54756,Camaragibe,PE,-7.9999,-34.9788
54758,Camaragibe,PE,-8.0135,-34.9656
54759,Camaragibe,PE,-8.0083,-34.9853
54762,Camaragibe,PE,-8.0257,-34.9813
54765,Camaragibe,PE,-8.0267,-34.9917
54766,Camaragibe,PE,-8.0247,-34.9881
54767,Camaragibe,PE,-8.0278,-35.0015
54768,Camaragibe,PE,-8.0148,-34.9914
54771,Camaragibe,PE,-8.0185,-34.9913
54774,Camaragibe,PE,-8.0155,-34.9981
54777,Camaragibe,PE,-8.0134,-35.0016
54783,Camaragibe,PE,-7.9488,-35.0216
54786,Camaragibe,PE,-7.9571,-35.0098
54789,Camaragibe,PE,-7.9775,-35.0045
54792,Camaragibe,PE,-7.9794,-34.9794
54800,Moreno,PE,-8.1175,-35.1106
55002,Caruaru,PE,-8.2857,-35.9665
55004,Caruaru,PE,-8.2851,-35.9708
55006,Caruaru,PE,-8.2886,-35.9778
55008,Caruaru,PE,-8.2872,-35.9845
55010,Caruaru,PE,-8.2782,-35.9785
55012,Caruaru,PE,-8.2785,-35.9717
55014,Caruaru,PE,-8.2698,-35.9754
55016,Caruaru,PE,-8.2635,-35.9663
55018,Caruaru,PE,-8.2751,-35.9594
55019,Caruaru,PE,-8.2666,-35.9537
55020,Caruaru,PE,-8.2792,-35.9601
55021,Caruaru,PE,-8.2759,-35.9497
55022,Caruaru,PE,-8.2785,-35.9341
55024,Caruaru,PE,-8.2876,-35.9559
55026,Caruaru,PE,-8.2939,-35.9616
55027,Caruaru,PE,-8.2814,-35.9712
55028,Caruaru,PE,-8.2958,-35.966
55030,Caruaru,PE,-8.2967,-35.9734
55031,Caruaru,PE,-8.3087,-35.975
55032,Caruaru,PE,-8.2975,-35.9816
55034,Caruaru,PE,-8.2875,-35.9923
55036,Caruaru,PE,-8.2838,-35.9956
55038,Caruaru,PE,-8.2739,-35.9884
55040,Caruaru,PE,-8.2867,-36.0088
55042,Caruaru,PE,-8.2756,-36.0042
55044,Caruaru,PE,-8.2682,-35.9873
55120,Riacho Das Almas,PE,-8.119,-35.8554
55125,Toritama,PE,-8.006,-36.0587
55130,Sao Caitano,PE,-8.3283,-36.1374
55140,Tacaimbo,PE,-8.3171,-36.292
55150,Belo Jardim,PE,-8.3363,-36.42
55152,Belo Jardim,PE,-8.3392,-36.4351
55153,Belo Jardim,PE,-8.3327,-36.4299
55154,Belo Jardim,PE,-8.3322,-36.4173
55155,Belo Jardim,PE,-8.3309,-36.4216
55156,Belo Jardim,PE,-21.4941,-56.1546
55157,Belo Jardim,PE,-8.3345,-36.4162
55158,Belo Jardim,PE,-8.3422,-36.4124
55160,Serra Do Vento,PE,-16.1335,-38.7087
55168,Água Fria,PE,-8.0144,-34.9006
55170,Brejo Da Madre De Deus,PE,-8.1198,-36.3474
55175,Fazenda Nova,PE,-8.1761,-36.1953
55178,Sao Domingos,PE,-18.24,-43.0432
55180,Jatauba,PE,-7.9874,-36.4964
55190,Santa Cruz Do Capibaribe,PE,-7.9475,-36.2102
55191,Santa Cruz Do Capibaribe,PE,-7.9337,-36.1983
55192,Santa Cruz Do Capibaribe,PE,-7.9534,-36.2038
55194,Santa Cruz Do Capibaribe,PE,-7.951,-36.2088
55195,Santa Cruz Do Capibaribe,PE,-7.95,-36.2149
55199,Santa Cruz Do Capibaribe,PE,-7.9607,-36.2046
55200,Pesqueira,PE,-8.3617,-36.6986
55240,Pocao,PE,-8.1854,-36.7056
55250,Sanharo,PE,-8.3625,-36.5623
55260,Alagoinha,PE,-8.4672,-36.7749
55265,Perpétuo Socorro,PE,-8.5382,-36.725
55270,Venturosa,PE,-8.5773,-36.873
55280,Pedra,PE,-8.5152,-36.9388
55290,Garanhuns,PE,-8.9127,-36.4813
55291,Garanhuns,PE,-8.9076,-36.4806
55292,Garanhuns,PE,-8.9012,-36.494
55293,Garanhuns,PE,-8.8932,-36.4943
55294,Garanhuns,PE,-8.883,-36.5005
55295,Garanhuns,PE,-8.8845,-36.487
55296,Garanhuns,PE,-8.8877,-36.4803
55297,Garanhuns,PE,-8.8769,-36.471
55298,Garanhuns,PE,-8.8851,-36.4672
55299,Garanhuns,PE,-8.8818,-36.4671
55302,Sao Pedro,PE,-8.5144,-35.1246
55305,Terezinha,PE,-9.0563,-36.6242
55310,Palmeirina,PE,-9.0039,-36.3258
55315,Correntes,PE,-9.1302,-36.3287
55320,Lagoa Do Ouro,PE,-9.125,-36.4592
55325,Brejão,PE,-9.0248,-36.5702
55330,Bom Conselho,PE,-9.1763,-36.68
55334,Rainha Isabel,PE,-9.2758,-36.6134
55340,Aguas Belas,PE,-9.1088,-37.117
55345,Iati,PE,-9.0559,-36.8554
55350,Saloa,PE,-8.975,-36.6882
55355,Paranatama,PE,-8.9188,-36.6587
55360,Caetes,PE,-8.7744,-36.6249
55365,Capoeiras,PE,-8.7387,-36.6272
55370,Sao Bento Do Una,PE,-8.5228,-36.4454
55375,Calcado,PE,-8.7422,-36.3361
55380,Cachoeirinha,PE,-8.489,-36.2361
55385,Lajedo,PE,-8.6613,-36.3229
55390,Ibirajuba,PE,-8.5804,-36.1782
55395,Jupi,PE,-8.712,-36.4157
55398,Jucati,PE,-8.7064,-36.4867
55400,Catende,PE,-8.6654,-35.726
55402,Laje Grande,PE,-8.5997,-35.7631
55405,Maraial,PE,-8.7848,-35.8136
55409,Jaqueira,PE,-8.7292,-35.7956
55410,Sao Benedito Do Sul,PE,-8.8063,-35.9117
55415,Quipapa,PE,-8.8272,-36.012
55420,Canhotinho,PE,-8.8787,-36.1977
55430,Angelim,PE,-8.8895,-36.2848
55435,Sao Joao,PE,-8.8751,-36.3673
55440,Belem De Maria,PE,-8.6255,-35.8398
55445,Batateira,PE,-8.5617,-35.8296
55450,Lagoa Dos Gatos,PE,-8.6572,-35.904
55460,Cupira,PE,-8.61,-35.9529
55470,Panelas,PE,-8.6666,-36.0239
55473,Panelas,PE,-8.6565,-36.1002
55480,Jurema,PE,-8.7183,-36.1382
55485,Santo Antonio Das Queimadas,PE,-12.813,-38.7317
55490,Altinho,PE,-8.4882,-36.0602
55495,Agrestina,PE,-8.455,-35.9465
55500,Escada,PE,-8.3663,-35.2412
55510,Primavera,PE,-8.3452,-35.3539
55515,Amaraji,PE,-8.3769,-35.4519
55520,Ribeirao,PE,-8.515,-35.3774
55525,Cortes,PE,-8.4735,-35.5432
55530,Gameleira,PE,-8.5842,-35.3856
55535,Joaquim Nabuco,PE,-8.6242,-35.5261
55540,Palmares,PE,-8.6803,-35.5889
55550,Agua Preta,PE,-8.7061,-35.5172
55555,Xexeu,PE,-8.8066,-35.6273
55560,Barreiros,PE,-8.8145,-35.1968
55565,Sao Jose Da Coroa Grande,PE,-8.8945,-35.1523
55570,Rio Formoso,PE,-8.6623,-35.1527
55578,Tamandare,PE,-8.7538,-35.1118
55580,Sirinhaem,PE,-8.5954,-35.1125
55590,Ipojuca,PE,-8.4419,-35.0313
55592,Nossa Senhora Do O,PE,-8.3607,-34.9863
55595,Camela,PE,-8.5134,-35.125
55600,Vitoria De Santo Antao,PE,-8.107,-35.2972
55602,Vitoria De Santo Antao,PE,-8.1205,-35.2965
55604,Vitoria De Santo Antao,PE,-8.1216,-35.3028
55605,Vitoria De Santo Antao,PE,-8.1167,-35.296
55606,Vitoria De Santo Antao,PE,-8.1198,-35.3092
55608,Vitoria De Santo Antao,PE,-8.1125,-35.3009
55610,Vitoria De Santo Antao,PE,-8.1084,-35.2854
55612,Vitoria De Santo Antao,PE,-8.1162,-35.2873
55614,Vitoria De Santo Antao,PE,-8.1249,-35.289
55618,Pirituba,PE,-15.7781,-41.0345
55620,Gloria Do Goita,PE,-8.0005,-35.295
55630,Pombos,PE,-8.1405,-35.3907
55636,Cha Grande,PE,-8.2402,-35.4617
55640,Gravata,PE,-8.2058,-35.5636
55641,Gravata,PE,-8.2007,-35.5698
55642,Gravata,PE,-8.1977,-35.5582
55643,Gravata,PE,-8.2121,-35.5669
55644,Gravata,PE,-8.2103,-35.58
55645,Gravata,PE,-8.1954,-35.5742
55650,Passira,PE,-7.9807,-35.582
55655,Cumaru,PE,-8.0108,-35.6985
55660,Bezerros,PE,-8.2366,-35.7548
55665,Camocim De Sao Felix,PE,-8.36,-35.7621
55670,Sao Joaquim Do Monte,PE,-8.4344,-35.8107
55675,Salgadinho,PE,-7.9406,-35.6355
55680,Bonito,PE,-8.4719,-35.7327
55690,Barra De Guabiraba,PE,-8.4204,-35.6616
55695,Saire,PE,-8.3245,-35.7082
55700,Limoeiro,PE,-7.8777,-35.4481
55715,Feira Nova,PE,-7.9494,-35.3853
55720,Joao Alfredo,PE,-7.8581,-35.5924
55730,Bom Jardim,PE,-7.7962,-35.5893
55735,Bom Jardim,PE,-5.012,-42.0311
55740,Machados,PE,-7.6864,-35.5153
55745,Orobo,PE,-7.7491,-35.6041
55750,Surubim,PE,-7.8415,-35.7595
55755,Casinhas,PE,-7.7546,-35.719
55760,Vertente Do Lerio,PE,-7.7844,-35.8329
55765,Santa Maria Do Cambuca,PE,-7.8285,-35.8819
55770,Vertentes,PE,-7.9064,-35.9891
55780,Frei Miguelinho,PE,-7.9447,-35.9142
55790,Taquaritinga Do Norte,PE,-7.9109,-36.0716
55800,Nazare Da Mata,PE,-7.7435,-35.2271
55805,Tracunhaem,PE,-7.8021,-35.2364
55811,Carpina,PE,-7.8443,-35.2465
55813,Carpina,PE,-7.8497,-35.259
55814,Carpina,PE,-7.8459,-35.2639
55815,Carpina,PE,-7.8418,-35.255
55816,Carpina,PE,-7.8433,-35.2633
55817,Carpina,PE,-7.8378,-35.2483
55818,Carpina,PE,-7.8494,-35.2522
55819,Carpina,PE,-7.8435,-35.2346
55820,Lagoa Do Carro,PE,-7.8427,-35.3114
55825,Paudalho,PE,-7.8943,-35.1786
55835,Cha De Alegria,PE,-7.9971,-35.2107
55840,Lagoa Do Itaenga,PE,-7.9299,-35.2935
55845,Buenos Aires,PE,-7.7244,-35.3273
55850,Vicencia,PE,-7.6575,-35.3213
55860,Sao Vicente Ferrer,PE,-7.5948,-35.4878
55863,Macaparana,PE,-7.5512,-35.4514
55865,Macaparana,PE,-7.5535,-35.4505
55870,Timbauba,PE,-7.5119,-35.3168
55880,Ferreiros,PE,-7.4489,-35.2428
55890,Alianca,PE,-7.5951,-35.2228
55900,Goiana,PE,-7.5624,-34.9994
55920,Itambe,PE,-7.4096,-35.1148
55930,Camutanga,PE,-7.4083,-35.273
55940,Condado,PE,-7.5877,-35.1023
55950,Itaquitinga,PE,-7.6667,-35.1028
56000,Salgueiro,PE,-8.071,-39.1235
56120,Verdejante,PE,-7.9338,-38.9706
56130,Cedro,PE,-7.7193,-39.2374
56140,Serrita,PE,-7.9457,-39.2965
56150,Moreilandia,PE,-7.618,-39.543
56160,Granito,PE,-7.7124,-39.6247
56163,Parnamirim,PE,-8.0916,-39.5803
56170,Oroco,PE,-8.6171,-39.6018
56180,Cabrobo,PE,-8.5067,-39.3091
56190,Terra Nova,PE,-8.2286,-39.3768
56200,Ouricuri,PE,-7.8876,-40.0843
56210,Santa Filomena,PE,-8.1887,-40.66
56215,Santa Cruz,PE,-8.2398,-40.3326
56220,Bodoco,PE,-7.7787,-39.937
56230,Exu,PE,-7.5252,-39.7284
56250,Trindade,PE,-7.7607,-40.2683
56260,Ipubi,PE,-7.6474,-40.1524
56280,Araripina,PE,-7.5777,-40.5014
56302,Petrolina,PE,-9.3985,-40.4949
56304,Petrolina,PE,-9.3936,-40.5008
56306,Petrolina,PE,-9.3879,-40.5118
56308,Petrolina,PE,-9.395,-40.5137
56309,Petrolina,PE,-9.3742,-40.5369
56310,Petrolina,PE,-9.3813,-40.5323
56312,Petrolina,PE,-9.3877,-40.5444
56313,Petrolina,PE,-9.3689,-40.538
56314,Petrolina,PE,-9.3694,-40.5362
56316,Petrolina,PE,-9.3585,-40.5363
56317,Petrolina,PE,-9.3623,-40.5488
56318,Petrolina,PE,-9.3789,-40.5186
56319,Petrolina,PE,-9.3784,-40.5116
56320,Petrolina,PE,-9.369,-40.491
56321,Petrolina,PE,-9.3694,-40.5078
56322,Petrolina,PE,-9.3596,-40.4992
56323,Petrolina,PE,-9.3591,-40.4979
56326,Petrolina,PE,-9.3591,-40.4862
56327,Petrolina,PE,-9.3814,-40.5012
56328,Petrolina,PE,-9.389,-40.489
56330,Petrolina,PE,-9.3836,-40.4956
56331,Petrolina,PE,-9.3744,-40.5151
56332,Petrolina,PE,-9.3876,-40.467
56345,Rajada,PE,-9.3799,-40.5388
56355,Dormentes,PE,-8.4462,-40.7679
56360,Afranio,PE,-8.5276,-41.0206
56380,Santa Maria Da Boa Vista,PE,-8.7926,-39.8267
56395,Lagoa Grande,PE,-9.0005,-40.2634
56400,Floresta,PE,-8.5978,-38.5698
56420,Carnaubeira Da Penha,PE,-8.3209,-38.7432
56430,Itacuruba,PE,-8.7274,-38.6879
56440,Belém Do São Francisco,PE,-8.7344,-38.9608
56460,Petrolandia,PE,-8.978,-38.2212
56470,Jatoba,PE,-9.1799,-38.2554
56480,Tacaratu,PE,-9.1041,-38.1287
56485,Tacaratu,PE,-9.1054,-38.1451
56502,Arcoverde,PE,-8.4086,-37.0802
56503,Arcoverde,PE,-8.4126,-37.0631
56504,Arcoverde,PE,-8.416,-37.0545
56505,Arcoverde,PE,-8.4177,-37.0508
56506,Arcoverde,PE,-8.4199,-37.0567
56509,Arcoverde,PE,-8.4236,-37.0598
56510,Arcoverde,PE,-8.4245,-37.0583
56511,Arcoverde,PE,-8.4288,-37.0596
56512,Arcoverde,PE,-8.4147,-37.0688
56515,Arcoverde,PE,-8.4175,-37.0486
56516,Arcoverde,PE,-8.4333,-37.0691
56517,Arcoverde,PE,-8.4163,-37.0448
56519,Arcoverde,PE,-8.4173,-37.0409
56520,Buique,PE,-8.6206,-37.1494
56540,Tupanatinga,PE,-8.7514,-37.3407
56550,Itaiba,PE,-8.9458,-37.4198
56560,Inaja,PE,-8.9021,-37.8254
56565,Manari,PE,-8.9629,-37.626
56580,Ibimirim,PE,-8.5412,-37.691
56600,Sertania,PE,-8.0761,-37.2718
56640,Custodia,PE,-8.089,-37.6442
56670,Betania,PE,-8.2492,-38.024
56700,Sao Jose Do Egito,PE,-7.5866,-37.4643
56720,Itapetim,PE,-7.3786,-37.1918
56740,Brejinho,PE,-7.3494,-37.2859
56750,Santa Terezinha,PE,-7.3761,-37.4791
56760,Tuparetama,PE,-7.6057,-37.3146
56780,Tabira,PE,-7.5907,-37.5399
56795,Solidao,PE,-7.6005,-37.6513
56800,Afogados Da Ingazeira,PE,-7.7598,-37.5602
56820,Caraiba,PE,-7.8051,-37.7935
56825,Ibitiranga,PE,-7.6674,-37.6893
56828,Quixada,PE,-7.7183,-37.85
56830,Ingazeira,PE,-7.6776,-37.4596
56840,Iguaraci,PE,-7.8354,-37.491
56848,Jabitaca,PE,-8.115,-36.2167
56850,Flores,PE,-7.8914,-37.9302
56870,Triunfo,PE,-7.8366,-38.1023
56895,Santa Cruz Da Baixa Verde,PE,-7.8204,-38.1534
56903,Serra Talhada,PE,-7.988,-38.295
56906,Serra Talhada,PE,-7.9847,-38.3047
56909,Serra Talhada,PE,-7.9817,-38.2848
56912,Serra Talhada,PE,-7.9904,-38.2893
56915,Serra Talhada,PE,-7.9982,-38.3039
56930,Calumbi,PE,-7.9393,-38.1533
56950,Sao Jose Do Belmonte,PE,-7.8658,-38.759
56980,Mirandiba,PE,-8.1256,-38.7293
57000,Maceió,AL,-9.6386,-35.7102
57010,Maceio,AL,-9.6687,-35.7557
57014,Maceio,AL,-9.6584,-35.7567
57015,Maceio,AL,-9.6539,-35.7577
57017,Maceio,AL,-9.637,-35.7474
57018,Maceio,AL,-9.6174,-35.7539
57020,Maceio,AL,-9.6378,-35.7409
57022,Maceio,AL,-9.6588,-35.7274
57025,Maceio,AL,-9.6602,-35.722
57030,Maceio,AL,-9.6654,-35.7147
57031,Maceio,AL,-9.6485,-35.7163
57035,Maceio,AL,-9.657,-35.7067
57036,Maceio,AL,-9.6477,-35.7062
57037,Maceio,AL,-9.6446,-35.7099
57038,Maceio,AL,-9.6268,-35.699
57039,Maceio,AL,-9.5783,-35.6604
57040,Maceio,AL,-9.6409,-35.7241
57041,Maceio,AL,-9.6259,-35.7186
57042,Maceio,AL,-9.6181,-35.7292
57043,Maceio,AL,-9.6346,-35.7263
57044,Maceio,AL,-9.6183,-35.706
57045,Maceio,AL,-9.6128,-35.7242
57046,Maceio,AL,-9.6065,-35.7229
57048,Maceio,AL,-9.5907,-35.7411
57050,Maceio,AL,-9.6428,-35.7332
57051,Maceio,AL,-9.655,-35.7344
57052,Maceio,AL,-9.6244,-35.7338
57055,Maceio,AL,-9.6355,-35.7398
57057,Maceio,AL,-9.6277,-35.7413
57060,Maceio,AL,-9.5867,-35.7706
57061,Maceio,AL,-9.5921,-35.7632
57062,Maceio,AL,-9.6058,-35.758
57063,Maceio,AL,-9.6024,-35.7696
57070,Maceio,AL,-9.5947,-35.7829
57071,Maceio,AL,-9.5871,-35.7732
57072,Maceio,AL,-9.5583,-35.7716
57073,Maceio,AL,-9.5587,-35.7607
57074,Maceio,AL,-9.553,-35.7468
57075,Maceio,AL,-9.5572,-35.7834
57080,Maceio,AL,-9.5958,-35.7488
57081,Maceio,AL,-9.5751,-35.7568
57082,Maceio,AL,-9.581,-35.7577
57083,Maceio,AL,-9.5615,-35.7463
57084,Maceio,AL,-9.5575,-35.7295
57085,Maceio,AL,-9.5586,-35.7391
57086,Maceio,AL,-9.6316,-35.7331
57100,Rio Largo,AL,-9.4972,-35.8333
57120,Satuba,AL,-9.5697,-35.8258
57130,Santa Luzia Do Norte,AL,-9.6011,-35.8239
57140,Coqueiro Seco,AL,-9.6377,-35.791
57150,Pilar,AL,-9.5999,-35.9567
57160,Marechal Deodoro,AL,-9.7319,-35.8591
57180,Barra De Sao Miguel,AL,-9.8386,-35.8962
57200,Penedo,AL,-10.2864,-36.5683
57210,Piacabucu,AL,-10.402,-36.42
57220,Feliz Deserto,AL,-10.2942,-36.3086
57230,Coruripe,AL,-10.1255,-36.1749
57235,Poxim,AL,-10.0556,-36.0526
57240,Sao Miguel Dos Campos,AL,-9.7816,-36.0985
57241,Sao Miguel Dos Campos,AL,-9.7831,-36.1019
57242,São Miguel Dos Campos,AL,-9.7833,-36.0915
57244,Jequia Da Praia,AL,-10.0114,-36.0232
57245,Sao Miguel Dos Campos,AL,-9.8006,-36.1079
57246,Sao Miguel Dos Campos,AL,-9.8627,-35.9729
57250,Campo Alegre,AL,-9.7843,-36.3499
57254,Campo Alegre,AL,-9.7812,-36.3514
57255,Jequia Da Praia,AL,-19.9054,-43.9483
57257,Roteiro,AL,-9.8335,-35.9777
57258,Campo Alegre,AL,-9.7563,-36.2349
57260,Limoeiro De Anadia,AL,-9.6253,-36.0224
57265,Teotonio Vilela,AL,-9.9113,-36.3563
57270,Junqueiro,AL,-9.8887,-36.4684
57275,Sao Sebastiao,AL,-9.939,-36.551
57280,Igreja Nova,AL,-10.1278,-36.6561
57290,Porto Real Do Colegio,AL,-10.1494,-36.7846
57300,Arapiraca,AL,-9.752,-36.6612
57301,Arapiraca,AL,-9.7663,-36.6484
57302,Arapiraca,AL,-9.7618,-36.6372
57303,Arapiraca,AL,-9.7803,-36.6381
57304,Arapiraca,AL,-9.7623,-36.6619
57305,Arapiraca,AL,-9.7505,-36.6703
57306,Arapiraca,AL,-9.7424,-36.6689
57307,Arapiraca,AL,-9.7322,-36.6736
57308,Arapiraca,AL,-9.7267,-36.6673
57309,Arapiraca,AL,-9.7215,-36.6799
57310,Arapiraca,AL,-9.7368,-36.6628
57311,Arapiraca,AL,-9.7421,-36.6564
57312,Arapiraca,AL,-9.7449,-36.6523
57313,Arapiraca,AL,-9.7541,-36.6506
57314,Arapiraca,AL,-9.7486,-36.6433
57315,Arapiraca,AL,-9.7342,-36.6437
57316,Arapiraca,AL,-9.7598,-36.6467
57317,Arapiraca,AL,-9.7974,-36.6252
57319,Vila Sao Francisco,AL,-23.2582,-47.3074
57320,Craibas,AL,-9.6176,-36.7676
57325,Coite Do Noia,AL,-9.6369,-36.5796
57330,Lagoa Da Canoa,AL,-9.8275,-36.7418
57340,Feira Grande,AL,-9.9005,-36.6757
57350,Campo Grande,AL,-9.9596,-36.79
57360,Girau Do Ponciano,AL,-9.8842,-36.8248
57370,Traipu,AL,-9.9679,-37.0029
57380,Sao Bras,AL,-10.1264,-36.8988
57390,Olho D'Agua Grande,AL,-10.0574,-36.8127
57400,Pao De Acucar,AL,-9.7475,-37.4361
57410,Palestina,AL,-9.6721,-37.33
57420,Batalha,AL,-9.6744,-37.1275
57425,Jaramataia,AL,-9.6597,-37.0016
57430,Jacare Dos Homens,AL,-9.6343,-37.2061
57440,Monteiropolis,AL,-9.6031,-37.2477
57442,Olho D'Agua Das Flores,AL,-9.534,-37.2948
57445,Sao Jose Da Tapera,AL,-9.5592,-37.382
57460,Piranhas,AL,-9.6114,-37.7591
57470,Olho D'Água Do Casado,AL,-9.5016,-37.8321
57475,Pariconha,AL,-9.2593,-38.006
57480,Delmiro Gouveia,AL,-9.3825,-38.0106
57490,Agua Branca,AL,-9.2621,-37.9351
57500,Santana Do Ipanema,AL,-9.3731,-37.2463
57510,Poco Das Trincheiras,AL,-9.3034,-37.3006
57515,Senador Rui Palmeira,AL,-9.4678,-37.4563
57520,Maravilha,AL,-9.2335,-37.3589
57525,Ouro Branco,AL,-9.162,-37.3577
57530,Canapi,AL,-9.1159,-37.6068
57535,Carneiros,AL,-9.4843,-37.3745
57540,Mata Grande,AL,-9.1178,-37.7422
57545,Inhapi,AL,-9.2223,-37.7483
57550,Olivenca,AL,-9.5146,-37.1894
57560,Dois Riachos,AL,-9.3871,-37.0892
57570,Cacimbinhas,AL,-9.4012,-36.9827
57580,Major Isidoro,AL,-9.5398,-37.015
57600,Palmeira Dos Indios,AL,-9.4056,-36.6295
57601,Palmeira Dos Indios,AL,-9.4135,-36.6364
57602,Palmeira Dos Indios,AL,-9.4115,-36.6232
57603,Palmeira Dos Indios,AL,-9.4177,-36.6294
57604,Palmeira Dos Indios,AL,-9.4283,-36.6284
57605,Palmeira Dos Indios,AL,-9.4159,-36.6222
57606,Palmeira Dos Indios,AL,-9.4111,-36.6519
57607,Palmeira Dos Indios,AL,-9.4173,-36.6439
57608,Palmeira Dos Indios,AL,-9.41,-36.6474
57620,Igaci,AL,-9.5383,-36.6312
57625,Estrela De Alagoas,AL,-9.3888,-36.7606
57630,Belem,AL,-9.5834,-36.4702
57635,Tanque D'Arca,AL,-9.5346,-36.4339
57640,Taquarana,AL,-9.6474,-36.494
57660,Anadia,AL,-9.684,-36.3033
57670,Maribondo,AL,-9.5759,-36.3035
57680,Boca Da Mata,AL,-9.6442,-36.2137
57690,Atalaia,AL,-9.5067,-36.0149
57700,Vicosa,AL,-9.3733,-36.2455
57720,Pindoba,AL,-9.475,-36.289
57730,Mar Vermelho,AL,-9.4512,-36.3877
57740,Paulo Jacinto,AL,-9.3686,-36.3715
57750,Quebrangulo,AL,-9.3167,-36.4668
57760,Cha Preta,AL,-9.2569,-36.2976
57770,Cajueiro,AL,-9.3988,-36.147
57780,Capela,AL,-9.4121,-36.0817
57800,Uniao Dos Palmares,AL,-9.1572,-36.027
57820,Murici,AL,-9.3105,-35.9452
57830,Branquinha,AL,-9.2469,-36.0144
57840,Santana Do Mundau,AL,-9.1665,-36.2185
57860,Sao Jose Da Laje,AL,-9.0076,-36.0577
57890,Ibateguara,AL,-8.9686,-35.9259
57900,Porto Calvo,AL,-9.0537,-35.3982
57910,Matriz De Camaragibe,AL,-9.1566,-35.5329
57920,Sao Luis Do Quitunde,AL,-9.3134,-35.5676
57925,Barra De Santo Antonio,AL,-9.4085,-35.5089
57930,Passo De Camaragibe,AL,-9.2506,-35.4862
57935,Paripueira,AL,-9.4627,-35.547
57940,Sao Miguel Dos Milagres,AL,-9.261,-35.3802
57945,Porto De Pedras,AL,-9.1562,-35.3099
57950,Japaratinga,AL,-9.0985,-35.2662
57955,Maragogi,AL,-9.0077,-35.22
57960,Jacuipe,AL,-8.8423,-35.4573
57965,Jundia,AL,-8.9408,-35.5545
57968,Campestre,AL,-8.8513,-35.5673
57970,Novo Lino,AL,-8.9419,-35.6636
57975,Colonia Leopoldina,AL,-8.9189,-35.7299
57980,Joaquim Gomes,AL,-9.1382,-35.7561
57990,Messias,AL,-9.3895,-35.8397
57995,Flexeiras,AL,-9.2759,-35.7266
58010,Joao Pessoa,PB,-7.1204,-34.885
58011,Joao Pessoa,PB,-7.1281,-34.8919
58013,Joao Pessoa,PB,-7.1223,-34.8773
58015,Joao Pessoa,PB,-7.1339,-34.8773
58020,Joao Pessoa,PB,-7.1135,-34.8765
58025,Joao Pessoa,PB,-7.1118,-34.8654
58026,Joao Pessoa,PB,-7.1069,-34.8685
58027,Joao Pessoa,PB,-7.1008,-34.8646
58028,Joao Pessoa,PB,-7.1025,-34.8537
58030,Joao Pessoa,PB,-7.1147,-34.8556
58031,Joao Pessoa,PB,-7.114,-34.8476
58032,Joao Pessoa,PB,-7.1177,-34.8359
58033,Joao Pessoa,PB,-7.1148,-34.8398
58034,Joao Pessoa,PB,-7.1076,-34.8422
58035,Joao Pessoa,PB,-7.0684,-34.8424
58036,Joao Pessoa,PB,-7.095,-34.8433
58037,Joao Pessoa,PB,-7.0855,-34.8362
58038,Joao Pessoa,PB,-7.1051,-34.8345
58039,Joao Pessoa,PB,-7.1156,-34.8274
58040,Joao Pessoa,PB,-7.126,-34.8632
58041,Joao Pessoa,PB,-7.123,-34.8534
58042,Joao Pessoa,PB,-7.1216,-34.8464
58043,Joao Pessoa,PB,-7.1225,-34.8351
58045,Joao Pessoa,PB,-7.1286,-34.8231
58046,Joao Pessoa,PB,-7.145,-34.8244
58047,Joao Pessoa,PB,-7.1626,-34.7993
58050,Joao Pessoa,PB,-7.1319,-34.8467
58051,Joao Pessoa,PB,-7.1473,-34.8396
58052,Joao Pessoa,PB,-7.1558,-34.8368
58053,Joao Pessoa,PB,-7.1529,-34.8509
58055,Joao Pessoa,PB,-7.1684,-34.8417
58056,Joao Pessoa,PB,-7.1752,-34.8412
58057,Joao Pessoa,PB,-7.1834,-34.8413
58058,Joao Pessoa,PB,-7.1672,-34.8303
58059,Joao Pessoa,PB,-7.1787,-34.8274
58062,Joao Pessoa,PB,-7.205,-34.8376
58063,Joao Pessoa,PB,-7.2004,-34.8516
58064,Joao Pessoa,PB,-7.1946,-34.8449
58065,Joao Pessoa,PB,-7.2002,-34.8574
58066,Joao Pessoa,PB,-7.2149,-34.8363
58067,Joao Pessoa,PB,-7.2118,-34.8504
58068,Joao Pessoa,PB,-7.1986,-34.8658
58069,Joao Pessoa,PB,-7.1702,-34.877
58070,Joao Pessoa,PB,-7.1524,-34.8775
58071,Joao Pessoa,PB,-7.1627,-34.8703
58073,Joao Pessoa,PB,-7.1677,-34.8559
58074,Joao Pessoa,PB,-7.1747,-34.8571
58075,Joao Pessoa,PB,-7.1793,-34.8696
58076,Joao Pessoa,PB,-7.1755,-34.8802
58077,Joao Pessoa,PB,-7.1827,-34.8623
58078,Joao Pessoa,PB,-7.1803,-34.8825
58079,Joao Pessoa,PB,-7.1847,-34.8842
58080,Joao Pessoa,PB,-7.173,-34.8906
58081,Joao Pessoa,PB,-7.1774,-34.891
58082,Joao Pessoa,PB,-7.1724,-34.8999
58083,Joao Pessoa,PB,-7.1779,-34.9253
58084,Joao Pessoa,PB,-7.1671,-34.91
58085,Joao Pessoa,PB,-7.1443,-34.8881
58086,Joao Pessoa,PB,-7.1526,-34.891
58087,Joao Pessoa,PB,-7.1609,-34.8905
58088,Joao Pessoa,PB,-7.1556,-34.9013
58090,Joao Pessoa,PB,-7.1374,-34.9099
58100,Cabedelo,PB,-6.9729,-34.8342
58101,Cabedelo,PB,-7.0177,-34.8323
58102,Cabedelo,PB,-7.0454,-34.8421
58103,Cabedelo,PB,-7.0077,-34.9189
58105,Cabedelo,PB,-7.0203,-34.8406
58106,Campina Grande,PB,-7.2367,-35.8935
58107,Campina Grande,PB,-7.2402,-35.9236
58108,Cabedelo,PB,-7.09,-35.1076
58109,Campina Grande,PB,-7.2264,-35.9261
58115,Puxinana,PB,-7.1471,-35.9614
58117,Lagoa Seca,PB,-7.1593,-35.8562
58119,Sao Sebastiao De Lagoa De Roca,PB,-7.1032,-35.8675
58120,Massaranduba,PB,-7.1791,-35.7334
58123,Boa Vista,PB,-7.2644,-36.2415
58125,Alagoa Nova,PB,-7.062,-35.7644
58128,Matinhas,PB,-7.1225,-35.7707
58135,Esperanca,PB,-7.0187,-35.8593
58140,Areial,PB,-7.0486,-35.9242
58145,Montadas,PB,-7.0869,-35.9592
58150,Pocinhos,PB,-7.0787,-36.0597
58155,Soledade,PB,-7.0588,-36.3635
58167,Cubati,PB,-6.8635,-36.3549
58170,Barra De Santa Rosa,PB,-6.723,-36.0564
58173,Damiao,PB,-6.6317,-35.9076
58175,Cuite,PB,-6.4849,-36.1518
58177,Sossego,PB,-6.7647,-36.2469
58178,Nova Floresta,PB,-6.4555,-36.2059
58180,Pedra Lavrada,PB,-6.7576,-36.4676
58184,Nova Palmeira,PB,-6.6791,-36.4198
58187,Picui,PB,-6.5065,-36.3447
58188,Barauna,PB,-6.6449,-36.2482
58195,Frei Martinho,PB,-6.4028,-36.4516
58200,Guarabira,PB,-6.8521,-35.4909
58208,Cuitegi,PB,-6.8963,-35.5246
58210,Piloezinhos,PB,-6.8433,-35.529
58213,Pirpirituba,PB,-6.7798,-35.4971
58220,Bananeiras,PB,-6.7481,-35.6314
58225,Solanea,PB,-6.7595,-35.6575
58228,Dona Inês,PB,-6.6042,-35.6276
58230,Cacimba De Dentro,PB,-6.6416,-35.7917
58233,Araruna,PB,-6.5341,-35.7433
58238,Casserengue,PB,-6.7805,-35.8192
58250,Lagoa De Dentro,PB,-6.6735,-35.3751
58253,Caicara,PB,-6.6176,-35.469
58254,Logradouro,PB,-6.5736,-35.4377
58255,Belem,PB,-6.6981,-35.537
58260,Serra Da Raiz,PB,-6.6886,-35.4333
58265,Duas Estradas,PB,-6.6885,-35.4189
58268,Sertaozinho,PB,-6.7522,-35.4398
58270,Aracagi,PB,-6.8512,-35.3808
58273,Pedro Regis,PB,-6.6445,-35.2916
58275,Itapororoca,PB,-6.8295,-35.2468
58278,Jacarau,PB,-6.6133,-35.2917
58280,Mamanguape,PB,-6.8372,-35.1269
58286,Duas Estradas,PB,-6.7114,-35.4012
58287,Capim,PB,-6.8987,-35.1994
58289,Cuite De Mamanguape,PB,-6.9136,-35.2442
58291,Curral De Cima,PB,-6.719,-35.266
58292,Mataraca,PB,-6.5958,-35.056
58297,Rio Tinto,PB,-6.8034,-35.0767
58300,Santa Rita,PB,-7.1238,-34.9788
58301,Santa Rita,PB,-7.132,-34.9812
58302,Santa Rita,PB,-7.1519,-34.9663
58303,Santa Rita,PB,-7.1518,-34.9718
58304,Varzea Nova,PB,-7.1257,-34.9519
58305,Bayeux,PB,-7.1283,-34.9132
58306,Bayeux,PB,-7.1252,-34.9212
58307,Bayeux,PB,-7.1282,-34.9341
58308,Bayeux,PB,-7.1338,-34.9345
58309,Bayeux,PB,-7.1366,-34.9236
58310,Cabedelo,PB,-7.0157,-34.8391
58315,Lucena,PB,-6.9327,-34.8649
58320,Alhandra,PB,-7.434,-34.9104
58322,Conde,PB,-7.2815,-34.8325
58324,Pitimbu,PB,-7.4908,-34.8129
58326,Caapora,PB,-7.5175,-34.9153
58328,Pedras De Fogo,PB,-7.402,-35.1152
58330,Juripiranga,PB,-7.3733,-35.2385
58334,Sao Miguel De Taipu,PB,-7.2496,-35.2106
58337,Cruz Do Espirito Santo,PB,-7.1403,-35.09
58338,Pilar,PB,-7.2624,-35.2604
58339,São José Dos Ramos,PB,-7.2471,-35.3805
58340,Sape,PB,-7.0926,-35.2315
58342,Sobrado,PB,-7.1475,-35.2375
58345,Mari,PB,-7.0588,-35.3167
58350,Caldas Brandao,PB,-7.162,-35.35
58354,Mulungu,PB,-7.0312,-35.4652
58356,Gurinhem,PB,-7.125,-35.4242
58360,Itabaiana,PB,-7.3315,-35.3361
58370,Salgado De Sao Felix,PB,-7.3808,-35.4501
58375,Mogeiro,PB,-7.3048,-35.4776
58378,Itatuba,PB,-7.3778,-35.6289
58380,Inga,PB,-7.2901,-35.6061
58382,Riachao Do Bacamarte,PB,-7.2476,-35.6662
58385,Serra Redonda,PB,-7.1853,-35.6804
58387,Juarez Tavora,PB,-7.1758,-35.5893
58388,Alagoa Grande,PB,-7.0418,-35.6322
58390,Alagoinha,PB,-6.9493,-35.5454
58393,Piloes,PB,-6.8668,-35.6113
58395,Serraria,PB,-6.819,-35.642
58396,Arara,PB,-6.8277,-35.7604
58397,Areia,PB,-6.9667,-35.7025
58398,Remigio,PB,-6.9651,-35.7951
58399,Algodão De Jandaíra,PB,-6.9041,-36.0112
58400,Campina Grande,PB,-7.2195,-35.8901
58401,Campina Grande,PB,-7.2093,-35.8831
58402,Campina Grande,PB,-7.2085,-35.8745
58403,Campina Grande,PB,-7.2075,-35.8888
58404,Campina Grande,PB,-7.2004,-35.8995
58406,Campina Grande,PB,-7.2164,-35.8696
58407,Campina Grande,PB,-7.228,-35.8697
58408,Campina Grande,PB,-7.2436,-35.8662
58410,Campina Grande,PB,-7.2397,-35.8789
58411,Campina Grande,PB,-7.2546,-35.8809
58414,Campina Grande,PB,-7.2394,-35.8944
58415,Campina Grande,PB,-7.2493,-35.8995
58416,Campina Grande,PB,-7.2343,-35.9022
58417,Campina Grande,PB,-7.2487,-35.9116
58418,Campina Grande,PB,-7.2598,-35.908
58420,Campina Grande,PB,-7.272,-35.9146
58421,Campina Grande,PB,-7.2697,-35.9225
58423,Campina Grande,PB,-7.2508,-35.922
58424,Campina Grande,PB,-7.2709,-35.9364
58428,Campina Grande,PB,-7.2233,-35.9037
58429,Campina Grande,PB,-7.2178,-35.9096
58430,Campina Grande,PB,-7.2239,-35.9149
58431,Campina Grande,PB,-7.2087,-35.9239
58432,Campina Grande,PB,-7.2427,-35.9214
58433,Campina Grande,PB,-7.2301,-35.9253
58434,Campina Grande,PB,-7.2417,-35.9279
58436,Campina Grande,PB,-7.2071,-35.9429
58437,Campina Grande,PB,-7.2105,-35.9297
58441,Campina Grande,PB,-7.1104,-36.274
58450,Boqueirao,PB,-7.482,-36.1321
58458,Barra De Santana,PB,-7.5233,-35.9989
58460,Alcantil,PB,-7.7432,-36.063
58463,Santa Cecilia,PB,-7.7441,-35.8834
58465,Riacho De Santo Antonio,PB,-7.6966,-36.1472
58475,Queimadas,PB,-7.3619,-35.8992
58480,Cabaceiras,PB,-7.4897,-36.2881
58483,Barra De Sao Miguel,PB,-7.7522,-36.3184
58485,Sao Domingos Do Cariri,PB,-7.6339,-36.4348
58487,Fagundes,PB,-7.3587,-35.7854
58489,Aroeiras,PB,-7.5462,-35.7073
58494,Natuba,PB,-7.642,-35.5513
58497,Umbuzeiro,PB,-7.6956,-35.6652
58500,Monteiro,PB,-7.8929,-37.1224
58515,Zabele,PB,-8.0767,-37.0973
58520,Sao Joao Do Tigre,PB,-8.0826,-36.8514
58530,Camalau,PB,-7.8907,-36.8249
58533,Pindurão,PB,-6.9822,-34.8302
58535,Congo,PB,-7.796,-36.6611
58540,Sume,PB,-7.6705,-36.8809
58548,Amparo,PB,-7.5672,-37.0609
58550,Prata,PB,-7.6953,-37.0834
58560,Ouro Velho,PB,-7.6224,-37.1503
58570,Sao Jose Dos Cordeiros,PB,-7.4017,-36.817
58575,Parari,PB,-7.3175,-36.6546
58580,Serra Branca,PB,-7.4946,-36.6763
58582,Santa Luzia Do Cariri,PB,-7.6064,-36.8161
58588,Coxixola,PB,-7.6297,-36.6044
58590,Sao Joao Do Cariri,PB,-7.3903,-36.5318
58600,Santa Luzia,PB,-6.8722,-36.9175
58610,Sao Jose Do Sabugi,PB,-6.7751,-36.7989
58620,Varzea,PB,-6.7708,-36.9913
58625,São Mamede,PB,-6.9274,-37.0968
58640,Junco Do Serido,PB,-6.9944,-36.7135
58660,Juazeirinho,PB,-7.07,-36.5786
58665,Tenorio,PB,-6.9411,-36.6279
58670,Gurjao,PB,-7.2464,-36.4874
58675,Santo Andre,PB,-7.2212,-36.6336
58680,Taperoa,PB,-7.2088,-36.8235
58685,Assuncao,PB,-7.0771,-36.7322
58690,Livramento,PB,-7.378,-36.9445
58695,Desterro,PB,-7.2893,-37.0891
58698,Cacimbas,PB,-7.2114,-37.0591
58700,Patos,PB,-7.0264,-37.276
58701,Patos,PB,-7.035,-37.2842
58703,Patos,PB,-7.0272,-37.2878
58704,Patos,PB,-7.0173,-37.2844
58705,Patos,PB,-7.0081,-37.2885
58706,Patos,PB,-7.0171,-37.2751
58707,Patos,PB,-7.0481,-37.274
58708,Patos,PB,-7.0762,-37.2869
58710,Vista Serrana,PB,-6.7406,-37.569
58713,Malta,PB,-6.907,-37.5211
58714,Condado,PB,-6.908,-37.6031
58715,Catingueira,PB,-7.1242,-37.6075
58720,Santa Teresinha,PB,-7.0847,-37.4449
58723,Sao Jose De Espinharas,PB,-6.8453,-37.3253
58725,Sao Jose Do Bonfim,PB,-7.1605,-37.3072
58732,Areia De Baraunas,PB,-7.124,-36.9464
58734,Teixeira,PB,-7.2214,-37.2514
58735,Teixeira,PB,-7.2235,-37.2534
58737,Matureia,PB,-7.2658,-37.3415
58740,Mae D'Agua,PB,-7.2449,-37.4181
58745,Imaculada,PB,-7.3871,-37.5084
58748,Agua Branca,PB,-7.5154,-37.6398
58750,Juru,PB,-7.537,-37.8185
58753,Tavares,PB,-7.6353,-37.8779
58755,Princesa Isabel,PB,-7.7363,-37.99
58758,Sao Jose De Princesa,PB,-7.7405,-38.0982
58760,Olho D'Agua,PB,-7.2291,-37.7493
58765,Pianco,PB,-7.1987,-37.9249
58770,Coremas,PB,-7.0183,-37.9443
58775,Igaracy,PB,-7.1791,-38.1494
58778,Aguiar,PB,-7.093,-38.1718
58780,Itaporanga,PB,-7.3057,-38.1517
58784,Sao Jose De Caiana,PB,-7.2516,-38.2989
58790,Pedra Branca,PB,-7.4285,-38.0705
58795,Santana Dos Garrotes,PB,-7.3874,-37.9894
58798,Nova Olinda,PB,-7.4785,-38.0405
58800,Sousa,PB,-6.7612,-38.2296
58801,Sousa,PB,-6.7552,-38.224
58802,Sousa,PB,-6.7606,-38.226
58804,Sousa,PB,-6.7707,-38.227
58805,Sousa,PB,-6.7744,-38.235
58806,Sousa,PB,-6.7509,-38.239
58807,Sousa,PB,-6.766,-38.2336
58808,Sousa,PB,-6.7729,-38.2384
58815,Sao Jose Da Lagoa Tapada,PB,-6.9323,-37.9798
58817,Nazarezinho,PB,-6.915,-38.325
58818,Sao Francisco,PB,-6.6182,-38.0963
58819,Marizopolis,PB,-6.8435,-38.3473
58820,Lastro,PB,-6.5204,-38.1793
58823,Aparecida,PB,-6.7858,-38.0835
58824,Santa Cruz,PB,-6.552,-38.077
58830,Jerico,PB,-6.5531,-37.8057
58832,Mato Grosso,PB,-6.5408,-37.7117
58835,Lagoa,PB,-6.5905,-37.9156
58840,Pombal,PB,-6.7675,-37.7958
58857,Sao Bentinho,PB,-6.8913,-37.7254
58860,Paulista,PB,-6.5984,-37.6231
58865,Sao Bento,PB,-6.4918,-37.4519
58870,Riacho Dos Cavalos,PB,-6.4386,-37.6517
58880,Brejo Dos Santos,PB,-6.3769,-37.8254
58884,Catole Do Rocha,PB,-6.3548,-37.7216
58887,Bom Sucesso,PB,-6.4461,-37.9278
58890,Brejo Do Cruz,PB,-6.3475,-37.5
58893,Sao Jose Do Brejo Do Cruz,PB,-6.2122,-37.3552
58895,Belem Do Brejo Do Cruz,PB,-6.1883,-37.5357
58900,Cajazeiras,PB,-6.8877,-38.5589
58908,Poco De Jose De Moura,PB,-6.5751,-38.5121
58910,Sao Joao Do Rio Do Peixe,PB,-6.7488,-38.4414
58915,Uirauna,PB,-6.519,-38.4121
58920,Triunfo,PB,-6.5796,-38.5973
58922,Bernardino Batista,PB,-6.4525,-38.5519
58925,Santa Helena,PB,-6.7206,-38.6398
58928,Joca Claudino,PB,-6.4828,-38.4797
58930,Bom Jesus,PB,-6.8715,-38.6478
58933,Poco Dantas,PB,-6.4037,-38.4985
58935,Cachoeira Dos Indios,PB,-6.9264,-38.6797
58940,Sao Jose De Piranhas,PB,-7.1541,-38.4768
58945,Carrapateira,PB,-7.0377,-38.3447
58950,Monte Horebe,PB,-7.2126,-38.5858
58955,Serra Grande,PB,-7.2151,-38.3692
58960,Bonito De Santa Fe,PB,-7.3133,-38.5142
58970,Conceicao,PB,-7.557,-38.5066
58978,Santa Ines,PB,-7.6265,-38.5592
58980,Ibiara,PB,-7.5035,-38.4075
58985,Santana De Mangueira,PB,-7.5533,-38.3328
58993,Boa Ventura,PB,-7.4214,-38.2181
58994,Diamante,PB,-7.4263,-38.2626
58995,Manaira,PB,-7.7244,-38.1855
59010,Natal,RN,-5.771,-35.1996
59012,Natal,RN,-5.78,-35.2002
59014,Natal,RN,-5.7898,-35.1924
59015,Natal,RN,-5.8058,-35.1997
59020,Natal,RN,-5.7922,-35.2015
59022,Natal,RN,-5.802,-35.2067
59025,Natal,RN,-5.7871,-35.2067
59030,Natal,RN,-5.7978,-35.212
59031,Natal,RN,-5.7985,-35.2162
59032,Natal,RN,-5.8057,-35.2167
59035,Natal,RN,-5.8009,-35.2296
59037,Natal,RN,-5.8015,-35.2236
59040,Natal,RN,-5.7862,-35.2256
59042,Natal,RN,-5.7943,-35.2359
59050,Natal,RN,-5.8042,-35.2326
59052,Natal,RN,-5.8077,-35.2299
59054,Natal,RN,-5.8112,-35.2201
59056,Natal,RN,-5.8176,-35.2051
59060,Natal,RN,-5.8162,-35.2378
59062,Natal,RN,-5.816,-35.227
59063,Natal,RN,-5.8222,-35.2212
59064,Natal,RN,-5.8346,-35.2189
59065,Natal,RN,-5.8378,-35.219
59066,Natal,RN,-5.8517,-35.2176
59067,Natal,RN,-5.871,-35.2287
59068,Natal,RN,-5.8581,-35.2393
59069,Natal,RN,-5.8476,-35.2421
59070,Natal,RN,-5.8231,-35.2357
59071,Natal,RN,-5.8228,-35.2392
59072,Natal,RN,-5.8295,-35.2459
59073,Natal,RN,-5.8493,-35.2531
59074,Natal,RN,-5.8286,-35.2612
59075,Natal,RN,-5.8236,-35.2084
59076,Natal,RN,-5.8298,-35.2145
59077,Natal,RN,-5.8402,-35.2079
59078,Natal,RN,-5.8469,-35.2038
59080,Natal,RN,-5.8553,-35.2082
59082,Natal,RN,-5.8626,-35.196
59084,Natal,RN,-5.8696,-35.201
59086,Natal,RN,-5.8666,-35.2103
59088,Natal,RN,-5.8756,-35.2041
59090,Natal,RN,-5.8799,-35.1769
59091,Natal,RN,-5.8794,-35.1982
59092,Natal,RN,-5.88,-35.1806
59094,Natal,RN,-5.8715,-35.1839
59104,Natal,RN,-5.7704,-35.2594
59106,Natal,RN,-5.7704,-35.2697
59108,Natal,RN,-5.763,-35.2585
59110,Natal,RN,-5.7559,-35.2541
59112,Natal,RN,-5.7556,-35.2589
59114,Natal,RN,-5.7526,-35.2724
59115,Natal,RN,-5.7517,-35.2769
59120,Natal,RN,-5.7563,-35.2451
59122,Natal,RN,-5.7498,-35.2239
59123,Natal,RN,-5.7394,-35.2458
59124,Natal,RN,-5.7466,-35.2475
59125,Natal,RN,-5.7466,-35.2433
59127,Natal,RN,-5.7505,-35.2508
59129,Natal,RN,-5.7435,-35.2591
59131,Natal,RN,-5.7291,-35.2465
59132,Natal,RN,-5.7311,-35.2385
59133,Natal,RN,-5.7379,-35.2366
59135,Natal,RN,-5.73,-35.2522
59136,Natal,RN,-5.7231,-35.2494
59138,Natal,RN,-5.7344,-35.2635
59139,Natal,RN,-5.7295,-35.2661
59140,Parnamirim,RN,-5.9243,-35.2639
59141,Parnamirim,RN,-5.9211,-35.2755
59142,Parnamirim,RN,-5.9222,-35.2864
59143,Parnamirim,RN,-5.9293,-35.27
59144,Parnamirim,RN,-5.9443,-35.2854
59145,Parnamirim,RN,-5.9127,-35.2801
59146,Parnamirim,RN,-5.9071,-35.2616
59147,Parnamirim,RN,-5.8986,-35.2702
59148,Parnamirim,RN,-5.8854,-35.2328
59149,Parnamirim,RN,-5.8816,-35.2492
59150,Parnamirim,RN,-5.8783,-35.2138
59151,Parnamirim,RN,-5.8836,-35.2038
59152,Parnamirim,RN,-5.8866,-35.2082
59153,Parnamirim,RN,-5.8867,-35.1998
59154,Parnamirim,RN,-5.9061,-35.2041
59155,Parnamirim,RN,-5.9282,-35.2502
59156,Parnamirim,RN,-5.9409,-35.2519
59157,Parnamirim,RN,-5.9433,-35.2552
59158,Parnamirim,RN,-5.9234,-35.2194
59160,Parnamirim,RN,-5.9456,-35.1675
59161,Parnamirim,RN,-5.9591,-35.1457
59162,Sao Jose De Mipibu,RN,-6.0693,-35.2464
59164,Nisia Floresta,RN,-6.0593,-35.1581
59170,Arez,RN,-6.1988,-35.1644
59173,Goianinha,RN,-6.2688,-35.209
59178,Tibau Do Sul,RN,-6.2296,-35.0583
59179,Pipa,RN,-6.0263,-35.151
59180,Espirito Santo,RN,-6.3201,-35.3062
59182,Monte Alegre,RN,-6.0707,-35.3356
59184,Vera Cruz,RN,-6.0497,-35.4324
59185,Varzea,RN,-6.3444,-35.3724
59188,Jundia,RN,-6.2661,-35.3273
59190,Canguaretama,RN,-6.3864,-35.1333
59192,Vila Flor,RN,-6.3167,-35.0772
59194,Baia Formosa,RN,-6.37,-35.0061
59196,Pedro Velho,RN,-6.4357,-35.2194
59198,Montanhas,RN,-6.4885,-35.2874
59200,Santa Cruz,RN,-6.2278,-36.021
59210,Sao Bento Do Trairi,RN,-6.3415,-36.0851
59213,Japi,RN,-6.4666,-35.9462
59214,Serra De Sao Bento,RN,-6.418,-35.7086
59215,Nova Cruz,RN,-6.4801,-35.4328
59217,Monte Das Gameleiras,RN,-6.4401,-35.7844
59218,Passa E Fica,RN,-6.4348,-35.6415
59219,Brejinho,RN,-6.1884,-35.3565
59220,Coronel Ezequiel,RN,-6.3729,-36.1874
59225,Jacana,RN,-6.4301,-36.2032
59227,Lagoa D'Anta,RN,-6.3906,-35.5979
59230,Campo Redondo,RN,-6.2403,-36.184
59235,Lajes Pintadas,RN,-6.1481,-36.117
59240,Tangara,RN,-6.2013,-35.8047
59245,Serra Caiada,RN,-6.1063,-35.711
59247,Lagoa Salgada,RN,-6.1221,-35.4753
59250,Senador Eloi De Souza,RN,-6.0369,-35.6926
59255,Santo Antonio,RN,-6.312,-35.4805
59258,Serrinha,RN,-6.2789,-35.4957
59260,Boa Saude,RN,-6.1549,-35.6058
59270,Bom Jesus,RN,-5.9887,-35.5821
59275,Sao Jose Do Campestre,RN,-6.3195,-35.7112
59280,Macaiba,RN,-5.8568,-35.351
59290,Sao Goncalo Do Amarante,RN,-5.7767,-35.3006
59291,Sao Goncalo Do Amarante,RN,-5.7917,-35.3335
59293,São Gonçalo Do Amarante,RN,-5.7506,-35.2955
59295,Sao Goncalo Do Amarante,RN,-5.7718,-35.2801
59296,Sao Goncalo Do Amarante,RN,-5.7742,-35.2711
59297,Sao Goncalo Do Amarante,RN,-5.7892,-35.3078
59298,Sao Goncalo Do Amarante,RN,-5.7862,-35.296
59299,São Gonçalo do Amarante,RN,-5.7925,-35.3283
59300,Caico,RN,-6.4641,-37.0936
59310,Sao Joao Do Sabugi,RN,-6.7165,-37.2019
59315,Ipueira,RN,-6.8159,-37.1988
59318,Serra Negra Do Norte,RN,-6.6651,-37.3976
59320,Timbauba Dos Batistas,RN,-6.4642,-37.272
59324,Jardim De Piranhas,RN,-6.3793,-37.3497
59327,Sao Fernando,RN,-6.3774,-37.1862
59330,Jucurutu,RN,-6.0387,-37.0219
59335,Florania,RN,-6.1248,-36.814
59338,Tenente Laurentino Cruz,RN,-6.1475,-36.7173
59340,Sao Vicente,RN,-6.2183,-36.6826
59343,Jardim Do Serido,RN,-6.5878,-36.7742
59347,Ouro Branco,RN,-6.7038,-36.9454
59350,Santana Do Serido,RN,-6.7723,-36.7359
59355,Equador,RN,-6.9449,-36.7164
59360,Parelhas,RN,-6.6897,-36.6606
59370,Acari,RN,-6.4361,-36.6403
59374,Carnauba Dos Dantas,RN,-6.5569,-36.5925
59375,Cruzeta,RN,-6.4126,-36.7878
59378,Sao Jose Do Serido,RN,-6.4489,-36.8788
59380,Currais Novos,RN,-6.2593,-36.5188
59390,Lagoa Nova,RN,-6.0951,-36.4685
59395,Cerro Cora,RN,-6.0456,-36.3493
59400,Sao Tome,RN,-5.9742,-36.0752
59410,Barcelona,RN,-5.9491,-35.927
59420,Ruy Barbosa,RN,-5.8785,-35.9352
59430,Lagoa De Velhos,RN,-6.0003,-35.8695
59440,Sitio Novo,RN,-6.1075,-35.9138
59445,Serra Da Tapuia,RN,-6.0903,-35.9444
59460,Sao Paulo Do Potengi,RN,-5.8966,-35.7629
59464,Santa Maria,RN,-5.8408,-35.693
59470,Riachuelo,RN,-5.8104,-35.8232
59480,Sao Pedro,RN,-5.8952,-35.6397
59490,Ielmo Marinho,RN,-5.8238,-35.5528
59500,Macau,RN,-5.1144,-36.6319
59504,Pendencias,RN,-5.2593,-36.7185
59507,Alto Do Rodrigues,RN,-5.2949,-36.7581
59508,Ipanguacu,RN,-5.5151,-36.8631
59510,Afonso Bezerra,RN,-5.4956,-36.535
59513,Itaja,RN,-5.6419,-36.8701
59515,Angicos,RN,-5.666,-36.6033
59517,Fernando Pedroza,RN,-5.6971,-36.5297
59518,Sao Rafael,RN,-5.8032,-36.8862
59520,Santana Do Matos,RN,-5.9426,-36.6397
59528,Bodo,RN,-5.989,-36.4124
59530,Pedro Avelino,RN,-5.5213,-36.3816
59535,Lajes,RN,-5.6983,-36.2454
59540,Caicara Do Rio Do Vento,RN,-5.7587,-36.0016
59547,Caiçara do Norte,RN,-5.0614,-36.0612
59550,Joao Camara,RN,-5.5394,-35.8177
59555,Bento Fernandes,RN,-5.6903,-35.8201
59560,Poco Branco,RN,-5.6191,-35.6558
59565,Taipu,RN,-5.6225,-35.598
59570,Ceara-Mirim,RN,-5.6377,-35.423
59575,Extremoz,RN,-5.6963,-35.2818
59578,Rio Do Fogo,RN,-5.318,-35.3965
59582,Pureza,RN,-5.455,-35.554
59584,Touros,RN,-5.2097,-35.4701
59585,Sao Miguel Do Gostoso,RN,-5.1331,-35.6617
59586,Parazinho,RN,-5.2242,-35.8376
59588,Pedra Grande,RN,-5.1486,-35.8773
59590,Sao Bento Do Norte,RN,-5.0989,-36.0062
59592,Caicara Do Norte,RN,-5.0634,-36.0511
59594,Jandaira,RN,-5.3566,-36.1254
59596,Galinhos,RN,-5.098,-36.2418
59598,Guamare,RN,-5.1145,-36.323
59600,Mossoro,RN,-5.2005,-37.3501
59603,Mossoro,RN,-5.19,-37.3507
59604,Mossoro,RN,-5.2085,-37.3624
59605,Mossoro,RN,-5.1934,-37.3552
59607,Mossoro,RN,-5.1851,-37.3634
59609,Mossoro,RN,-5.1933,-37.382
59610,Mossoro,RN,-5.1903,-37.3398
59611,Mossoro,RN,-5.1818,-37.3472
59612,Mossoro,RN,-5.175,-37.359
59613,Mossoró,RN,-5.1556,-37.352
59614,Mossoro,RN,-5.1541,-37.3623
59615,Mossoro,RN,-5.1527,-37.3549
59616,Mossoró,RN,-5.1403,-37.3556
59617,Mossoro,RN,-5.16,-37.3647
59618,Mossoro,RN,-5.1824,-37.337
59619,Mossoro,RN,-5.1758,-37.3462
59621,Mossoro,RN,-5.1705,-37.335
59625,Mossoro,RN,-5.2045,-37.326
59626,Mossoro,RN,-5.2033,-37.3016
59628,Mossoro,RN,-5.2204,-37.3244
59630,Mossoro,RN,-5.1873,-37.3113
59631,Mossoro,RN,-5.2136,-37.3362
59633,Mossoro,RN,-5.2257,-37.3283
59634,Mossoro,RN,-5.2386,-37.3267
59635,Mossoro,RN,-5.2286,-37.3492
59650,Acu,RN,-5.5787,-36.9148
59655,Areia Branca,RN,-4.956,-37.1278
59660,Parau,RN,-5.7772,-37.1016
59663,Serra Do Mel,RN,-5.1734,-37.0366
59665,Carnaubais,RN,-5.3377,-36.8363
59668,Porto Do Mangue,RN,-5.0671,-36.7932
59670,Upanema,RN,-5.6429,-37.26
59675,Grossos,RN,-4.9834,-37.1549
59678,Tibau,RN,-4.8384,-37.2538
59680,Campo Grande,RN,-5.8627,-37.3111
59685,Triunfo Potiguar,RN,-5.8643,-37.1879
59690,Janduis,RN,-6.0178,-37.4071
59695,Barauna,RN,-5.0801,-37.6165
59700,Apodi,RN,-5.6609,-37.7975
59730,Olho-D Agua Do Borges,RN,-5.9561,-37.7061
59740,Rafael Godeiro,RN,-6.078,-37.7184
59760,Almino Afonso,RN,-6.1552,-37.7682
59770,Patu,RN,-6.1037,-37.6394
59775,Messias Targino,RN,-6.0791,-37.5144
59780,Caraubas,RN,-5.7895,-37.5586
59790,Governador Dix-Sept Rosado,RN,-5.4509,-37.5245
59795,Felipe Guerra,RN,-5.5822,-37.7006
59800,Martins,RN,-6.0896,-37.9121
59805,Lucrecia,RN,-6.1164,-37.8136
59808,Serrinha Dos Pintos,RN,-6.1127,-37.9568
59810,Portalegre,RN,-6.0252,-37.9883
59815,Vicosa,RN,-5.9925,-37.9441
59820,Riacho Da Cruz,RN,-5.9363,-37.9487
59830,Rodolfo Fernandes,RN,-5.7892,-38.0607
59840,Taboleiro Grande,RN,-5.9291,-38.0453
59855,Itau,RN,-5.8408,-37.993
59856,Severiano Melo,RN,-5.7873,-37.9639
59865,Umarizal,RN,-5.9884,-37.8156
59870,Antonio Martins,RN,-6.2143,-37.8967
59880,Joao Dias,RN,-6.2779,-37.7969
59890,Frutuoso Gomes,RN,-6.1603,-37.8414
59900,Pau Dos Ferros,RN,-6.1131,-38.2067
59902,Francisco Dantas,RN,-6.0882,-38.1242
59905,Encanto,RN,-6.1123,-38.3113
59908,Sao Francisco Do Oeste,RN,-5.9994,-38.1697
59910,Doutor Severiano,RN,-6.0971,-38.3803
59920,Sao Miguel,RN,-6.2113,-38.4963
59925,Venha-Ver,RN,-6.32,-38.4904
59930,Coronel Joao Pessoa,RN,-6.2657,-38.4413
59940,Luis Gomes,RN,-6.4148,-38.3868
59945,Major Sales,RN,-6.4044,-38.3211
59950,Parana,RN,-6.4853,-38.3119
59955,Tenente Ananias,RN,-6.4643,-38.1801
59960,Piloes,RN,-6.2672,-38.0422
59965,Alexandria,RN,-6.4134,-38.014
59970,Marcelino Vieira,RN,-6.2907,-38.1626
59980,Jose Da Penha,RN,-6.3185,-38.2851
59987,Riacho De Santana,RN,-6.2641,-38.3072
59990,Rafael Fernandes,RN,-6.1934,-38.224
59995,Agua Nova,RN,-6.2052,-38.2915
60010,Fortaleza,CE,-3.7231,-38.5433
60011,Fortaleza,CE,-3.7364,-38.5422
60015,Fortaleza,CE,-3.7309,-38.5366
60020,Fortaleza,CE,-3.7381,-38.5357
60025,Fortaleza,CE,-3.7359,-38.5312
60030,Fortaleza,CE,-3.7234,-38.5356
60035,Fortaleza,CE,-3.73,-38.536
60040,Fortaleza,CE,-3.7438,-38.5291
60050,Fortaleza,CE,-3.7439,-38.5276
60055,Fortaleza,CE,-3.7421,-38.5239
60060,Fortaleza,CE,-3.7235,-38.5159
60110,Fortaleza,CE,-3.7351,-38.5167
60115,Fortaleza,CE,-3.7346,-38.5105
60120,Fortaleza,CE,-3.7484,-38.5101
60125,Fortaleza,CE,-3.7379,-38.5027
60130,Fortaleza,CE,-3.7536,-38.5126
60131,Fortaleza,CE,-3.7617,-38.5132
60135,Fortaleza,CE,-3.7451,-38.504
60140,Fortaleza,CE,-3.7388,-38.5043
60150,Fortaleza,CE,-3.7355,-38.501
60155,Fortaleza,CE,-3.7262,-38.5074
60160,Fortaleza,CE,-3.7301,-38.4998
60165,Fortaleza,CE,-3.7256,-38.4934
60170,Fortaleza,CE,-3.7384,-38.496
60175,Fortaleza,CE,-3.7356,-38.4826
60176,Fortaleza,CE,-3.7376,-38.477
60177,Fortaleza,CE,-3.7406,-38.4631
60180,Fortaleza,CE,-3.7148,-38.4705
60181,Fortaleza,CE,-3.7293,-38.4727
60182,Fortaleza,CE,-3.7363,-38.4595
60183,Fortaleza,CE,-3.756,-38.446
60184,Fortaleza,CE,-3.7269,-38.4689
60190,Fortaleza,CE,-3.7514,-38.4724
60191,Fortaleza,CE,-3.7472,-38.4701
60192,Fortaleza,CE,-3.7442,-38.4842
60310,Fortaleza,CE,-3.7144,-38.5523
60311,Fortaleza,CE,-3.7124,-38.557
60312,Fortaleza,CE,-3.7091,-38.5705
60320,Fortaleza,CE,-3.7281,-38.5571
60321,Fortaleza,CE,-3.7263,-38.5578
60325,Fortaleza,CE,-3.7302,-38.5534
60326,Fortaleza,CE,-3.7238,-38.5525
60330,Fortaleza,CE,-3.7146,-38.5842
60331,Fortaleza,CE,-3.7097,-38.5788
60332,Fortaleza,CE,-3.7024,-38.5794
60333,Fortaleza,CE,-3.7032,-38.5776
60334,Fortaleza,CE,-3.7304,-38.5722
60335,Fortaleza,CE,-3.7154,-38.5647
60336,Fortaleza,CE,-3.7171,-38.5726
60337,Fortaleza,CE,-3.7084,-38.5674
60340,Fortaleza,CE,-3.7247,-38.58
60341,Fortaleza,CE,-3.7361,-38.5782
60345,Fortaleza,CE,-3.7212,-38.6007
60346,Fortaleza,CE,-3.7238,-38.5903
60347,Fortaleza,CE,-3.7164,-38.5898
60348,Fortaleza,CE,-3.7175,-38.5993
60349,Fortaleza,CE,-3.7127,-38.6033
60350,Fortaleza,CE,-3.7319,-38.5835
60351,Fortaleza,CE,-3.7298,-38.5944
60352,Fortaleza,CE,-3.7348,-38.5985
60353,Fortaleza,CE,-3.7236,-38.6044
60355,Fortaleza,CE,-3.7317,-38.5696
60356,Fortaleza,CE,-3.7361,-38.5787
60357,Fortaleza,CE,-3.7579,-38.5821
60360,Fortaleza,CE,-3.744,-38.5885
60361,Fortaleza,CE,-3.7441,-38.5937
60410,Fortaleza,CE,-3.7636,-38.5398
60411,Fortaleza,CE,-3.7562,-38.5311
60415,Fortaleza,CE,-3.7552,-38.5284
60416,Fortaleza,CE,-3.7554,-38.5451
60420,Fortaleza,CE,-3.7666,-38.5417
60421,Fortaleza,CE,-3.7711,-38.5567
60422,Fortaleza,CE,-3.735,-38.5514
60425,Fortaleza,CE,-3.7562,-38.55
60426,Fortaleza,CE,-3.755,-38.5527
60430,Fortaleza,CE,-3.746,-38.5515
60431,Fortaleza,CE,-3.7401,-38.5493
60440,Fortaleza,CE,-3.7584,-38.5682
60441,Fortaleza,CE,-3.7608,-38.5754
60442,Fortaleza,CE,-3.755,-38.5627
60450,Fortaleza,CE,-3.738,-38.5565
60455,Fortaleza,CE,-3.7418,-38.5601
60510,Fortaleza,CE,-3.763,-38.5812
60511,Fortaleza,CE,-3.7515,-38.5808
60512,Fortaleza,CE,-3.752,-38.5793
60520,Fortaleza,CE,-3.774,-38.5795
60521,Fortaleza,CE,-3.7612,-38.5831
60525,Fortaleza,CE,-3.768,-38.5853
60526,Fortaleza,CE,-3.7563,-38.5935
60527,Fortaleza,CE,-3.7564,-38.595
60530,Fortaleza,CE,-3.7704,-38.6095
60531,Fortaleza,CE,-3.7661,-38.6077
60532,Fortaleza,CE,-3.773,-38.6166
60533,Fortaleza,CE,-3.7658,-38.6105
60534,Fortaleza,CE,-3.7583,-38.5975
60540,Fortaleza,CE,-3.7856,-38.6138
60541,Fortaleza,CE,-3.7806,-38.5945
60542,Fortaleza,CE,-3.7804,-38.5834
60543,Fortaleza,CE,-3.7925,-38.6012
60544,Fortaleza,CE,-3.7711,-38.5711
60545,Fortaleza,CE,-3.7843,-38.5995
60546,Fortaleza,CE,-3.7948,-38.6186
60710,Fortaleza,CE,-3.7866,-38.5679
60711,Fortaleza,CE,-3.8014,-38.5643
60712,Fortaleza,CE,-3.8007,-38.5663
60713,Fortaleza,CE,-3.798,-38.5812
60714,Fortaleza,CE,-3.7861,-38.5533
60720,Fortaleza,CE,-3.7762,-38.5709
60721,Fortaleza,CE,-3.7788,-38.5711
60730,Fortaleza,CE,-3.7911,-38.5832
60731,Fortaleza,CE,-3.8045,-38.6004
60732,Fortaleza,CE,-3.8092,-38.6189
60733,Fortaleza,CE,-3.793,-38.5777
60734,Fortaleza,CE,-3.8234,-38.5858
60736,Fortaleza,CE,-3.8067,-38.608
60740,Fortaleza,CE,-3.7711,-38.5561
60741,Fortaleza,CE,-3.7899,-38.5506
60742,Fortaleza,CE,-3.7884,-38.5416
60743,Fortaleza,CE,-3.8009,-38.5371
60744,Fortaleza,CE,-3.8041,-38.544
60750,Fortaleza,CE,-3.8312,-38.5558
60751,Fortaleza,CE,-3.8346,-38.5579
60752,Fortaleza,CE,-3.819,-38.5702
60760,Fortaleza,CE,-3.8337,-38.5677
60761,Fortaleza,CE,-3.8177,-38.562
60762,Fortaleza,CE,-3.8155,-38.5771
60763,Fortaleza,CE,-3.8145,-38.5855
60764,Fortaleza,CE,-3.8107,-38.5833
60765,Fortaleza,CE,-3.8252,-38.5908
60766,Fortaleza,CE,-3.8308,-38.5726
60767,Fortaleza,CE,-3.8175,-38.5808
60768,Fortaleza,CE,-3.8206,-38.5694
60810,Fortaleza,CE,-3.7638,-38.4901
60811,Fortaleza,CE,-3.7717,-38.4888
60812,Fortaleza,CE,-3.768,-38.4764
60813,Fortaleza,CE,-3.7814,-38.4863
60820,Fortaleza,CE,-3.7851,-38.5088
60821,Fortaleza,CE,-3.7872,-38.4929
60822,Fortaleza,CE,-3.7987,-38.4932
60823,Fortaleza,CE,-3.7912,-38.5101
60824,Fortaleza,CE,-3.803,-38.4903
60830,Fortaleza,CE,-3.8087,-38.4755
60831,Fortaleza,CE,-3.8233,-38.4661
60832,Fortaleza,CE,-3.7954,-38.4711
60833,Fortaleza,CE,-3.7957,-38.4704
60834,Fortaleza,CE,-3.7862,-38.4663
60835,Fortaleza,CE,-3.798,-38.4327
60836,Fortaleza,CE,-3.8031,-38.4516
60840,Fortaleza,CE,-3.8299,-38.4938
60841,Fortaleza,CE,-3.8195,-38.4917
60842,Fortaleza,CE,-3.8245,-38.5008
60843,Fortaleza,CE,-3.8313,-38.4776
60844,Fortaleza,CE,-3.8239,-38.4784
60850,Fortaleza,CE,-3.7732,-38.5139
60851,Fortaleza,CE,-3.7664,-38.5133
60860,Fortaleza,CE,-3.7869,-38.5242
60861,Fortaleza,CE,-3.8053,-38.524
60862,Fortaleza,CE,-3.8161,-38.5176
60863,Fortaleza,CE,-3.8246,-38.5148
60864,Fortaleza,CE,-3.8005,-38.5074
60865,Fortaleza,CE,-3.8384,-38.5161
60866,Fortaleza,CE,-3.8348,-38.5215
60867,Fortaleza,CE,-3.8021,-38.521
60868,Fortaleza,CE,-3.8088,-38.5421
60870,Fortaleza,CE,-3.8459,-38.52
60871,Fortaleza,CE,-3.8368,-38.4917
60872,Fortaleza,CE,-3.8446,-38.4837
60873,Fortaleza,CE,-3.8555,-38.4987
60874,Fortaleza,CE,-3.8391,-38.5149
60875,Fortaleza,CE,-3.8404,-38.4881
60876,Fortaleza,CE,-3.8427,-38.5273
60878,Fortaleza,CE,-3.8571,-38.4901
61600,Caucaia,CE,-3.7274,-38.6627
61601,Caucaia,CE,-3.7145,-38.6466
61602,Caucaia,CE,-3.7288,-38.6488
61603,Caucaia,CE,-3.7409,-38.6514
61604,Caucaia,CE,-3.7571,-38.6573
61605,Caucaia,CE,-3.749,-38.6845
61608,Caucaia,CE,-3.7416,-38.6429
61610,Caucaia,CE,-3.7285,-38.6592
61615,Caucaia,CE,-3.7307,-38.6989
61616,Caucaia,CE,-3.7213,-38.7918
61619,Caucaia,CE,-3.6333,-38.719
61620,Caucaia,CE,-3.6574,-38.6954
61621,Caucaia,CE,-3.692,-38.648
61624,Caucaia,CE,-3.6635,-38.6838
61625,Caucaia,CE,-3.7008,-38.6634
61626,Caucaia,CE,-3.6894,-38.6362
61627,Caucaia,CE,-3.6936,-38.6254
61629,Caucaia,CE,-3.667,-38.7076
61631,Caucaia,CE,-3.6969,-38.5961
61634,Caucaia,CE,-3.7419,-38.621
61635,Caucaia,CE,-3.7386,-38.6098
61636,Caucaia,CE,-3.7021,-38.6962
61637,Caucaia,CE,-3.6626,-38.7981
61642,Caucaia,CE,-3.7462,-38.6074
61645,Caucaia,CE,-3.7557,-38.614
61648,Caucaia,CE,-3.7566,-38.6185
61650,Caucaia,CE,-3.7609,-38.6234
61652,Caucaia,CE,-3.7735,-38.6266
61654,Caucaia,CE,-3.7401,-38.6447
61655,Caucaia,CE,-3.7673,-38.6367
61656,Caucaia,CE,-3.7664,-38.6486
61658,Caucaia,CE,-3.7668,-38.6554
61659,Caucaia,CE,-3.771,-38.6452
61661,Caucaia,CE,-3.781,-38.6309
61663,Caucaia,CE,-3.7809,-38.6581
61700,Aquiraz,CE,-3.9123,-38.3764
61760,Eusebio,CE,-3.8781,-38.4587
61800,Pacatuba,CE,-3.9538,-38.6152
61801,Pacatuba,CE,-3.9827,-38.6141
61802,Pacatuba,CE,-3.9621,-38.6128
61803,Pacatuba,CE,-3.9789,-38.5976
61805,Pacatuba,CE,-3.9375,-38.61
61809,Pacatuba,CE,-3.9073,-38.5996
61810,Pacatuba,CE,-3.8897,-38.5979
61814,Pacatuba,CE,-3.8925,-38.6054
61880,Itaitinga,CE,-3.952,-38.5231
61890,Guaiuba,CE,-4.0443,-38.6429
61900,Maracanau,CE,-3.8789,-38.6187
61901,Maracanau,CE,-3.8824,-38.6192
61902,Maracanau,CE,-3.8698,-38.625
61903,Maracanau,CE,-3.8818,-38.6329
61905,Maracanau,CE,-3.8701,-38.6266
61906,Maracanaú,CE,-3.8741,-38.6214
61908,Maracanau,CE,-3.9184,-38.622
61909,Maracanau,CE,-3.9034,-38.6226
61910,Maracanau,CE,-3.8596,-38.6457
61913,Maracanau,CE,-3.8532,-38.6373
61914,Maracanau,CE,-3.848,-38.646
61919,Maracanau,CE,-3.8461,-38.6121
61920,Maracanau,CE,-3.8501,-38.6126
61921,Maracanau,CE,-3.8428,-38.6131
61925,Maracanau,CE,-3.858,-38.598
61930,Maracanaú,CE,-3.8378,-38.5812
61932,Maracanau,CE,-3.8587,-38.5844
61933,Maracanau,CE,-3.8689,-38.6014
61934,Maracanau,CE,-3.8752,-38.5936
61935,Maracanau,CE,-3.8497,-38.5808
61936,Maracanau,CE,-3.8766,-38.6068
61939,Maracanau,CE,-3.8731,-38.6002
61940,Maranguape,CE,-3.8952,-38.6844
61941,Maranguape,CE,-3.8865,-38.685
61942,Maranguape,CE,-3.8848,-38.6783
61943,Maranguape,CE,-3.8735,-38.6724
61944,Maranguape,CE,-3.8774,-38.6688
61946,Maranguape,CE,-3.9038,-38.6771
61948,Maranguape,CE,-3.9063,-38.6824
61949,Maranguape,CE,-3.9158,-38.6909
61962,Lages,CE,-3.9532,-38.6939
61979,Amanari,CE,-3.5045,-39.5729
62000,Sobral,CE,-3.69,-40.3514
62010,Sobral,CE,-3.6877,-40.3514
62011,Sobral,CE,-3.6857,-40.3522
62014,Sobral,CE,-3.6993,-40.3629
62015,Sobral,CE,-3.6929,-40.3632
62016,Sobral,CE,-3.6974,-40.368
62020,Sobral,CE,-3.6916,-40.3686
62021,Sobral,CE,-3.6911,-40.386
62022,Sobral,CE,-3.6851,-40.364
62023,Sobral,CE,-3.6896,-40.3673
62030,Sobral,CE,-3.6764,-40.3627
62031,Sobral,CE,-3.6763,-40.3732
62032,Sobral,CE,-3.6762,-40.3383
62033,Sobral,CE,-3.6636,-40.3738
62034,Sobral,CE,-3.6742,-40.3514
62039,Sobral,CE,-3.6705,-40.3502
62040,Sobral,CE,-3.6844,-40.3346
62041,Sobral,CE,-3.6777,-40.3481
62042,Sobral,CE,-3.6862,-40.341
62043,Sobral,CE,-3.6809,-40.348
62044,Sobral,CE,-3.6742,-40.3364
62045,Sobral,CE,-3.7075,-40.3396
62050,Sobral,CE,-3.7013,-40.3364
62051,Sobral,CE,-3.6977,-40.3406
62053,Sobral,CE,-3.7012,-40.3144
62104,Sobral,CE,-3.6953,-40.3608
62105,Sao Jose Do Torto,CE,-6.082,-39.7671
62106,Taperuaba,CE,-4.0809,-39.9475
62107,Jaibaras,CE,-3.7753,-40.4989
62108,Jordao,CE,-15.6236,-56.0535
62113,Rafael Arruda,CE,-4.3371,-38.8695
62115,Forquilha,CE,-3.8016,-40.263
62120,Alcantaras,CE,-3.5858,-40.5437
62130,Meruoca,CE,-3.5443,-40.4618
62140,Massape,CE,-3.5226,-40.3484
62150,Santana Do Acarau,CE,-3.4612,-40.2042
62160,Coreau,CE,-3.5651,-40.6626
62170,Mucambo,CE,-3.9057,-40.7461
62180,Pacuja,CE,-3.9799,-40.696
62184,Carire,CE,-3.949,-40.4753
62190,Groairas,CE,-3.9168,-40.3858
62200,Nova Russas,CE,-4.7085,-40.5573
62210,Ararenda,CE,-4.7551,-40.8184
62215,Ipaporanga,CE,-4.9081,-40.7625
62220,Poranga,CE,-4.7437,-40.926
62230,Ipueiras,CE,-4.5439,-40.7136
62250,Ipu,CE,-4.327,-40.7113
62255,Pires Ferreira,CE,-4.2518,-40.625
62260,Reriutaba,CE,-4.1424,-40.582
62265,Varjota,CE,-4.1806,-40.4248
62270,Hidrolandia,CE,-4.4088,-40.4036
62280,Santa Quiteria,CE,-4.3343,-40.1541
62297,Catunda,CE,-4.6496,-40.1999
62300,Vicosa Do Ceara,CE,-3.5623,-41.097
62320,Tiangua,CE,-3.7257,-40.9916
62340,Frecheirinha,CE,-3.759,-40.8162
62350,Ubajara,CE,-3.8495,-40.9178
62360,Ibiapina,CE,-3.9247,-40.8933
62365,Graca,CE,-4.045,-40.7522
62370,Sao Benedito,CE,-4.0458,-40.8653
62375,Carnaubal,CE,-4.1648,-40.9387
62380,Guaraciaba Do Norte,CE,-4.1686,-40.7678
62390,Croata,CE,-4.4067,-40.9011
62400,Camocim,CE,-2.9042,-40.8463
62410,Barroquinha,CE,-2.909,-41.2366
62414,Bitupita,CE,-2.8928,-41.2722
62420,Chaval,CE,-3.0363,-41.2425
62430,Granja,CE,-3.1306,-40.8432
62450,Martinopole,CE,-3.2149,-40.6881
62460,Uruoca,CE,-3.3207,-40.5803
62470,Senador Sa,CE,-3.3572,-40.4688
62480,Moraujo,CE,-3.4663,-40.6812
62500,Itapipoca,CE,-3.4962,-39.5809
62502,Deserto,CE,-3.5038,-39.543
62505,Itapipoca,CE,-3.4903,-39.5674
62508,Itapipoca,CE,-3.5032,-39.5808
62530,Miraima,CE,-3.5669,-39.9385
62540,Amontada,CE,-3.3655,-39.83
62550,Morrinhos,CE,-3.241,-40.1072
62560,Marco,CE,-3.1238,-40.1541
62570,Bela Cruz,CE,-3.056,-40.1714
62580,Acarau,CE,-2.8902,-40.1108
62590,Itarema,CE,-2.9317,-39.9075
62595,Cruz,CE,-2.9108,-40.1959
62597,Caicara,CE,-2.8912,-40.2923
62598,Jijoca De Jericoacoara,CE,-2.863,-40.4783
62600,Itapaje,CE,-3.6873,-39.5836
62610,Tejucuoca,CE,-3.9895,-39.5778
62620,Iraucuba,CE,-3.7362,-39.7869
62625,Uruburetama,CE,-3.6214,-39.5012
62630,Apuiares,CE,-3.9469,-39.4315
62640,Pentecoste,CE,-3.7957,-39.2726
62642,Sebastiao De Abreu,CE,-3.8581,-39.337
62650,Uruburetama,CE,-3.6223,-39.508
62655,Tururu,CE,-3.5981,-39.4361
62660,Umirim,CE,-3.6759,-39.3405
62665,Sao Luis Do Curu,CE,-3.6709,-39.2401
62670,Sao Goncalo Do Amarante,CE,-3.6034,-38.9712
62674,Pecem,CE,-3.5536,-38.8304
62677,Sao Goncalo Do Amarante,CE,-3.503,-38.9204
62680,Paracuru,CE,-3.4207,-39.0354
62685,Paraipaba,CE,-3.4368,-39.1496
62690,Trairi,CE,-3.2631,-39.268
62700,Caninde,CE,-4.3559,-39.3144
62725,Lagoa Do Mato,CE,-4.2386,-39.0665
62730,Caridade,CE,-4.2334,-39.2004
62734,Caridade,CE,-4.2329,-39.1933
62736,Paramoti,CE,-4.097,-39.2388
62738,General Sampaio,CE,-4.0504,-39.4488
62740,Itapiuna,CE,-4.5619,-38.9209
62748,Capistrano,CE,-4.4677,-38.9013
62750,Aracoiaba,CE,-4.3986,-38.769
62755,Ocara,CE,-4.4879,-38.5924
62760,Baturite,CE,-4.3332,-38.8786
62762,Aratuba,CE,-4.4194,-39.0463
62764,Mulungu,CE,-4.3083,-38.9957
62766,Guaramiranga,CE,-4.2528,-38.9358
62770,Pacoti,CE,-4.2256,-38.9183
62780,Palmacia,CE,-4.1474,-38.8479
62785,Acarape,CE,-4.2241,-38.706
62790,Redencao,CE,-4.23,-38.7292
62795,Barreira,CE,-4.2912,-38.6417
62800,Aracati,CE,-4.5667,-37.7642
62810,Icapui,CE,-4.7029,-37.3741
62815,Fortim,CE,-4.4546,-37.8057
62820,Itaicaba,CE,-4.6865,-37.8309
62823,Jaguaruana,CE,-4.8409,-37.7812
62840,Beberibe,CE,-4.184,-38.1232
62842,Sucatinga,CE,-4.2609,-38.0524
62850,Cascavel,CE,-4.1328,-38.2416
62852,Caponga,CE,-4.0448,-38.1925
62860,Pindoretama,CE,-4.0328,-38.3052
62870,Pacajus,CE,-4.1757,-38.4638
62875,Chorozinho,CE,-4.3098,-38.4929
62880,Horizonte,CE,-4.0992,-38.4942
62881,Horizonte,CE,-4.0751,-38.4993
62882,Horizonte,CE,-4.1002,-38.4859
62884,Horizonte,CE,-4.1102,-38.4842
62885,Horizonte,CE,-4.131,-38.4885
62886,Horizonte,CE,-4.0961,-38.4995
62898,Paraipaba,CE,-3.4402,-39.1481
62899,Queimados,CE,-4.13,-38.498
62900,Russas,CE,-4.9386,-37.9738
62903,Flores,CE,-5.9909,-38.3594
62908,Sao Joao De Deus,CE,-4.995,-38.0033
62910,Palhano,CE,-4.7457,-37.9618
62920,Quixere,CE,-5.072,-37.9854
62922,Lagoinha,CE,-5.083,-37.9112
62930,Limoeiro Do Norte,CE,-5.1635,-38.105
62940,Morada Nova,CE,-5.0936,-38.3751
62948,Morada Nova,CE,-5.2433,-38.4806
62955,Ibicuitinga,CE,-4.969,-38.6346
62960,Tabuleiro Do Norte,CE,-5.2495,-38.1293
62965,Sao Joao Do Jaguaribe,CE,-5.2751,-38.2727
62970,Alto Santo,CE,-5.5197,-38.2674
62980,Iracema,CE,-5.8123,-38.3125
62990,Potiretama,CE,-5.7227,-38.1541
63010,Juazeiro Do Norte,CE,-7.2052,-39.3155
63011,Juazeiro Do Norte,CE,-7.1987,-39.3194
63012,Juazeiro Do Norte,CE,-7.1791,-39.3273
63013,Juazeiro Do Norte,CE,-7.2064,-39.3016
63016,Juazeiro Do Norte,CE,-7.2032,-39.3053
63018,Juazeiro Do Norte,CE,-7.2099,-39.2711
63020,Juazeiro Do Norte,CE,-7.2145,-39.3096
63021,Juazeiro Do Norte,CE,-7.2084,-39.2824
63022,Juazeiro Do Norte,CE,-7.222,-39.3305
63024,Juazeiro Do Norte,CE,-7.2283,-39.3458
63028,Juazeiro Do Norte,CE,-7.216,-39.2996
63030,Juazeiro Do Norte,CE,-7.2254,-39.3008
63031,Juazeiro Do Norte,CE,-7.2338,-39.2949
63033,Juazeiro Do Norte,CE,-7.2329,-39.3069
63034,Juazeiro Do Norte,CE,-7.2275,-39.3142
63035,Juazeiro Do Norte,CE,-7.2178,-39.2952
63036,Juazeiro Do Norte,CE,-7.2335,-39.2766
63038,Juazeiro Do Norte,CE,-7.2309,-39.2678
63040,Juazeiro Do Norte,CE,-7.2435,-39.3211
63041,Juazeiro Do Norte,CE,-7.2271,-39.3304
63042,Juazeiro Do Norte,CE,-7.2347,-39.3295
63043,Juazeiro Do Norte,CE,-7.2445,-39.3372
63044,Juazeiro Do Norte,CE,-7.2406,-39.3467
63046,Juazeiro Do Norte,CE,-7.2459,-39.3276
63047,Juazeiro Do Norte,CE,-7.2476,-39.3103
63048,Juazeiro Do Norte,CE,-7.2517,-39.3071
63050,Juazeiro Do Norte,CE,-7.2157,-39.3208
63051,Juazeiro Do Norte,CE,-7.2336,-39.3161
63100,Crato,CE,-7.2324,-39.4101
63101,Crato,CE,-7.2341,-39.4051
63103,Crato,CE,-7.2437,-39.4174
63104,Crato,CE,-7.2394,-39.4079
63105,Crato,CE,-7.2395,-39.4182
63106,Crato,CE,-7.2548,-39.4235
63107,Crato,CE,-7.2435,-39.424
63108,Crato,CE,-7.2569,-39.4299
63109,Crato,CE,-7.2721,-39.4366
63110,Crato,CE,-7.2444,-39.4299
63111,Crato,CE,-7.244,-39.4259
63112,Crato,CE,-7.2442,-39.4316
63113,Crato,CE,-7.2312,-39.4193
63115,Crato,CE,-7.2251,-39.422
63116,Crato,CE,-7.2282,-39.4212
63118,Crato,CE,-7.2228,-39.4118
63119,Crato,CE,-7.2267,-39.409
63122,Crato,CE,-7.2282,-39.3981
63123,Crato,CE,-7.2119,-39.3904
63125,Crato,CE,-7.2371,-39.3956
63132,Crato,CE,-7.2256,-39.3762
63133,Crato,CE,-7.2336,-39.3653
63140,Assare,CE,-6.8748,-39.8714
63145,Tarrafas,CE,-6.6845,-39.7561
63150,Campos Sales,CE,-7.0751,-40.3736
63155,Salitre,CE,-7.2825,-40.4552
63160,Potengi,CE,-7.079,-40.0564
63165,Nova Olinda,CE,-7.0973,-39.6754
63170,Araripe,CE,-7.1982,-40.1411
63180,Barbalha,CE,-7.3106,-39.3017
63185,Farias Brito,CE,-6.9258,-39.5708
63190,Santana Do Cariri,CE,-7.1868,-39.7361
63195,Altaneira,CE,-6.9999,-39.7393
63200,Missao Velha,CE,-7.2486,-39.1456
63210,Mauriti,CE,-7.3877,-38.7721
63215,Mauriti,CE,-7.3808,-38.7744
63220,Caririacu,CE,-7.0406,-39.288
63230,Granjeiro,CE,-6.8899,-39.217
63240,Abaiara,CE,-7.3582,-39.0458
63250,Milagres,CE,-7.3123,-38.9449
63260,Brejo Santo,CE,-7.4894,-38.9843
63270,Porteiras,CE,-7.5336,-39.1145
63275,Jati,CE,-7.6885,-39.0057
63280,Penaforte,CE,-7.8295,-39.0755
63290,Jardim,CE,-7.5861,-39.273
63300,Lavras Da Mangabeira,CE,-6.7536,-38.991
63307,Mangabeira,CE,-6.9661,-36.9788
63310,Umari,CE,-6.6436,-38.7151
63320,Baixio,CE,-6.7299,-38.7159
63340,Ipaumirim,CE,-6.7902,-38.7189
63360,Aurora,CE,-6.9442,-38.9659
63380,Barro,CE,-7.1739,-38.7785
63400,Cedro,CE,-6.6047,-39.0618
63430,Ico,CE,-6.4001,-38.8603
63460,Pereiro,CE,-6.0465,-38.4607
63470,Erere,CE,-6.0317,-38.349
63475,Jaguaribe,CE,-5.9006,-38.6374
63477,Feiticeiro,CE,-4.9625,-39.0125
63478,Nova Floresta,CE,-5.9483,-38.9026
63480,Jaguaretama,CE,-5.6104,-38.7642
63490,Jaguaribara,CE,-5.4556,-38.4625
63500,Iguatu,CE,-6.3594,-39.2919
63501,Iguatu,CE,-6.353,-39.2876
63502,Iguatu,CE,-6.3758,-39.2994
63503,Iguatu,CE,-6.3703,-39.2886
63504,Iguatu,CE,-6.3668,-39.305
63505,Iguatu,CE,-6.3783,-39.3281
63507,Iguatu,CE,-6.3584,-39.3079
63508,Iguatu,CE,-6.3517,-39.3066
63515,Quixelo,CE,-6.2412,-39.192
63520,Oros,CE,-6.2445,-38.915
63527,Guassusse,CE,-6.2451,-38.9151
63530,Carius,CE,-6.5362,-39.4963
63540,Varzea Alegre,CE,-6.7926,-39.2986
63560,Acopiara,CE,-6.0941,-39.449
63570,Antonina Do Norte,CE,-6.7752,-39.9881
63575,Aiuaba,CE,-6.5833,-40.1389
63580,Jucas,CE,-6.522,-39.5243
63585,Sao Pedro,CE,-22.5513,-47.8988
63590,Saboeiro,CE,-6.5344,-39.8735
63595,Catarina,CE,-6.1332,-39.8779
63600,Senador Pompeu,CE,-5.5879,-39.3747
63605,Piquet Carneiro,CE,-5.8211,-39.4192
63608,Ibicua,CE,-5.9282,-39.4271
63610,Mombaca,CE,-5.7452,-39.6288
63620,Solonopole,CE,-5.7363,-39.0177
63630,Pedra Branca,CE,-5.457,-39.7145
63632,Mineirolândia,CE,-5.5277,-39.5977
63635,Milha,CE,-5.6767,-39.1945
63640,Independencia,CE,-5.3957,-40.3096
63645,Deputado Irapuan Pinheiro,CE,-5.8797,-39.2578
63650,Quiterianopolis,CE,-5.8449,-40.7071
63660,Taua,CE,-6.0019,-40.2932
63670,Arneiroz,CE,-6.3259,-40.1561
63680,Parambu,CE,-6.2103,-40.6968
63700,Crateus,CE,-5.179,-40.6677
63740,Novo Oriente,CE,-5.5365,-40.7741
63750,Tamboril,CE,-4.8208,-40.33
63765,Sucesso,CE,-4.9424,-40.538
63780,Monsenhor Tabosa,CE,-4.8111,-40.0665
63800,Quixeramobim,CE,-5.1987,-39.2938
63825,Sao Miguel,CE,-7.2065,-39.31
63860,Madalena,CE,-4.8421,-39.5646
63870,Boa Viagem,CE,-5.1246,-39.7313
63900,Quixada,CE,-4.9685,-39.0185
63901,Quixada,CE,-4.959,-39.0319
63902,Quixada,CE,-4.9669,-39.0267
63903,Quixada,CE,-4.973,-39.0229
63905,Quixada,CE,-4.983,-39.0177
63906,Quixada,CE,-4.9951,-39.0123
63907,Quixada,CE,-4.9634,-39.0077
63908,Quixada,CE,-4.9659,-39.0086
63910,Juatama,CE,-5.0831,-39.041
63960,Banabuiu,CE,-5.3054,-38.9196
63970,Ibaretama,CE,-4.7786,-38.7807
64000,Teresina,PI,-5.0849,-42.8108
64001,Teresina,PI,-5.0908,-42.8049
64002,Teresina,PI,-5.0743,-42.8133
64003,Teresina,PI,-5.0745,-42.8181
64004,Teresina,PI,-5.0486,-42.83
64005,Teresina,PI,-5.0614,-42.8272
64006,Teresina,PI,-5.053,-42.8148
64007,Teresina,PI,-5.0521,-42.8118
64008,Teresina,PI,-5.0396,-42.8189
64009,Teresina,PI,-5.0391,-42.8131
64010,Teresina,PI,-5.0671,-42.7924
64011,Teresina,PI,-5.1239,-42.7567
64012,Teresina,PI,-4.9891,-42.8046
64013,Teresina,PI,-4.9901,-42.8355
64014,Teresina,PI,-5.0919,-42.7939
64015,Teresina,PI,-5.0981,-42.7914
64016,Teresina,PI,-5.1031,-42.796
64017,Teresina,PI,-5.1085,-42.7931
64018,Teresina,PI,-5.1091,-42.8068
64019,Teresina,PI,-5.1124,-42.8076
64020,Teresina,PI,-5.1245,-42.7924
64022,Teresina,PI,-5.1351,-42.7884
64023,Teresina,PI,-5.1318,-42.7862
64025,Teresina,PI,-5.1422,-42.786
64027,Teresina,PI,-5.1187,-42.7901
64028,Teresina,PI,-5.1568,-42.7835
64030,Teresina,PI,-5.1381,-42.7748
64031,Teresina,PI,-5.1332,-42.775
64032,Teresina,PI,-5.1472,-42.7742
64033,Teresina,PI,-5.1236,-42.7683
64034,Teresina,PI,-5.1761,-42.785
64035,Teresina,PI,-5.183,-42.7586
64037,Teresina,PI,-5.1895,-42.7395
64038,Teresina,PI,-5.2003,-42.7555
64039,Teresina,PI,-5.1885,-42.761
64040,Teresina,PI,-5.1333,-42.7886
64041,Teresina,PI,-5.1158,-42.7391
64045,Teresina,PI,-5.0851,-42.7717
64046,Teresina,PI,-5.0841,-42.7807
64047,Teresina (Zona Leste),PI,-5.0914,-42.7912
64048,Teresina,PI,-5.0705,-42.7896
64049,Teresina,PI,-5.0681,-42.7887
64050,Teresina,PI,-5.0593,-42.7753
64051,Teresina,PI,-5.0757,-42.7738
64052,Teresina,PI,-5.0686,-42.7774
64053,Teresina,PI,-5.0727,-42.7557
64055,Teresina,PI,-5.0677,-42.7651
64056,Teresina,PI,-5.0692,-42.7663
64057,Teresina,PI,-5.0567,-42.7464
64058,Teresina,PI,-5.0614,-42.7559
64059,Teresina,PI,-5.0494,-42.7552
64060,Teresina,PI,-5.0552,-42.7802
64062,Teresina,PI,-5.044,-42.7659
64063,Teresina,PI,-5.0411,-42.7702
64064,Teresina,PI,-5.0419,-42.7705
64066,Teresina,PI,-5.0093,-42.7816
64067,Teresina,PI,-5.0073,-42.7804
64069,Teresina,PI,-5.0259,-42.7425
64071,Teresina,PI,-5.0371,-42.7347
64073,Teresina,PI,-5.0765,-42.7763
64074,Teresina,PI,-5.0636,-42.7215
64075,Teresina,PI,-5.1089,-42.7725
64076,Teresina,PI,-5.1164,-42.7619
64077,Teresina,PI,-5.1021,-42.7582
64078,Teresina,PI,-5.1033,-42.7528
64079,Teresina,PI,-5.1132,-42.7517
64080,Teresina,PI,-5.1083,-42.7457
64081,Teresina,PI,-5.1102,-42.7399
64082,Teresina,PI,-5.1126,-42.7525
64083,Teresina,PI,-5.1089,-42.7377
64084,Teresina,PI,-5.0857,-42.7346
64085,Teresina,PI,-5.1011,-42.7297
64086,Teresina,PI,-5.1156,-42.7197
64090,Teresina,PI,-5.0851,-42.7522
64091,Teresina,PI,-5.1496,-42.7552
64095,Teresina,PI,-5.1312,-42.7714
64100,Barras,PI,-4.2433,-42.294
64105,Cabeceiras Do Piaui,PI,-4.4767,-42.3083
64108,Boa Hora,PI,-4.3952,-42.1148
64110,Jose De Freitas,PI,-4.7559,-42.5762
64120,Uniao,PI,-4.5861,-42.8624
64130,Miguel Alves,PI,-4.1688,-42.8942
64138,Lagoa Alegre,PI,-4.5124,-42.6236
64140,Nossa Senhora Dos Remedios,PI,-3.9824,-42.622
64145,Porto,PI,-3.8936,-42.714
64150,Matias Olimpio,PI,-3.7161,-42.5539
64160,Luzilandia,PI,-3.4613,-42.37
64165,Joca Marques,PI,-3.497,-42.4352
64168,Madeiro,PI,-3.4845,-42.5045
64170,Joaquim Pires,PI,-3.5059,-42.178
64175,Murici Dos Portelas,PI,-3.3222,-42.0903
64178,Morro Do Chapeu Do Piaui,PI,-3.7423,-42.3102
64180,Esperantina,PI,-3.8922,-42.234
64190,Batalha,PI,-4.0239,-42.0756
64200,Parnaiba,PI,-2.9032,-41.777
64201,Parnaiba,PI,-2.8954,-41.7873
64202,Parnaiba,PI,-2.9071,-41.7603
64204,Parnaiba,PI,-2.907,-41.749
64205,Parnaíba,PI,-2.9251,-41.7428
64206,Parnaiba,PI,-2.9008,-41.7561
64207,Parnaiba,PI,-2.916,-41.7447
64208,Parnaiba,PI,-2.92,-41.7455
64209,Parnaíba,PI,-2.9211,-41.7363
64210,Parnaiba,PI,-2.9199,-41.7409
64211,Parnaiba,PI,-2.9248,-41.7441
64212,Parnaiba,PI,-2.9292,-41.7558
64213,Parnaiba,PI,-2.931,-41.76
64215,Parnaiba,PI,-2.9164,-41.761
64216,Parnaiba,PI,-2.93,-41.762
64217,Parnaiba,PI,-2.9376,-41.7677
64218,Parnaiba,PI,-2.9129,-41.7788
64220,Luis Correia,PI,-2.8856,-41.6526
64222,Cajueiro Da Praia,PI,-2.9267,-41.3476
64224,Ilha Grande,PI,-2.8522,-41.8122
64225,Bom Principio Do Piaui,PI,-3.1891,-41.6408
64228,Caxingo,PI,-3.4203,-41.8941
64230,Buriti Dos Lopes,PI,-3.1775,-41.8694
64233,Caraubas Do Piaui,PI,-3.4766,-41.8423
64235,Cocal,PI,-3.4704,-41.5548
64238,Cocal Dos Alves,PI,-3.6046,-41.4525
64240,Piracuruca,PI,-3.929,-41.7097
64243,Sao Joao Da Fronteira,PI,-3.9467,-41.2721
64245,Sao Jose Do Divino,PI,-3.8113,-41.8317
64250,Domingos Mourao,PI,-4.2546,-41.2725
64253,Milton Brandao,PI,-4.7031,-41.4486
64255,Pedro Ii,PI,-4.4293,-41.4539
64258,Lagoa De Sao Francisco,PI,-4.392,-41.5934
64260,Piripiri,PI,-4.2764,-41.7781
64265,Brasileira,PI,-4.1306,-41.7785
64270,Capitao De Campos,PI,-4.4584,-41.9413
64278,Cocal De Telha,PI,-4.555,-41.9696
64280,Campo Maior,PI,-4.8303,-42.1699
64283,Boqueirao Do Piaui,PI,-4.4853,-42.1127
64285,Sigefredo Pacheco,PI,-4.9249,-41.7404
64288,Nossa Senhora De Nazare,PI,-4.6308,-42.1796
64290,Altos,PI,-5.0379,-42.4596
64300,Valenca Do Piaui,PI,-6.4031,-41.7385
64308,Lagoa Do Sitio,PI,-6.5152,-41.5705
64310,Aroazes,PI,-6.1053,-41.7883
64315,Santa Cruz Dos Milagres,PI,-5.8037,-41.9553
64320,Pimenteiras,PI,-6.2354,-41.4205
64325,Elesbao Veloso,PI,-6.2026,-42.1393
64330,Sao Miguel Do Tapuio,PI,-5.5031,-41.323
64333,Assuncao Do Piaui,PI,-5.8642,-41.0607
64335,Coivaras,PI,-5.0906,-42.2032
64340,Castelo Do Piaui,PI,-5.3193,-41.551
64343,Juazeiro Do Piaui,PI,-5.1665,-41.7071
64345,Buriti Dos Montes,PI,-5.3141,-41.0956
64350,Sao Joao Da Serra,PI,-5.5132,-41.896
64360,Alto Longa,PI,-5.2524,-42.208
64365,Novo Santo Antonio,PI,-5.2861,-41.9321
64370,Prata Do Piaui,PI,-5.6659,-42.2056
64375,Sao Felix Do Piaui,PI,-5.9335,-42.1113
64378,Sao Miguel Da Baixa Grande,PI,-5.8538,-42.2107
64380,Beneditinos,PI,-5.4543,-42.3612
64388,Lagoa Do Piaui,PI,-5.4097,-42.6468
64390,Demerval Lobao,PI,-5.358,-42.6767
64395,Passagem Franca Do Piaui,PI,-5.8556,-42.4395
64400,Amarante,PI,-6.2428,-42.8535
64410,Angical Do Piaui,PI,-6.079,-42.7361
64420,Palmeirais,PI,-5.9732,-43.0581
64430,Sao Pedro Do Piaui,PI,-5.9205,-42.72
64435,Sao Goncalo Do Piaui,PI,-5.997,-42.7029
64440,Agricolandia,PI,-5.797,-42.6647
64445,Miguel Leao,PI,-5.6812,-42.7382
64450,Monsenhor Gil,PI,-5.5584,-42.6123
64453,Curralinhos,PI,-5.62,-42.8312
64455,Barro Duro,PI,-5.82,-42.5113
64460,Agua Branca,PI,-5.8921,-42.634
64465,Lagoinha Do Piaui,PI,-5.8374,-42.628
64468,Olho D'Água Do Piauí,PI,-5.8462,-42.5804
64470,Hugo Napoleao,PI,-5.9888,-42.5593
64475,Francisco Ayres,PI,-6.6228,-42.6951
64480,Arraial,PI,-6.652,-42.5323
64490,Regeneracao,PI,-6.2282,-42.6895
64495,Jardim Do Mulato,PI,-6.0956,-42.6364
64500,Oeiras,PI,-7.0159,-42.1265
64510,Sao Joao Da Varjota,PI,-6.9135,-41.8639
64512,Tanque Do Piaui,PI,-6.5988,-42.2822
64514,Cajazeiras Do Piauí,PI,-6.7941,-42.3935
64516,Colonia Do Piaui,PI,-7.2262,-42.1788
64518,Santa Rosa Do Piaui,PI,-6.7989,-42.2732
64520,Francinopolis,PI,-6.396,-42.2604
64525,Varzea Grande,PI,-6.5477,-42.2505
64528,Barra D'Alcântara,PI,-6.5211,-42.1056
64530,Novo Oriente Do Piaui,PI,-6.4563,-41.9334
64535,Inhuma,PI,-6.6668,-41.7084
64540,Ipiranga Do Piaui,PI,-6.8229,-41.7436
64545,Santa Cruz Do Piaui,PI,-7.1813,-41.7654
64548,Wall Ferraz,PI,-7.2381,-41.8957
64550,Sao Francisco Do Piaui,PI,-7.2228,-42.5264
64555,Sao Jose Do Peixe,PI,-7.4948,-42.5657
64558,Sao Miguel Do Fidalgo,PI,-7.5833,-42.3709
64560,Santo Inacio Do Piaui,PI,-7.4265,-41.9114
64563,Floresta Do Piaui,PI,-7.4671,-41.8003
64565,Itainopolis,PI,-7.4478,-41.4815
64568,Vera Mendes,PI,-7.6048,-41.4805
64570,Isaias Coelho,PI,-7.7385,-41.6787
64573,Massape Do Piaui,PI,-7.4655,-41.1213
64575,Jaicos,PI,-7.3567,-41.1404
64578,Campo Grande Do Piaui,PI,-7.1478,-41.0443
64585,Simoes,PI,-7.5969,-40.818
64590,Caridade Do Piaui,PI,-7.7324,-40.9886
64595,Curral Novo Do Piaui,PI,-7.8315,-40.9016
64600,Picos,PI,-7.085,-41.4699
64601,Picos,PI,-7.0777,-41.472
64604,Picos,PI,-7.0709,-41.4504
64605,Picos,PI,-7.0782,-41.4533
64606,Picos,PI,-7.0846,-41.4097
64607,Picos,PI,-7.082,-41.4458
64608,Picos,PI,-7.0873,-41.4345
64615,Santana Do Piaui,PI,-6.9457,-41.5107
64618,Paqueta,PI,-7.1031,-41.7031
64620,Dom Expedito Lopes,PI,-6.9617,-41.6751
64625,Sao Jose Do Piaui,PI,-6.864,-41.4779
64630,Bocaina,PI,-6.9458,-41.3222
64635,Sao Joao Da Canabrava,PI,-6.818,-41.3464
64640,Santo Antonio De Lisboa,PI,-6.9829,-41.229
64645,Francisco Santos,PI,-6.9948,-41.1349
64650,Monsenhor Hipolito,PI,-6.9969,-41.0282
64655,Alagoinha Do Piaui,PI,-7.0089,-40.9374
64660,Pio Ix,PI,-6.8349,-40.6135
64670,Sao Juliao,PI,-7.0932,-40.8322
64675,Alegrete Do Piaui,PI,-7.2416,-40.848
64678,Belem Do Piaui,PI,-7.3751,-40.9676
64680,Padre Marcos,PI,-7.353,-40.9083
64685,Marcolandia,PI,-7.4443,-40.6625
64688,Vila Nova Do Piaui,PI,-7.1425,-40.9406
64690,Fronteiras,PI,-7.086,-40.6154
64695,Caldeirao Grande Do Piaui,PI,-7.3322,-40.6367
64700,Simplicio Mendes,PI,-7.8599,-41.9103
64705,Bela Vista Do Piaui,PI,-7.9713,-41.8712
64710,Paes Landim,PI,-7.7779,-42.2547
64720,Socorro Do Piaui,PI,-7.8645,-42.5034
64725,Ribeira Do Piaui,PI,-7.7538,-42.6785
64728,Pedro Laurentino,PI,-8.0707,-42.2958
64730,Campinas Do Piaui,PI,-7.6593,-41.8814
64740,Conceicao Do Caninde,PI,-7.9031,-41.565
64745,Sao Francisco De Assis Do Piaui,PI,-8.2246,-41.6776
64748,Acaua,PI,-8.2185,-41.0811
64750,Paulistana,PI,-8.1353,-41.1441
64753,Betania Do Piaui,PI,-8.1455,-40.7958
64755,Jacobina Do Piaui,PI,-7.9375,-41.2103
64758,Queimada Nova,PI,-8.581,-41.4188
64760,Sao Joao Do Piaui,PI,-8.2303,-42.2523
64763,Capitao Gervasio Oliveira,PI,-8.4958,-41.8341
64764,Nova Santa Rita,PI,-8.0745,-42.0496
64767,Campo Alegre Do Fidalgo,PI,-8.3779,-41.8357
64768,Lagoa Do Barro Do Piaui,PI,-8.4836,-41.5488
64770,Sao Raimundo Nonato,PI,-9.0145,-42.6914
64773,Varzea Branca,PI,-9.2362,-42.9624
64778,Sao Lourenco Do Piaui,PI,-9.1691,-42.5444
64780,Anisio De Abreu,PI,-9.1862,-43.0489
64782,Jurema,PI,-9.2205,-43.1291
64783,Sao Braz Do Piaui,PI,-9.0652,-42.9926
64785,Dirceu Arcoverde,PI,-9.341,-42.4367
64788,Fartura Do Piauí,PI,-9.4816,-42.7896
64790,Dom Inocencio,PI,-8.9882,-41.9578
64793,Coronel Jose Dias,PI,-8.8262,-42.4798
64795,Caracol,PI,-9.2825,-43.3281
64798,Guaribas,PI,-9.3957,-43.6896
64800,Floriano,PI,-6.7717,-43.0231
64801,Floriano,PI,-6.7734,-43.0347
64803,Floriano,PI,-6.764,-43.0107
64804,Floriano,PI,-6.7728,-43.0099
64806,Floriano,PI,-6.7767,-43.0165
64807,Floriano,PI,-6.7878,-43.0113
64808,Floriano,PI,-6.7825,-43.0331
64809,Floriano,PI,-6.7726,-43.0435
64815,Flores Do Piaui,PI,-7.7936,-42.9236
64820,Itaueira,PI,-7.6004,-43.0265
64825,Nazare Do Piaui,PI,-6.9684,-42.6737
64835,Rio Grande Do Piaui,PI,-7.7758,-43.1372
64838,Pavussu,PI,-7.965,-43.2252
64840,Guadalupe,PI,-6.7955,-43.5867
64845,Marcos Parente,PI,-7.1209,-43.8897
64850,Landri Sales,PI,-7.2642,-43.9292
64855,Antonio Almeida,PI,-7.2208,-44.1948
64858,Porto Alegre Do Piaui,PI,-6.9701,-44.1997
64860,Urucui,PI,-7.2375,-44.5551
64865,Ribeiro Goncalves,PI,-7.5598,-45.2438
64868,Baixa Grande Do Ribeiro,PI,-7.9084,-45.2109
64870,Bertolinia,PI,-7.6397,-43.9525
64873,Sebastiao Leal,PI,-7.57,-44.0632
64875,Manoel Emidio,PI,-8.0087,-43.8723
64880,Eliseu Martins,PI,-8.0988,-43.6605
64885,Colonia Do Gurgueia,PI,-8.1713,-43.778
64890,Canto Do Buriti,PI,-8.1101,-42.9468
64893,Tamboril Do Piaui,PI,-8.4013,-42.9126
64895,Brejo Do Piaui,PI,-8.2064,-42.8346
64898,Pajeu Do Piaui,PI,-7.8566,-42.8218
64900,Bom Jesus,PI,-9.075,-44.3643
64910,Santa Luz,PI,-8.9525,-44.1301
64915,Redencao Do Gurgueia,PI,-9.4866,-44.5851
64920,Cristino Castro,PI,-8.8159,-44.2208
64923,Alvorada Do Gurgueia,PI,-8.4526,-43.9415
64925,Palmeira Do Piaui,PI,-8.7271,-44.2373
64930,Gilbues,PI,-9.831,-45.3391
64940,Monte Alegre Do Piaui,PI,-9.7508,-45.3044
64945,Santa Filomena,PI,-9.1144,-45.9216
64960,Curimata,PI,-10.0355,-44.3053
64963,Julio Borges,PI,-10.3274,-44.2365
64965,Avelino Lopes,PI,-10.1417,-43.9487
64968,Morro Cabeca No Tempo,PI,-9.7225,-43.9
64970,Parnagua,PI,-10.2158,-44.6146
64975,Riacho Frio,PI,-10.1283,-44.9524
64980,Corrente,PI,-10.424,-45.1653
64990,Barreiras Do Piauí,PI,-9.9236,-45.4763
64993,Sao Goncalo Do Gurgueia,PI,-10.03,-45.3044
64995,Cristalandia Do Piaui,PI,-10.6678,-45.1763
65000,Sao Luis,MA,-2.5723,-44.2048
65010,Sao Luis,MA,-2.5351,-44.2921
65015,Sao Luis,MA,-2.535,-44.2985
65020,Sao Luis,MA,-2.5274,-44.292
65021,Sao Luis,MA,-2.5308,-44.2916
65025,Sao Luis,MA,-2.5381,-44.2893
65026,Sao Luis,MA,-2.5423,-44.2745
65030,Sao Luis,MA,-2.5444,-44.281
65031,Sao Luis,MA,-2.544,-44.2835
65032,Sao Luis,MA,-2.5657,-44.257
65033,Sao Luis,MA,-2.5401,-44.2252
65035,Sao Luis,MA,-2.5327,-44.2792
65036,Sao Luis,MA,-2.5422,-44.2653
65037,Sao Luis,MA,-2.5403,-44.2672
65040,Sao Luis,MA,-2.5506,-44.2646
65041,Sao Luis,MA,-2.551,-44.2651
65042,Sao Luis,MA,-2.5581,-44.2627
65043,Sao Luis,MA,-2.5576,-44.2499
65044,Sao Luis,MA,-2.5575,-44.2634
65045,Sao Luis,MA,-2.5493,-44.2498
65046,Sao Luis,MA,-2.5484,-44.2504
65047,Sao Luis,MA,-2.5483,-44.236
65048,Sao Luis,MA,-2.5545,-44.2444
65049,Sao Luis,MA,-2.5528,-44.2539
65050,Sao Luis,MA,-2.5475,-44.2241
65051,Sao Luis,MA,-2.5384,-44.2157
65052,Sao Luis,MA,-2.5435,-44.2229
65053,Sao Luis,MA,-2.5465,-44.2138
65054,Sao Luis,MA,-2.5445,-44.2119
65055,Sao Luis,MA,-2.5619,-44.2326
65056,Sao Luis,MA,-2.5609,-44.2357
65057,Sao Luis,MA,-2.5655,-44.2306
65058,Sao Luis,MA,-2.5709,-44.2065
65059,Sao Luis,MA,-2.5523,-44.2316
65060,Sao Luis,MA,-2.5453,-44.235
65061,Sao Luis,MA,-2.5337,-44.2508
65062,Sao Luis,MA,-2.536,-44.2373
65063,Sao Luis,MA,-2.5311,-44.2356
65064,Sao Luis,MA,-2.5335,-44.2388
65065,Sao Luis,MA,-2.501,-44.2271
65066,Sao Luis,MA,-2.5163,-44.2282
65067,Sao Luis,MA,-2.513,-44.2343
65068,Sao Luis,MA,-2.5092,-44.2317
65070,Sao Luis,MA,-2.5225,-44.2593
65071,Sao Luis,MA,-2.4998,-44.261
65072,Sao Luis,MA,-2.5012,-44.2482
65073,Sao Luis,MA,-2.5177,-44.2415
65074,Sao Luis,MA,-2.5167,-44.2564
65075,Sao Luis,MA,-2.5022,-44.2923
65076,Sao Luis,MA,-2.5144,-44.2981
65077,Sao Luis,MA,-2.498,-44.2978
65078,Sao Luis,MA,-2.513,-44.2643
65080,Sao Luis,MA,-2.5565,-44.3104
65081,Sao Luis,MA,-2.5455,-44.2627
65082,Sao Luis,MA,-2.5482,-44.2981
65083,Sao Luis,MA,-2.5511,-44.2151
65085,Sao Luis,MA,-2.5528,-44.3176
65086,Sao Luis,MA,-2.5597,-44.3348
65090,Sao Luis,MA,-2.5627,-44.2502
65091,Sao Luis,MA,-2.546,-44.2639
65092,Sao Luis,MA,-2.5746,-44.2304
65093,Sao Luis,MA,-2.5634,-44.2461
65094,Sao Luis,MA,-2.5057,-44.3103
65095,Sao Luis,MA,-2.5423,-44.2783
65110,Sao Jose De Ribamar,MA,-2.5518,-44.139
65130,Paco Do Lumiar,MA,-2.5325,-44.1616
65137,Paço do Lumiar,MA,-2.5254,-44.1012
65138,Raposa,MA,-2.4464,-44.1254
65140,Presidente Juscelino,MA,-2.9232,-44.0627
65143,Bacabeira,MA,-2.9496,-44.3293
65145,Santa Rita,MA,-3.1354,-44.3209
65148,Axixa,MA,-2.8372,-44.0556
65150,Rosario,MA,-2.9402,-44.2495
65160,Morros,MA,-2.8661,-44.041
65170,Icatu,MA,-2.775,-44.0595
65180,Humberto De Campos,MA,-2.6262,-43.4836
65190,Primeira Cruz,MA,-2.5113,-43.4409
65195,Santo Amaro,MA,-2.5004,-43.2538
65200,Pinheiro,MA,-2.524,-45.0862
65204,Presidente Sarney,MA,-2.5947,-45.3954
65206,Pedro Do Rosário,MA,-2.9681,-45.3485
65208,Santa Helena,MA,-2.2439,-45.2968
65210,Cajari,MA,-3.3218,-45.0149
65213,Penalva,MA,-3.2852,-45.1779
65215,Viana,MA,-3.2116,-45.0017
65218,Matinha,MA,-3.1004,-45.0324
65220,Sao Vicente Ferrer,MA,-2.8963,-44.8826
65223,Olinda Nova Do Maranhão,MA,-2.9942,-44.9989
65225,Sao Joao Batista,MA,-2.9659,-44.8123
65230,Cajapio,MA,-2.8763,-44.6729
65233,Bacurituba,MA,-2.7078,-44.74
65235,Sao Bento,MA,-2.701,-44.8336
65238,Palmeirandia,MA,-2.6476,-44.8956
65245,Peri Mirim,MA,-2.5778,-44.8572
65248,Bequimao,MA,-2.4511,-44.7873
65250,Alcantara,MA,-2.3925,-44.4539
65255,Guimaraes,MA,-2.1313,-44.6113
65260,Cedral,MA,-1.9993,-44.5359
65263,Porto Rico Do Maranhao,MA,-1.8798,-44.6
65265,Mirinzal,MA,-2.0669,-44.7852
65267,Central Do Maranhao,MA,-2.1948,-44.828
65268,Cururupu,MA,-1.8275,-44.8703
65269,Serrano Do Maranhao,MA,-1.8542,-45.1131
65270,Bacuri,MA,-1.7281,-45.1418
65272,Santa Luzia Do Parua,MA,-2.5455,-45.7752
65274,Nova Olinda Do Maranhao,MA,-2.8064,-45.7042
65275,Apicum-Acu,MA,-1.5322,-45.0795
65276,Turilandia,MA,-2.2258,-45.3068
65278,Turiacu,MA,-1.6667,-45.3708
65279,Presidente Medici,MA,-2.3802,-45.8243
65280,Candido Mendes,MA,-1.4889,-45.7306
65283,Maranhaozinho,MA,-2.2444,-45.8586
65284,Governador Nunes Freire,MA,-2.0943,-45.8793
65285,Godofredo Viana,MA,-1.4021,-45.7761
65288,Centro Do Guilherme,MA,-2.4676,-45.8734
65289,Maracacume,MA,-2.0476,-45.9577
65290,Luis Domingues,MA,-1.3303,-45.899
65292,Boa Vista Do Gurupi,MA,-1.7953,-46.292
65293,Amapa Do Maranhao,MA,-1.674,-46.0108
65294,Junco Do Maranhao,MA,-1.8788,-46.0725
65295,Carutapera,MA,-1.2041,-46.021
65299,Centro Novo Do Maranhao,MA,-2.1758,-46.1678
65300,Santa Ines,MA,-3.6616,-45.38
65301,Santa Ines,MA,-3.6528,-45.388
65302,Santa Ines,MA,-3.6569,-45.3706
65304,Santa Ines,MA,-3.6657,-45.3682
65306,Santa Ines,MA,-3.6687,-45.3837
65310,Altamira Do Maranhao,MA,-4.1692,-45.4868
65315,Brejo De Areia,MA,-4.3305,-45.5872
65320,Vitorino Freire,MA,-4.2869,-45.2474
65335,Bela Vista Do Maranhao,MA,-3.745,-45.2602
65340,Conceicao Do Lago-Acu,MA,-3.8385,-44.8858
65345,Igarape Do Meio,MA,-3.6302,-45.167
65350,Vitoria Do Mearim,MA,-3.4842,-44.8805
65360,Moncao,MA,-3.4953,-45.2477
65363,Governador Newton Bello,MA,-3.4131,-45.6979
65365,Ze Doca,MA,-3.2763,-45.6549
65368,Araguana,MA,-2.9505,-45.6654
65370,Pindare Mirim,MA,-3.6197,-45.3494
65378,Tufilandia,MA,-3.7026,-45.5097
65380,Bom Jardim,MA,-3.5437,-45.6088
65385,Sao Joao Do Caru,MA,-3.5307,-46.2751
65390,Santa Luzia,MA,-3.9892,-45.6712
65393,Buriticupu,MA,-4.3168,-46.458
65395,Bom Jesus Das Selvas,MA,-4.5029,-46.8555
65398,Alto Alegre Do Pindare,MA,-3.7241,-45.864
65400,Codo,MA,-4.4618,-43.8916
65413,Alto Alegre Do Maranhao,MA,-4.2141,-44.4495
65415,Coroata,MA,-4.1294,-44.1265
65418,Peritoro,MA,-4.3743,-44.3411
65420,Timbiras,MA,-4.2569,-43.9401
65430,Vargem Grande,MA,-3.5441,-43.9183
65440,Sao Benedito Do Rio Preto,MA,-3.3313,-43.5293
65450,Nina Rodrigues,MA,-3.4636,-43.9082
65455,Presidente Vargas,MA,-3.3913,-43.992
65460,Pirapemas,MA,-3.7273,-44.2274
65465,Cantanhede,MA,-3.6352,-44.378
65468,Matoes Do Norte,MA,-3.6283,-44.5568
65470,Sao Mateus Do Maranhao,MA,-4.0324,-44.4658
65480,Arari,MA,-3.451,-44.7784
65485,Itapecuru Mirim,MA,-3.3903,-44.3667
65490,Anajatuba,MA,-3.2658,-44.6156
65495,Miranda Do Norte,MA,-3.5635,-44.5821
65500,Chapadinha,MA,-3.7408,-43.3605
65505,Afonso Cunha,MA,-4.1311,-43.324
65510,Mata Roma,MA,-3.624,-43.115
65515,Buriti,MA,-3.9442,-42.9144
65520,Brejo,MA,-3.6797,-42.7532
65525,Anapurus,MA,-3.6742,-43.1104
65530,Urbano Santos,MA,-3.2083,-43.4031
65535,Belagua,MA,-3.1601,-43.5048
65540,Santa Quiteria Do Maranhao,MA,-3.4858,-42.5862
65545,Milagres Do Maranhao,MA,-3.5809,-42.6119
65550,Sao Bernardo,MA,-3.3508,-42.4223
65555,Santana Do Maranhao,MA,-3.117,-42.414
65560,Magalhaes De Almeida,MA,-3.395,-42.2053
65570,Araioses,MA,-2.8856,-41.9043
65578,Agua Doce Do Maranhao,MA,-2.8692,-42.13
65580,Tutoia,MA,-2.7709,-42.2772
65582,Barro Duro,MA,-2.8906,-42.31
65585,Paulino Neves,MA,-2.7469,-42.5478
65590,Barreirinhas,MA,-2.7572,-42.8318
65600,Caxias,MA,-4.8598,-43.3532
65602,Caxias,MA,-4.8539,-43.357
65603,Caxias,MA,-4.8378,-43.356
65604,Caxias,MA,-4.8665,-43.3475
65605,Caxias,MA,-4.8714,-43.345
65606,Caxias,MA,-4.8804,-43.3534
65607,Caxias,MA,-4.869,-43.3671
65608,Caxias,MA,-4.8603,-43.3711
65609,Caxias,MA,-4.8721,-43.3553
65610,Aldeias Altas,MA,-4.626,-43.4673
65615,São João Do Soter,MA,-5.1123,-43.8077
65620,Coelho Neto,MA,-4.2546,-43.015
65625,Duque Bacelar,MA,-4.1525,-42.9462
65630,Timon,MA,-5.1029,-42.8243
65631,Timon,MA,-5.0905,-42.8359
65632,Timon,MA,-5.1092,-42.8323
65633,Timon,MA,-5.1224,-42.8355
65634,Timon,MA,-5.1131,-42.8323
65635,Timon,MA,-5.1165,-42.8367
65636,Timon,MA,-5.1014,-42.8377
65637,Timon,MA,-5.1162,-42.8372
65640,Parnarama,MA,-5.6815,-43.0939
65645,Matoes,MA,-5.5213,-43.2035
65650,Sao Francisco Do Maranhao,MA,-6.2273,-42.9912
65660,Barao De Grajau,MA,-6.7505,-43.0415
65665,Sao Joao Dos Patos,MA,-6.4975,-43.7015
65668,Sucupira Do Riachao,MA,-6.4137,-43.5453
65670,Paraibano,MA,-6.4317,-43.988
65680,Passagem Franca,MA,-6.1799,-43.7792
65683,Lagoa Do Mato,MA,-6.0496,-43.5272
65685,Buriti Bravo,MA,-5.8395,-43.8343
65690,Colinas,MA,-6.0304,-44.2472
65693,Jatoba,MA,-5.8181,-44.2252
65695,Fortuna,MA,-5.7327,-44.1555
65700,Bacabal,MA,-4.2264,-44.7891
65704,Bom Lugar,MA,-4.3724,-45.0316
65705,Lago Verde,MA,-4.0418,-44.9362
65706,Olho D'Agua Das Cunhas,MA,-4.1418,-45.116
65707,Pio Xii,MA,-3.8894,-45.1704
65708,São Luís Gonzaga Do Maranhão,MA,-4.3775,-44.6719
65709,Satubinha,MA,-4.0386,-45.2374
65710,Lago Do Junco,MA,-4.6059,-45.0515
65712,Lago Dos Rodrigues,MA,-4.6125,-44.9792
65714,Maraja Do Sena,MA,-4.62,-45.46
65715,Lago Da Pedra,MA,-4.5654,-45.1294
65716,Paulo Ramos,MA,-4.4475,-45.2393
65718,Lagoa Grande Do Maranhao,MA,-4.9932,-45.3882
65720,Igarape Grande,MA,-4.6615,-44.8555
65723,Bernardo Do Mearim,MA,-4.6307,-44.7616
65725,Pedreiras,MA,-4.5729,-44.5988
65727,Trizidela Do Vale,MA,-4.5668,-44.6173
65728,Lima Campos,MA,-4.5235,-44.4638
65730,Santo Antonio Dos Lopes,MA,-4.861,-44.3754
65735,Capinzal Do Norte,MA,-4.7171,-44.3267
65740,Pocao De Pedras,MA,-4.7536,-44.9424
65750,Esperantinopolis,MA,-4.8786,-44.8834
65753,Sao Raimundo Do Doca Bezerra,MA,-5.1048,-45.0815
65755,Joselandia,MA,-4.9816,-44.6995
65758,Sao Roberto,MA,-5.0215,-44.995
65760,Presidente Dutra,MA,-5.2933,-44.4915
65762,Sao Jose Dos Basilios,MA,-5.0435,-44.5726
65763,Tuntum,MA,-5.2609,-44.6442
65765,Dom Pedro,MA,-5.0369,-44.438
65768,Santa Filomena Do Maranhao,MA,-5.4997,-44.561
65770,Governador Archer,MA,-5.0248,-44.27
65775,Goncalves Dias,MA,-5.1551,-44.2999
65780,Governador Eugenio Barros,MA,-5.3257,-44.2339
65783,Senador Alexandre Costa,MA,-5.2589,-44.056
65785,Graca Aranha,MA,-5.4086,-44.3324
65790,Sao Domingos Do Maranhao,MA,-5.5823,-44.3809
65795,Governador Luiz Rocha,MA,-5.4855,-44.0843
65800,Balsas,MA,-7.5315,-46.0431
65805,Fortaleza Dos Nogueiras,MA,-6.9642,-46.177
65808,Nova Colinas,MA,-7.1189,-46.2599
65810,Alto Parnaiba,MA,-9.1235,-45.9451
65820,Tasso Fragoso,MA,-8.4767,-45.747
65830,Sambaíba,MA,-7.1314,-45.4112
65840,Sao Raimundo Das Mangabeiras,MA,-7.0206,-45.5027
65850,Mirador,MA,-6.3429,-44.4327
65860,Sucupira Do Norte,MA,-6.4778,-44.1912
65870,Pastos Bons,MA,-6.5997,-44.0844
65880,Nova Iorque,MA,-6.739,-44.044
65885,Benedito Leite,MA,-7.2185,-44.5551
65888,Sao Domingos Do Azeitao,MA,-6.8141,-44.6286
65890,Sao Felix De Balsas,MA,-7.0839,-44.8131
65895,Loreto,MA,-7.088,-45.1361
65900,Imperatriz,MA,-5.5203,-47.483
65901,Imperatriz,MA,-5.5268,-47.483
65903,Imperatriz,MA,-5.5196,-47.4751
65904,Imperatriz,MA,-5.4833,-47.4923
65905,Imperatriz,MA,-5.4973,-47.4879
65906,Imperatriz,MA,-5.4847,-47.4882
65907,Imperatriz,MA,-5.5161,-47.4821
65908,Imperatriz,MA,-5.4896,-47.4704
65910,Imperatriz,MA,-5.5164,-47.4769
65911,Imperatriz,MA,-5.5066,-47.4767
65912,Imperatriz,MA,-5.5192,-47.4614
65913,Imperatriz,MA,-5.5236,-47.4684
65914,Imperatriz,MA,-5.51,-47.457
65915,Imperatriz,MA,-5.5303,-47.4559
65916,Imperatriz,MA,-5.5314,-47.4759
65917,Imperatriz,MA,-5.4957,-47.4822
65918,Imperatriz,MA,-5.5394,-47.4548
65919,Imperatriz,MA,-5.5117,-47.4766
65920,Sao Pedro Da Agua Branca,MA,-5.0767,-48.4188
65921,Cidelandia,MA,-5.1734,-47.7862
65922,Joao Lisboa,MA,-5.4469,-47.4052
65923,Amarante Do Maranhao,MA,-5.5504,-46.7192
65924,Vila Nova Dos Martirios,MA,-5.1651,-48.1272
65925,Sitio Novo,MA,-5.8775,-46.7025
65927,Davinopolis,MA,-5.527,-47.3946
65928,Governador Edison Lobao,MA,-5.7504,-47.3615
65929,Sao Francisco Do Brejao,MA,-5.1256,-47.3855
65930,Acailandia,MA,-4.9459,-47.4845
65935,Senador La Rocque,MA,-5.4825,-47.2208
65936,Montes Altos,MA,-5.8324,-47.0667
65937,Lajeado Novo,MA,-6.1909,-47.0368
65938,Ribamar Fiquene,MA,-5.9289,-47.3841
65939,Itinga Do Maranhao,MA,-4.4458,-47.5187
65940,Grajau,MA,-5.8173,-46.1456
65943,Formosa Da Serra Negra,MA,-6.44,-46.1886
65945,Arame,MA,-4.8897,-46.0068
65948,Itaipava Do Grajau,MA,-5.2751,-45.8555
65950,Barra Do Corda,MA,-5.5045,-45.2467
65962,Jenipapo Dos Vieiras,MA,-5.3668,-45.6212
65968,Campestre Do Maranhao,MA,-6.2074,-47.3045
65970,Porto Franco,MA,-6.3441,-47.3939
65973,Sao Joao Do Paraiso,MA,-6.4653,-47.0543
65975,Estreito,MA,-6.5596,-47.4442
65978,Sao Pedro Dos Crentes,MA,-6.8209,-46.5351
65980,Carolina,MA,-7.3317,-47.4687
65990,Riachao,MA,-7.3644,-46.6272
65995,Feira Nova Do Maranhao,MA,-6.9623,-46.6846
66010,Belem,PA,-1.4507,-48.4976
66013,Belem,PA,-1.3373,-48.4824
66015,Belem,PA,-1.4449,-48.4957
66017,Belem,PA,-1.4475,-48.4826
66019,Belem,PA,-1.452,-48.4993
66020,Belem,PA,-1.4608,-48.501
66023,Belem,PA,-1.4614,-48.4975
66025,Belem,PA,-1.4643,-48.4928
66030,Belem,PA,-1.469,-48.4891
66033,Belem,PA,-1.4611,-48.4839
66035,Belem,PA,-1.4544,-48.4878
66040,Belem,PA,-1.4556,-48.4794
66045,Belem,PA,-1.4615,-48.479
66050,Belem,PA,-1.437,-48.4871
66053,Belem,PA,-1.448,-48.4902
66055,Belem,PA,-1.4445,-48.4845
66060,Belem,PA,-1.4485,-48.4754
66063,Belem,PA,-1.4563,-48.4721
66065,Belem,PA,-1.4646,-48.4744
66070,Belem,PA,-1.4502,-48.4593
66073,Belem,PA,-1.4574,-48.4638
66075,Belem,PA,-1.4593,-48.4633
66077,Belem,PA,-1.4038,-48.4575
66079,Belem,PA,-1.4642,-48.452
66080,Belem,PA,-1.4266,-48.4657
66083,Belem,PA,-1.4274,-48.4729
66085,Belem,PA,-1.4337,-48.4698
66087,Belem,PA,-1.4266,-48.4641
66090,Belem,PA,-1.4344,-48.4664
66093,Belem,PA,-1.4381,-48.4625
66095,Belem,PA,-1.4368,-48.4554
66110,Belem,PA,-1.3971,-48.4769
66113,Belem,PA,-1.4309,-48.484
66115,Belem,PA,-1.3984,-48.4859
66117,Belem,PA,-1.4145,-48.4804
66120,Belem,PA,-1.4161,-48.4753
66123,Belem,PA,-1.4128,-48.4708
66610,Belem,PA,-1.4286,-48.4494
66613,Belem,PA,-1.4162,-48.4487
66615,Belem,PA,-1.4004,-48.4518
66617,Belem,PA,-1.3942,-48.4678
66620,Belem,PA,-1.4022,-48.4567
66623,Belem,PA,-1.4013,-48.4447
66625,Belem,PA,-1.3697,-48.4426
66630,Belem,PA,-1.3792,-48.4656
66633,Belem,PA,-1.3946,-48.4546
66635,Belem,PA,-1.328,-48.4555
66640,Belem,PA,-1.3635,-48.4493
66645,Belem,PA,-1.3833,-48.4318
66650,Belem,PA,-1.3576,-48.4386
66652,Belem,PA,-1.3683,-48.4241
66670,Belem,PA,-1.3319,-48.4423
66690,Belem,PA,-1.4006,-48.4004
66695,Belem,PA,-1.3909,-48.4732
66810,Belem,PA,-1.2882,-48.4762
66811,Belem,PA,-1.3011,-48.4702
66812,Belem,PA,-1.3122,-48.4832
66813,Belem,PA,-1.3215,-48.4723
66814,Belem,PA,-1.3178,-48.4711
66815,Belem,PA,-1.324,-48.4554
66816,Belem,PA,-1.3765,-48.4716
66820,Belem,PA,-1.3486,-48.4459
66821,Belem,PA,-1.3396,-48.4589
66822,Belem,PA,-1.3362,-48.4594
66823,Belem,PA,-1.3188,-48.4393
66825,Belem,PA,-1.3552,-48.4783
66830,Belem,PA,-1.3549,-48.4561
66831,Belem,PA,-1.3558,-48.466
66833,Belem,PA,-1.3272,-48.4536
66840,Belem,PA,-1.293,-48.4586
66843,Belem,PA,-1.2497,-48.4562
66845,Belem,PA,-1.2782,-48.4748
66910,Belem,PA,-1.163,-48.471
66911,Belem,PA,-1.1677,-48.4598
66912,Belem,PA,-1.1477,-48.4625
66913,Belem,PA,-1.2688,-48.4724
66914,Belem,PA,-1.231,-48.4501
66916,Belém,PA,-1.4579,-48.4919
66918,Belem,PA,-1.123,-48.4378
66920,Belém,PA,-1.2632,-48.4703
66923,Belem,PA,-1.097,-48.4101
67010,Ananindeua,PA,-1.3881,-48.4091
67013,Ananindeua,PA,-1.3801,-48.4156
67015,Ananindeua,PA,-1.3648,-48.3952
67020,Ananindeua,PA,-1.3793,-48.387
67030,Ananindeua,PA,-1.3656,-48.3842
67033,Ananindeua,PA,-1.373,-48.3734
67035,Ananindeua,PA,-1.3409,-48.3745
67040,Ananindeua,PA,-1.359,-48.3831
67100,Ananindeua,PA,-1.3815,-48.4243
67103,Ananindeua,PA,-1.3509,-48.3927
67105,Ananindeua,PA,-1.3654,-48.3812
67110,Ananindeua,PA,-1.39,-48.4114
67113,Ananindeua,PA,-1.3728,-48.4189
67115,Ananindeua,PA,-1.364,-48.4142
67118,Ananindeua,PA,-1.384,-48.4009
67120,Ananindeua,PA,-1.3517,-48.4186
67125,Ananindeua,PA,-1.339,-48.4057
67130,Ananindeua,PA,-1.3656,-48.4047
67133,Ananindeua,PA,-1.3592,-48.4023
67140,Ananindeua,PA,-1.3483,-48.4015
67143,Ananindeua,PA,-1.3538,-48.3925
67145,Ananindeua,PA,-1.3511,-48.3846
67146,Ananindeua,PA,-1.3607,-48.3909
67200,Marituba,PA,-1.367,-48.3376
68005,Santarem,PA,-2.4249,-54.7123
68010,Santarem,PA,-2.4337,-54.7053
68015,Santarem,PA,-2.4421,-54.699
68020,Santarem,PA,-2.4469,-54.7075
68022,Santarem,PA,-2.4637,-54.7081
68025,Santarem,PA,-2.4644,-54.7144
68030,Santarem,PA,-2.4422,-54.7234
68035,Santarem,PA,-2.446,-54.738
68038,Santarem,PA,-2.4443,-54.7467
68040,Santarem,PA,-2.4278,-54.7299
68041,Santarem,PA,-2.424,-54.7329
68045,Santarem,PA,-2.4542,-54.7006
68047,Santarem,PA,-2.4575,-54.7486
68050,Santarem,PA,-2.4657,-54.7172
68129,Mojui Dos Campos,PA,-2.6832,-54.6385
68130,Prainha,PA,-1.9351,-53.6025
68138,Placas,PA,-3.8669,-54.2176
68140,Uruara,PA,-3.7203,-53.7397
68143,Belterra,PA,-2.699,-54.9218
68145,Medicilandia,PA,-3.4509,-52.8907
68148,Brasil Novo,PA,-3.3029,-52.5394
68165,Ruropolis,PA,-4.1041,-54.923
68170,Juruti,PA,-2.159,-56.0852
68180,Itaituba,PA,-4.2644,-55.9863
68181,Itaituba,PA,-4.2677,-55.9898
68182,Itaituba,PA,-4.2615,-55.9942
68184,Itaituba,PA,-4.2699,-55.9833
68193,Novo Progresso,PA,-7.0935,-55.4031
68195,Jacareacanga,PA,-6.2223,-57.7594
68198,Trairao,PA,-4.7156,-56.0029
68200,Alenquer,PA,-1.9461,-54.7382
68210,Curua,PA,-1.8901,-55.117
68220,Monte Alegre,PA,-1.997,-54.071
68230,Almeirim,PA,-1.5275,-52.5771
68250,Obidos,PA,-1.9044,-55.5151
68270,Oriximina,PA,-1.7637,-55.8634
68275,Porto Trombetas,PA,-1.6758,-53.2777
68280,Faro,PA,-2.1735,-56.7444
68285,Terra Santa,PA,-2.1048,-56.4904
68300,Gurupa,PA,-1.4081,-51.6462
68330,Porto De Moz,PA,-1.7538,-52.2364
68360,Senador Jose Porfirio,PA,-2.6158,-51.9361
68365,Anapu,PA,-3.4637,-51.207
68371,Altamira,PA,-3.2082,-52.2139
68372,Altamira,PA,-3.2169,-52.2219
68373,Altamira,PA,-3.2138,-52.2267
68374,Altamira,PA,-3.2059,-52.2239
68375,Altamira,PA,-3.1957,-52.2177
68376,Altamira,PA,-3.2014,-52.1949
68377,Altamira,PA,-3.1943,-52.2068
68379,Castelo Dos Sonhos,PA,-20.615,-41.2061
68380,Sao Felix Do Xingu,PA,-6.693,-51.981
68383,Vitória Do Xingu,PA,-2.9417,-52.0137
68385,Tucuma,PA,-6.7532,-51.1568
68388,Bannach,PA,-7.6449,-50.3575
68390,Ourilandia Do Norte,PA,-6.7833,-51.0816
68398,Cumaru Do Norte,PA,-7.8113,-50.7692
68400,Cameta,PA,-2.2506,-49.4977
68415,Limoeiro Do Ajuru,PA,-1.8963,-49.3824
68420,Mocajuba,PA,-2.5816,-49.5064
68430,Igarape-Miri,PA,-1.9799,-48.9597
68435,Maiauata,PA,-1.9677,-48.9544
68440,Abaetetuba,PA,-1.723,-48.8811
68445,Barcarena,PA,-1.5102,-48.6274
68447,Barcarena,PA,-1.5177,-48.6765
68448,Murucupi,PA,-1.565,-48.7615
68450,Moju,PA,-1.8898,-48.767
68455,Tucurui,PA,-3.8203,-49.6781
68456,Tucurui,PA,-3.766,-49.6743
68457,Tucurui,PA,-3.7588,-49.6746
68458,Tucurui,PA,-3.764,-49.6683
68459,Tucurui,PA,-3.7793,-49.6726
68460,Tucurui,PA,-3.756,-49.6674
68464,Hidreletrica Tucurui,PA,-3.7659,-49.6759
68465,Baiao,PA,-2.7928,-49.6694
68470,Oeiras Do Para,PA,-2.0051,-49.8588
68473,Novo Repartimento,PA,-4.2583,-49.9754
68475,Bagre,PA,-1.9,-50.2097
68480,Portel,PA,-1.9364,-50.819
68485,Pacaja,PA,-3.8153,-50.6188
68488,Breu Branco,PA,-3.775,-49.5642
68490,Melgaco,PA,-1.8058,-50.7152
68500,Maraba,PA,-5.3495,-49.1343
68501,Maraba,PA,-5.379,-49.1307
68502,Maraba,PA,-5.3685,-49.1284
68503,Maraba,PA,-5.3697,-49.1175
68504,Maraba,PA,-5.3459,-49.0806
68505,Maraba,PA,-5.3432,-49.0988
68506,Maraba,PA,-5.3466,-49.0728
68507,Maraba,PA,-5.3557,-49.0918
68508,Maraba,PA,-5.3451,-49.1152
68509,Maraba,PA,-5.3556,-49.1045
68510,Maraba,PA,-5.3638,-49.102
68511,Parauapebas,PA,-6.0654,-49.9012
68512,Maraba,PA,-5.3484,-49.0994
68513,Maraba,PA,-5.312,-49.0742
68514,Maraba,PA,-5.3671,-49.125
68515,Parauapebas,PA,-6.0744,-49.9064
68516,Carajas,PA,-12.5213,-48.4035
68520,Sao Domingos Do Araguaia,PA,-5.546,-48.7241
68521,Brejo Grande Do Araguaia,PA,-5.7173,-48.4154
68523,Curionopolis,PA,-6.111,-49.6066
68524,Eldorado Dos Carajas,PA,-6.1079,-49.361
68525,Bom Jesus Do Tocantins,PA,-5.0469,-48.5997
68527,Abel Figueiredo,PA,-4.9539,-48.3981
68530,Rio Maria,PA,-7.313,-50.0472
68533,Agua Azul Do Norte,PA,-6.8046,-50.4839
68535,Palestina Do Para,PA,-5.7962,-48.3279
68537,Canaa Dos Carajas,PA,-6.5252,-49.8728
68540,Conceicao Do Araguaia,PA,-8.2588,-49.2981
68543,Floresta Do Araguaia,PA,-7.5595,-49.6977
68545,Pau D'Arco,PA,-7.8338,-50.0415
68548,Sapucaia,PA,-6.944,-49.6993
68550,Redencao,PA,-8.0408,-50.0266
68551,Redencao,PA,-8.0413,-50.0356
68552,Redencao,PA,-8.0352,-50.0396
68553,Redencao,PA,-8.0273,-50.0273
68554,Redencao,PA,-8.0422,-50.0415
68555,Xinguara,PA,-7.0848,-49.9216
68556,Xinguara,PA,-7.0943,-49.9429
68557,Xinguara,PA,-7.099,-49.9374
68560,Santana Do Araguaia,PA,-9.3353,-50.3495
68565,Santa Maria Das Barreiras,PA,-8.8681,-49.7163
68570,Sao Geraldo Do Araguaia,PA,-6.3889,-48.5818
68575,Picarra,PA,-6.4497,-48.868
68580,Itupiranga,PA,-5.1353,-49.3564
68585,Nova Ipixuna,PA,-4.9215,-49.0788
68590,Jacunda,PA,-4.4505,-49.1156
68600,Braganca,PA,-1.0592,-46.7685
68610,Augusto Correa,PA,-1.029,-46.6319
68617,Cachoeira Do Piria,PA,-1.8005,-46.5198
68618,Nova Esperanca Do Piria,PA,-2.2572,-46.9589
68620,Viseu,PA,-1.2022,-46.139
68625,Paragominas,PA,-2.9968,-47.3572
68626,Paragominas,PA,-2.9976,-47.3584
68627,Paragominas,PA,-3.0044,-47.3719
68628,Paragominas,PA,-2.9834,-47.3499
68629,Paragominas,PA,-2.9961,-47.3512
68630,Paragominas,PA,-2.9962,-47.3427
68632,Ulianopolis,PA,-3.7499,-47.4997
68633,Dom Eliseu,PA,-4.2891,-47.5681
68635,Sao Domingos Do Capim,PA,-1.6897,-47.7622
68637,Ipixuna Do Para,PA,-2.6895,-47.6351
68638,Rondon Do Para,PA,-4.7725,-48.0727
68639,Goianesia Do Para,PA,-3.8587,-49.0767
68640,Ourem,PA,-1.5485,-47.1144
68644,Santa Luzia Do Para,PA,-1.5512,-46.9082
68645,Bonito,PA,-1.3638,-47.3078
68647,Tracuateua,PA,-1.0778,-46.903
68650,Capitao Poco,PA,-1.754,-47.0671
68655,Irituia,PA,-1.7739,-47.4421
68658,Aurora Do Para,PA,-2.1351,-47.558
68660,Sao Miguel Do Guama,PA,-1.6121,-47.4847
68665,Garrafao Do Norte,PA,-1.9344,-47.0503
68670,Bujaru,PA,-1.5148,-48.0417
68675,Mae Do Rio,PA,-2.046,-47.5562
68680,Tome-Acu,PA,-2.4025,-48.1453
68682,Quatro Bocas,PA,-2.585,-49.1252
68685,Concordia Do Para,PA,-1.996,-47.9447
68690,Acará,PA,-1.96,-48.1979
68695,Tailandia,PA,-2.94,-48.9452
68700,Capanema,PA,-1.1916,-47.1777
68701,Capanema,PA,-1.2015,-47.175
68702,Capanema,PA,-1.1978,-47.1853
68703,Capanema,PA,-1.1888,-47.186
68707,Primavera,PA,-0.9402,-47.118
68709,Quatipuru,PA,-0.8786,-47.019
68710,Maracana,PA,-0.774,-47.451
68719,Sao Joao De Pirabas,PA,-0.7789,-47.1835
68720,Santarem Novo,PA,-0.9307,-47.3928
68721,Salinopolis,PA,-0.628,-47.3461
68722,Magalhaes Barata,PA,-0.8005,-47.6009
68725,Igarape-Acu,PA,-1.128,-47.6197
68730,Nova Timboteua,PA,-1.1828,-47.3889
68734,Peixe-Boi,PA,-1.1531,-47.3032
68738,Santa Maria Do Para,PA,-1.3486,-47.5728
68740,Castanhal,PA,-1.2991,-47.9321
68741,Castanhal,PA,-1.3015,-47.9365
68742,Castanhal,PA,-1.2895,-47.9378
68743,Castanhal,PA,-1.285,-47.9271
68744,Castanhal,PA,-1.2805,-47.9159
68745,Castanhal,PA,-1.2958,-47.9138
68746,Castanhal,PA,-1.2987,-47.8983
68747,Apeu,PA,-1.2953,-47.9781
68748,Sao Francisco Do Para,PA,-1.1684,-47.7946
68750,Curuca,PA,-0.7338,-47.8535
68760,Marapanim,PA,-0.7482,-47.6893
68773,Terra Alta,PA,-1.039,-47.9106
68780,Vigia,PA,-0.8627,-48.1359
68785,Colares,PA,-0.9301,-48.2779
68786,Santo Antonio Do Taua,PA,-1.1452,-48.1276
68790,Santa Isabel Do Para,PA,-1.3011,-48.1566
68792,Americano,PA,-1.3053,-48.047
68795,Benevides,PA,-1.3505,-48.2555
68797,Benfica,PA,-20.9051,-51.3697
68798,Santa Barbara Do Para,PA,-1.2318,-48.2893
68800,Breves,PA,-1.6828,-50.4797
68810,Anajas,PA,-0.9994,-49.9261
68815,Curralinho,PA,-1.8138,-49.7965
68820,Sao Sebastiao Da Boa Vista,PA,-1.6813,-49.5505
68825,Muana,PA,-1.5343,-49.2272
68830,Ponta De Pedras,PA,-1.3952,-48.8682
68840,Cachoeira Do Arari,PA,-1.0132,-48.962
68850,Santa Cruz Do Arari,PA,-0.6646,-49.1738
68860,Salvaterra,PA,-0.7914,-48.5427
68870,Soure,PA,-0.7281,-48.515
68890,Afuá,PA,-0.1581,-50.3907
68900,Macapa,AP,0.0357,-51.0631
68901,Macapa,AP,0.0334,-51.0679
68902,Macapa,AP,0.0174,-51.0702
68903,Macapa,AP,-0.0007,-51.0842
68904,Macapa,AP,0.0164,-51.0829
68905,Macapa,AP,0.0484,-51.0537
68906,Macapa,AP,0.0363,-51.0952
68907,Macapa,AP,0.0762,-51.0471
68908,Macapa,AP,0.0557,-51.0616
68909,Macapa,AP,0.0822,-51.0588
68911,Macapa,AP,-0.034,-51.1053
68915,Ferreira Gomes,AP,0.8568,-51.1784
68920,Laranjal Do Jari,AP,-0.4679,-52.6153
68924,Vitoria Do Jari,AP,-0.9101,-52.4211
68925,Santana,AP,-0.0441,-51.1728
68926,Santana,AP,-0.0551,-51.1591
68927,Santana,AP,-0.0446,-51.1635
68928,Santana,AP,-0.0255,-51.1742
68940,Mazagao,AP,-0.107,-51.2864
68945,Pedra Branca Do Amapari,AP,0.7775,-51.9532
68948,Serra Do Navio,AP,0.8964,-52.0007
68950,Amapa,AP,2.0538,-50.7922
68960,Calcoene,AP,2.4963,-50.9521
68980,Oiapoque,AP,3.8425,-51.834
68985,Clevelandia Do Norte,AP,-16.3311,-52.1898
68997,Porto Grande,AP,0.7077,-51.4095
69005,Manaus,AM,-3.1317,-60.0192
69006,Manaus,AM,-3.0531,-59.9321
69007,Manaus,AM,-3.092,-59.9216
69008,Manaus,AM,-3.0906,-59.894
69009,Manaus,AM,-3.0605,-59.8457
69010,Manaus,AM,-3.1277,-60.0248
69015,Manaus,AM,-3.0375,-59.9993
69017,Manaus,AM,-2.9983,-59.989
69018,Manaus,AM,-2.9729,-60.0049
69020,Manaus,AM,-3.1254,-60.0165
69021,Manaus,AM,-3.0035,-60.0366
69022,Manaus,AM,-2.9954,-60.084
69023,Manaus,AM,-2.9792,-60.0223
69025,Manaus,AM,-3.12,-60.025
69027,Manaus,AM,-3.1188,-60.0333
69028,Manaus,AM,-3.0497,-60.0065
69029,Manaus,AM,-3.1125,-60.0363
69030,Manaus,AM,-3.0995,-60.0335
69033,Manaus,AM,-3.1063,-60.0343
69035,Manaus,AM,-3.1062,-60.0611
69036,Manaus,AM,-3.0942,-60.0588
69037,Manaus,AM,-3.0723,-60.0817
69038,Manaus,AM,-3.0775,-60.0569
69039,Manaus,AM,-3.0276,-60.0118
69040,Manaus,AM,-3.0886,-60.0374
69041,Manaus,AM,-3.0118,-60.0409
69042,Manaus,AM,-3.0787,-60.0505
69043,Manaus,AM,-3.0743,-60.028
69044,Manaus,AM,-3.065,-60.059
69045,Manaus,AM,-3.0653,-60.0519
69046,Manaus,AM,-3.0631,-60.0447
69047,Manaus,AM,-3.0599,-60.0423
69048,Manaus,AM,-3.0638,-60.0252
69049,Manaus,AM,-3.0532,-60.0315
69050,Manaus,AM,-3.0961,-60.0206
69053,Manaus,AM,-3.1078,-60.0239
69054,Manaus,AM,-3.0734,-60.002
69055,Manaus,AM,-3.0837,-60.0113
69057,Manaus,AM,-3.101,-60.0081
69058,Manaus,AM,-3.0593,-60.006
69059,Manaus,AM,-2.9852,-60.0117
69060,Manaus,AM,-3.0926,-60.0
69063,Manaus,AM,-3.1155,-59.9969
69065,Manaus,AM,-3.1252,-60.0055
69067,Manaus,AM,-3.1035,-59.9888
69068,Manaus,AM,-3.1254,-59.9966
69070,Manaus,AM,-3.1438,-60.0082
69072,Manaus,AM,-3.1546,-59.9829
69073,Manaus,AM,-3.1275,-59.9894
69074,Manaus,AM,-3.1353,-60.0055
69075,Manaus,AM,-3.1145,-59.9649
69076,Manaus,AM,-3.1149,-59.9783
69077,Manaus,AM,-3.1104,-59.9737
69078,Manaus,AM,-3.1112,-59.9871
69079,Manaus,AM,-3.1078,-60.0041
69080,Manaus,AM,-3.0966,-59.9857
69082,Manaus,AM,-3.0862,-59.9717
69083,Manaus,AM,-3.0786,-59.9799
69084,Manaus,AM,-3.0769,-59.9472
69085,Manaus,AM,-3.0698,-59.9564
69086,Manaus,AM,-3.0685,-59.9452
69087,Manaus,AM,-3.0609,-59.951
69088,Manaus,AM,-3.0387,-59.9339
69089,Manaus,AM,-3.092,-59.9554
69090,Manaus,AM,-3.0307,-59.992
69092,Manaus,AM,-3.0009,-59.9898
69093,Manaus,AM,-3.0191,-60.0093
69094,Manaus,AM,-3.0411,-59.977
69095,Manaus,AM,-3.0283,-59.9763
69096,Manaus,AM,-3.0375,-59.9684
69097,Manaus,AM,-3.0179,-59.968
69098,Manaus,AM,-3.0533,-59.9663
69099,Manaus,AM,-3.0301,-59.9516
69100,Itacoatiara,AM,-3.1425,-58.4441
69101,Itacoatiara,AM,-3.1316,-58.4382
69103,Itacoatiara,AM,-3.1318,-58.4317
69104,Itacoatiara,AM,-3.1401,-58.439
69114,Silves,AM,-2.8369,-58.2129
69117,Rio Preto Da Eva,AM,-2.6966,-59.7005
69120,Itapiranga,AM,-2.7454,-58.0309
69130,Urucará,AM,-2.5327,-57.7575
69135,Sao Sebastiao Do Uatuma,AM,-2.5673,-57.8736
69140,Nhamunda,AM,-2.1922,-56.7142
69151,Parintins,AM,-2.629,-56.7384
69152,Parintins,AM,-2.6403,-56.7482
69153,Parintins,AM,-2.6332,-56.731
69170,Freguesia Do Andira,AM,-2.8642,-56.998
69180,Urucurituba,AM,-3.0554,-58.0769
69190,Maues,AM,-3.3934,-57.7144
69195,Boa Vista Do Ramos,AM,-2.9689,-57.5853
69200,Borba,AM,-4.3913,-59.5936
69230,Nova Olinda Do Norte,AM,-3.8909,-59.0932
69240,Autazes,AM,-3.5815,-59.1293
69250,Careiro,AM,-3.8192,-60.3611
69255,Careiro Da Varzea,AM,-3.196,-59.8284
69260,Novo Aripuanã,AM,-5.1237,-60.373
69265,Apui,AM,-7.197,-59.8886
69280,Manicore,AM,-5.8092,-61.2958
69301,Boa Vista,RR,2.8228,-60.6707
69303,Boa Vista,RR,2.8113,-60.6783
69304,Boa Vista,RR,2.8246,-60.688
69305,Boa Vista,RR,2.8353,-60.6734
69306,Boa Vista,RR,2.833,-60.6658
69307,Boa Vista,RR,2.8556,-60.6607
69308,Boa Vista,RR,2.7964,-60.6854
69309,Boa Vista,RR,2.8137,-60.701
69310,Boa Vista,RR,2.838,-60.7045
69311,Boa Vista,RR,2.8469,-60.713
69312,Boa Vista,RR,2.813,-60.7135
69313,Boa Vista,RR,2.83,-60.7228
69314,Boa Vista,RR,2.8231,-60.7354
69315,Boa Vista,RR,2.8239,-60.6784
69316,Boa Vista,RR,2.78,-60.7347
69317,Boa Vista,RR,2.8226,-60.7541
69318,Boa Vista,RR,2.7607,-60.7406
69340,Mucajai,RR,2.4432,-60.9397
69345,Pacaraima,RR,4.479,-61.146
69348,Iracema,RR,2.1688,-61.0529
69350,Alto Alegre,RR,2.9934,-61.3862
69355,Normandia,RR,3.8828,-59.6258
69360,Caracarai,RR,1.8103,-61.1337
69370,Sao Luiz,RR,1.0152,-60.0383
69373,Rorainopolis,RR,0.9376,-60.4296
69375,Sao Joao Da Baliza,RR,0.9513,-59.9126
69378,Caroebe,RR,0.8627,-59.6409
69380,Bonfim,RR,3.3621,-59.8332
69400,Manacapuru,AM,-3.2925,-60.6228
69401,Manacapuru,AM,-3.2829,-60.6396
69405,Iranduba,AM,-3.273,-60.1968
69410,Caapiranga,AM,-3.3289,-61.21
69415,Iranduba,AM,-3.2746,-60.1872
69425,Caapiranga,AM,-3.3289,-61.21
69435,Manaquiri,AM,-3.4279,-60.459
69440,Anori,AM,-3.7454,-61.6588
69445,Anama,AM,-3.5792,-61.4048
69450,Codajas,AM,-3.8393,-62.0671
69460,Coari,AM,-4.0937,-63.1412
69470,Tefe,AM,-3.3509,-64.7145
69480,Tapauá,AM,-5.6254,-63.187
69490,Maraa,AM,-1.8582,-65.5911
69495,Japura,AM,-1.8805,-66.999
69500,Carauari,AM,-4.8743,-66.8951
69510,Itamarati,AM,-6.4383,-68.2455
69520,Jurua,AM,-3.472,-66.0594
69540,Alvaraes,AM,-3.211,-64.8043
69550,Tefe,AM,-3.3479,-64.7044
69552,Tefe,AM,-3.3504,-64.7173
69553,Tefe,AM,-3.3558,-64.7259
69555,Tefe,AM,-3.3742,-64.7118
69557,Tefe,AM,-3.3506,-64.7111
69600,Sao Paulo De Olivenca,AM,-3.4662,-68.9529
69620,Amatura,AM,-3.3644,-68.1978
69630,Benjamin Constant,AM,-4.4168,-70.0317
69640,Tabatinga,AM,-4.2354,-69.9329
69650,Atalaia Do Norte,AM,-4.3654,-70.1926
69660,Jutai,AM,-2.7494,-66.7706
69670,Fonte Boa,AM,-2.5199,-66.092
69685,Tonantins,AM,-2.8584,-67.7727
69700,Barcelos,AM,-0.9708,-62.9277
69730,Novo Airao,AM,-2.6276,-60.9478
69735,Presidente Figueiredo,AM,-2.0273,-60.02
69750,Sao Gabriel Da Cachoeira,AM,0.1609,-66.8767
69790,Iauarete,AM,-3.0823,-60.0674
69800,Humaita,AM,-7.515,-63.0203
69820,Canutama,AM,-6.5307,-64.3874
69830,Labrea,AM,-7.2605,-64.7915
69850,Boca Do Acre,AM,-8.7761,-67.3861
69860,Pauini,AM,-7.7094,-66.9978
69870,Envira,AM,-7.4363,-70.0278
69880,Eirunepé,AM,-6.6634,-69.867
69890,Ipixuna,AM,-7.0481,-71.6917
69895,Guajara,AM,-7.5462,-72.5832
69900,Rio Branco,AC,-9.9678,-67.8133
69901,Rio Branco,AC,-9.9594,-67.8055
69902,Rio Branco,AC,-9.9445,-67.8169
69903,Rio Branco,AC,-9.9453,-67.8232
69904,Rio Branco,AC,-9.982,-67.8287
69905,Rio Branco,AC,-9.9769,-67.8081
69906,Rio Branco,AC,-9.9934,-67.8164
69907,Rio Branco,AC,-10.0015,-67.7965
69908,Rio Branco,AC,-9.9793,-67.8802
69909,Rio Branco,AC,-10.021,-67.8017
69910,Rio Branco,AC,-9.9579,-67.8181
69911,Rio Branco,AC,-9.9799,-67.8263
69912,Rio Branco,AC,-9.9891,-67.8441
69914,Rio Branco,AC,-9.9768,-67.8687
69915,Rio Branco,AC,-9.978,-67.8343
69917,Rio Branco,AC,-9.9491,-67.8768
69918,Rio Branco,AC,-9.9565,-67.8285
69919,Rio Branco,AC,-9.9553,-67.8485
69920,Rio Branco,AC,-9.9566,-67.8189
69921,Rio Branco,AC,-9.9399,-67.8272
69922,Rio Branco,AC,-9.9289,-67.8401
69925,Senador Guiomard,AC,-10.1533,-67.7343
69926,Bujari,AC,-9.7987,-68.0042
69927,Porto Acre,AC,-9.5951,-67.543
69928,Placido De Castro,AC,-10.3287,-67.1831
69929,Campinas,AC,-22.8616,-47.0643
69930,Xapuri,AC,-10.6522,-68.5029
69931,Capixaba,AC,-10.5712,-67.6744
69932,Brasileia,AC,-11.0059,-68.7492
69934,Epitaciolandia,AC,-11.021,-68.7294
69935,Assis Brasil,AC,-10.9351,-69.5578
69940,Sena Madureira,AC,-9.0664,-68.66
69945,Acrelandia,AC,-10.0594,-67.0375
69950,Manoel Urbano,AC,-8.8386,-69.2614
69955,Santa Rosa Do Purus,AC,-9.4513,-70.4774
69960,Feijo,AC,-8.1696,-70.3573
69970,Tarauaca,AC,-8.1628,-70.7684
69975,Jordao,AC,-9.1913,-71.9504
69980,Cruzeiro Do Sul,AC,-7.6262,-72.6689
69982,Porto Walter,AC,-8.5967,-71.4428
69983,Marechal Thaumaturgo,AC,-8.9545,-72.7837
69985,Rodrigues Alves,AC,-7.7366,-72.6516
69990,Mancio Lima,AC,-7.6051,-72.9161
70002,Brasilia,DF,-15.7904,-47.8807
70037,Brasilia,DF,-15.846,-47.9208
70040,Brasilia,DF,-15.7918,-47.8791
70041,Brasilia,DF,-15.7883,-47.8784
70043,Brasilia,DF,-15.7989,-47.8709
70044,Brasilia,DF,-15.7978,-47.8747
70047,Brasilia,DF,-15.7978,-47.8747
70048,Brasilia,DF,-15.7978,-47.8747
70053,Brasília,DF,-15.7978,-47.8747
70054,Brasilia,DF,-15.7982,-47.8734
70055,Brasilia,DF,-15.7978,-47.8747
70056,Brasilia,DF,-15.7994,-47.8693
70057,Brasilia,DF,-15.7904,-47.8807
70059,Brasilia,DF,-15.7994,-47.8693
70064,Brasilia,DF,-15.7978,-47.8747
70065,Brasilia,DF,-15.7978,-47.8747
70067,Brasilia,DF,-15.7992,-47.8701
70068,Brasilia,DF,-15.7984,-47.8726
70070,Brasilia,DF,-15.7849,-47.893
70072,Brasília,DF,-15.8012,-47.8825
70074,Brasilia,DF,-15.8016,-47.8825
70077,Brasilia,DF,-15.7908,-47.8844
70078,Brasilia,DF,-15.8016,-47.8825
70150,Brasilia,DF,-15.8005,-47.861
70160,Brasilia,DF,-15.8004,-47.8605
70175,Brasilia,DF,-15.8004,-47.8605
70200,Brasilia,DF,-15.8156,-47.8552
70210,Brasilia,DF,-15.8486,-47.9212
70232,Brasilia,DF,-15.8058,-47.8861
70233,Brasilia,DF,-15.8085,-47.8891
70234,Brasilia,DF,-15.8109,-47.8911
70235,Brasilia,DF,-15.8132,-47.8933
70236,Brasilia,DF,-15.8075,-47.8844
70237,Brasilia,DF,-15.8102,-47.8866
70238,Brasilia,DF,-15.8129,-47.889
70239,Brasilia,DF,-15.8156,-47.8913
70252,Brasilia,DF,-15.8157,-47.8957
70253,Brasilia,DF,-15.8177,-47.8984
70254,Brasilia,DF,-15.8199,-47.9013
70255,Brasilia,DF,-15.8177,-47.8936
70256,Brasilia,DF,-15.8204,-47.8969
70257,Brasilia,DF,-15.8222,-47.8996
70258,Brasilia,DF,-15.8219,-47.9011
70272,Brasilia,DF,-15.8217,-47.904
70273,Brasilia,DF,-15.8239,-47.9066
70274,Brasilia,DF,-15.8258,-47.9093
70275,Brasilia,DF,-15.8278,-47.9123
70276,Brasilia,DF,-15.8259,-47.9047
70277,Brasilia,DF,-15.828,-47.9074
70278,Brasilia,DF,-15.8299,-47.9102
70292,Brasilia,DF,-15.8299,-47.9148
70293,Brasilia,DF,-15.8314,-47.9172
70294,Brasilia,DF,-15.8333,-47.92
70295,Brasilia,DF,-15.8354,-47.9228
70296,Brasilia,DF,-15.832,-47.913
70297,Brasilia,DF,-15.8311,-47.9145
70298,Brasilia,DF,-15.8361,-47.9187
70299,Brasilia,DF,-15.8378,-47.921
70316,Brasília (Asa Sul - Centro),DF,-15.8014,-47.8854
70324,Brasília (Asa Sul - SBS),DF,-15.7984,-47.8931
70330,Brasilia,DF,-15.8031,-47.8904
70331,Brasilia,DF,-15.8031,-47.897
70333,Brasília (Asa Sul - SQS),DF,-15.8112,-47.8974
70335,Brasilia,DF,-15.8006,-47.8895
70336,Brasilia,DF,-15.8038,-47.8941
70337,Brasilia,DF,-15.8064,-47.8962
70338,Brasilia,DF,-15.8018,-47.892
70340,Brasilia,DF,-15.7977,-47.8937
70342,Brasilia,DF,-15.8059,-47.8918
70343,Brasilia,DF,-15.8086,-47.894
70344,Brasilia,DF,-15.8108,-47.8964
70345,Brasilia,DF,-15.813,-47.8985
70346,Brasilia,DF,-15.8147,-47.901
70347,Brasilia,DF,-15.8165,-47.904
70350,Brasilia,DF,-15.8076,-47.9018
70351,Brasilia,DF,-15.811,-47.9057
70352,Brasilia,DF,-15.8084,-47.8983
70353,Brasilia,DF,-15.8107,-47.9003
70354,Brasilia,DF,-15.8126,-47.903
70355,Brasilia,DF,-15.8143,-47.9056
70360,Brasilia,DF,-15.8147,-47.9103
70361,Brasilia,DF,-15.8194,-47.9166
70362,Brasilia,DF,-15.8164,-47.9082
70363,Brasilia,DF,-15.8185,-47.9111
70364,Brasilia,DF,-15.8205,-47.9132
70365,Brasilia,DF,-15.8223,-47.9164
70372,Brasilia,DF,-15.8184,-47.9066
70373,Brasilia,DF,-15.8204,-47.9093
70374,Brasilia,DF,-15.8226,-47.9118
70375,Brasilia,DF,-15.8246,-47.9145
70376,Brasilia,DF,-15.8265,-47.9171
70377,Brasilia,DF,-15.8283,-47.9202
70380,Brasilia,DF,-15.8224,-47.9216
70381,Brasilia,DF,-15.8267,-47.927
70382,Brasilia,DF,-15.8242,-47.9192
70383,Brasilia,DF,-15.8262,-47.9216
70384,Brasilia,DF,-15.8275,-47.9244
70385,Brasilia,DF,-15.8303,-47.9229
70386,Brasilia,DF,-15.8322,-47.9252
70387,Brasilia,DF,-15.8297,-47.9273
70390,Brasilia,DF,-15.8153,-47.9167
70391,Brasilia,DF,-15.7964,-47.849
70393,Brasilia,DF,-11.0032,-68.7447
70402,Brasilia,DF,-15.8025,-47.8747
70406,Brasília,DF,-15.8079,-47.8741
70415,Brasilia,DF,-15.824,-47.8872
70422,Brasilia,DF,-15.8249,-47.8926
70602,Brasilia,DF,-15.748,-47.9242
70610,Brasilia,DF,-15.7919,-47.9123
70620,Brasília,DF,-15.776,-47.9094
70630,Brasilia,DF,-15.7717,-47.9231
70631,Brasilia,DF,-15.7693,-47.9593
70632,Brasilia,DF,-15.7629,-47.9355
70634,Brasilia,DF,-15.7472,-47.9254
70636,Brasilia,DF,-15.7173,-47.9064
70640,Brasilia,DF,-15.7857,-47.9364
70645,Brasilia,DF,-15.7819,-47.9341
70648,Brasilia,DF,-15.7885,-47.9361
70650,Brasilia,DF,-15.798,-47.9427
70655,Brasilia,DF,-15.7971,-47.937
70658,Brasilia,DF,-15.7947,-47.9355
70660,Brasilia,DF,-15.8065,-47.9422
70666,Brasilia,DF,-15.7489,-47.8939
70670,Brasilia,DF,-15.8019,-47.9237
70673,Brasilia,DF,-15.8001,-47.9284
70675,Brasilia,DF,-15.7907,-47.9301
70680,Brasilia,DF,-15.7844,-47.917
70686,Brasília (Cruzeiro / Sudoeste),DF,-15.8005,-47.9254
70687,Brasilia,DF,-15.816,-47.9073
70701,Brasília (Asa Norte - SHN),DF,-15.7891,-47.8872
70702,Brasília (Asa Norte - SRTVN),DF,-15.7854,-47.8912
70710,Brasilia,DF,-15.7541,-47.8918
70711,Brasilia,DF,-15.7886,-47.8824
70712,Brasilia,DF,-15.7869,-47.8838
70716,Brasília (Asa Norte - SCRN),DF,-15.7611,-47.8934
70719,Brasilia,DF,-15.7863,-47.8891
70720,Brasilia,DF,-15.781,-47.8893
70722,Brasilia,DF,-15.7823,-47.8829
70723,Brasilia,DF,-15.7816,-47.8855
70730,Brasilia,DF,-15.7766,-47.8891
70732,Brasilia,DF,-15.7786,-47.8828
70733,Brasilia,DF,-15.7759,-47.8831
70734,Brasilia,DF,-15.7726,-47.8835
70735,Brasilia,DF,-15.7802,-47.8869
70736,Brasilia,DF,-15.776,-47.8863
70737,Brasilia,DF,-15.7729,-47.8863
70740,Brasilia,DF,-15.768,-47.891
70741,Brasilia,DF,-15.764,-47.8927
70742,Brasilia,DF,-15.7697,-47.884
70743,Brasilia,DF,-15.7662,-47.8847
70744,Brasilia,DF,-15.7636,-47.8858
70745,Brasilia,DF,-15.7702,-47.887
70746,Brasilia,DF,-15.7676,-47.8876
70747,Brasilia,DF,-15.7639,-47.8888
70750,Brasilia,DF,-15.7599,-47.8945
70752,Brasilia,DF,-15.7602,-47.8867
70753,Brasilia,DF,-15.7569,-47.8873
70754,Brasilia,DF,-15.7542,-47.8889
70755,Brasilia,DF,-15.7611,-47.8896
70756,Brasilia,DF,-15.7575,-47.8901
70757,Brasilia,DF,-15.755,-47.8915
70760,Brasilia,DF,-15.7505,-47.8965
70761,Brasilia,DF,-15.7455,-47.8991
70762,Brasilia,DF,-15.7512,-47.8897
70763,Brasilia,DF,-15.7478,-47.8906
70764,Brasilia,DF,-15.7456,-47.892
70765,Brasilia,DF,-15.7518,-47.893
70766,Brasilia,DF,-15.7488,-47.8936
70767,Brasilia,DF,-15.7455,-47.8949
70770,Brasilia,DF,-15.7395,-47.8994
70772,Brasilia,DF,-15.7416,-47.8928
70773,Brasilia,DF,-15.7385,-47.8941
70774,Brasilia,DF,-15.7426,-47.8956
70775,Brasilia,DF,-15.7395,-47.8968
70785,Brasilia,DF,-15.7367,-47.8905
70790,Brasilia,DF,-15.7548,-47.8983
70800,Brasilia,DF,-15.7779,-47.8517
70801,Brasilia,DF,-15.7932,-47.8504
70802,Brasilia,DF,-15.7938,-47.8523
70803,Brasilia,DF,-15.7912,-47.8511
70804,Brasilia,DF,-15.7941,-47.8484
70830,Brasília,DF,-15.7776,-47.874
70832,Brasilia,DF,-15.7818,-47.8785
70833,Brasilia,DF,-15.7788,-47.8784
70834,Brasilia,DF,-15.7821,-47.8753
70835,Brasilia,DF,-15.7782,-47.8757
70842,Brasilia,DF,-15.776,-47.8789
70843,Brasilia,DF,-15.7719,-47.8798
70844,Brasilia,DF,-15.7686,-47.88
70845,Brasilia,DF,-15.7745,-47.876
70846,Brasília,DF,-15.7716,-47.876
70847,Brasilia,DF,-15.7676,-47.8775
70852,Brasília,DF,-15.7638,-47.8813
70853,Brasilia,DF,-15.7623,-47.8817
70854,Brasilia,DF,-15.7592,-47.883
70855,Brasilia,DF,-15.7647,-47.8784
70856,Brasilia,DF,-15.7614,-47.8789
70857,Brasilia,DF,-15.7587,-47.88
70862,Brasilia,DF,-15.7559,-47.8837
70863,Brasilia,DF,-15.7529,-47.8849
70864,Brasilia,DF,-15.7501,-47.8858
70865,Brasilia,DF,-15.7548,-47.8812
70866,Brasilia,DF,-15.7519,-47.8821
70867,Brasilia,DF,-15.7482,-47.8829
70872,Brasilia,DF,-15.7463,-47.8875
70873,Brasilia,DF,-15.7434,-47.888
70874,Brasilia,DF,-15.7405,-47.8888
70875,Brasilia,DF,-15.7374,-47.8899
70876,Brasilia,DF,-15.7478,-47.8848
70878,Brasilia,DF,-15.7395,-47.8864
70879,Brasilia,DF,-15.7374,-47.887
70908,Brasilia,DF,-15.7653,-47.8567
70910,Brasilia,DF,-11.0141,-68.7467
71009,Brasilia,DF,-15.7873,-47.8858
71010,Brasilia,DF,-15.8156,-47.9869
71015,Brasilia,DF,-15.8232,-47.9871
71020,Brasilia,DF,-15.8173,-47.9738
71050,Brasilia,DF,-15.8328,-47.9761
71060,Brasilia,DF,-15.8344,-47.9827
71065,Brasilia,DF,-15.8426,-47.9758
71070,Brasilia,DF,-15.8328,-47.9464
71090,Guara,DF,-15.8156,-47.9957
71100,Brasilia,DF,-15.8087,-47.9894
71200,Brasilia,DF,-15.7997,-47.9514
71205,Brasilia,DF,-15.7956,-47.949
71208,Brasília (SIA - Industrial),DF,-15.7954,-47.9512
71215,Brasilia,DF,-15.8139,-47.947
71218,Brasilia,DF,-14.6161,-53.1586
71225,Brasilia,DF,-15.8008,-47.9768
71250,Brasilia,DF,-15.7787,-48.0
71261,Brasília (SCIA / Estrutural),DF,-15.7814,-48.0012
71503,Brasilia,DF,-15.715,-47.8858
71505,Brasilia,DF,-15.7264,-47.8676
71510,Brasilia,DF,-15.7276,-47.8811
71515,Brasilia,DF,-15.7441,-47.8454
71520,Brasilia,DF,-15.738,-47.8657
71525,Brasilia,DF,-15.7471,-47.8514
71530,Brasilia,DF,-15.7595,-47.8389
71535,Brasilia,DF,-15.7573,-47.8324
71539,Brasília (Lago Norte Sector),DF,-15.7411,-47.8651
71540,Brasilia,DF,-15.7386,-47.8805
71551,Brasília (Lago Norte / Taquari),DF,-15.7001,-47.8543
71570,Brasilia,DF,-15.7811,-47.7836
71571,Brasilia,DF,-15.7734,-47.7785
71572,Brasilia,DF,-15.7682,-47.7799
71573,Brasilia,DF,-15.7629,-47.7801
71574,Brasília (Paranoá),DF,-15.7712,-47.7751
71590,Brasília (Varjão),DF,-15.719,-47.8732
71591,Brasília (Paranoá Parque),DF,-15.7614,-47.7854
71593,Brasília (Itapoã),DF,-15.7314,-47.7812
71596,Brasilia,DF,-15.7045,-47.8246
71600,Brasilia,DF,-15.8521,-47.8882
71605,Brasilia,DF,-15.8577,-47.9171
71610,Brasilia,DF,-15.8553,-47.9218
71615,Brasilia,DF,-15.8477,-47.8959
71620,Brasilia,DF,-15.8467,-47.9026
71625,Brasilia,DF,-15.836,-47.8757
71630,Brasilia,DF,-15.8321,-47.8755
71635,Brasilia,DF,-15.846,-47.8772
71640,Brasilia,DF,-15.8485,-47.8722
71645,Brasilia,DF,-15.8641,-47.8754
71650,Brasilia,DF,-15.8487,-47.8563
71655,Brasilia,DF,-15.8579,-47.8591
71660,Brasilia,DF,-15.8416,-47.8383
71665,Brasilia,DF,-15.8357,-47.8356
71670,Brasilia,DF,-15.8199,-47.8147
71675,Brasilia,DF,-15.8252,-47.806
71676,Brasília (Lago Sul),DF,-15.8647,-47.8445
71680,Brasilia,DF,-15.8465,-47.8311
71691,Brasilia,DF,-15.8802,-47.817
71692,Brasilia,DF,-15.9012,-47.7784
71693,Brasilia,DF,-15.8955,-47.7717
71694,Brasilia,DF,-15.909,-47.7528
71697,Brasilia,DF,-15.7942,-47.8481
71698,São Sebastião,DF,-15.9014,-47.7712
71699,Brasilia,DF,-15.7931,-47.8516
71705,Brasilia,DF,-15.8721,-47.9661
71710,Brasilia,DF,-15.8694,-47.9672
71715,Brasilia,DF,-15.8716,-47.973
71720,Brasilia,DF,-15.8628,-47.9559
71725,Brasilia,DF,-15.8511,-47.9511
71727,Brasilia,DF,-15.8562,-47.9509
71730,Brasilia,DF,-15.8321,-47.9038
71731,Brasilia,DF,-15.8545,-47.9341
71735,Brasilia,DF,-15.854,-47.9915
71736,Brasilia,DF,-15.8682,-47.9732
71738,Brasilia,DF,-15.8723,-47.9771
71740,Brasilia,DF,-15.8995,-47.9678
71741,Brasilia,DF,-15.9202,-47.9539
71742,Brasilia,DF,-15.8911,-47.9307
71745,Brasilia,DF,-15.9079,-47.9467
71746,Brasilia,DF,-15.9456,-47.9687
71750,Brasilia,DF,-15.9194,-47.9322
71800,Riacho Fundo,DF,-15.8835,-47.995
71805,Brasilia,DF,-15.8804,-48.0159
71810,Brasília (Riacho Fundo I),DF,-15.8821,-48.0175
71820,Brasilia,DF,-15.885,-48.0169
71825,Brasilia,DF,-15.8875,-48.0171
71880,Brasilia,DF,-15.9029,-48.0459
71881,Brasilia,DF,-15.894,-48.0497
71882,Brasilia,DF,-15.9134,-48.0467
71884,Samambaia (Expansão),DF,-15.8911,-48.1154
71900,Brasilia,DF,-15.8324,-48.0375
71901,Brasilia,DF,-15.8311,-48.016
71904,Brasilia,DF,-15.8308,-48.018
71905,Águas Claras,DF,-15.8391,-48.0254
71906,Brasilia,DF,-15.831,-48.011
71907,Brasilia,DF,-15.8239,-47.9779
71908,Brasilia,DF,-15.8166,-47.9429
71909,Brasilia,DF,-15.8318,-47.9998
71910,Brasilia,DF,-15.8387,-48.0136
71915,Brasilia,DF,-15.8398,-47.9969
71916,Brasilia,DF,-15.8397,-48.0141
71917,Brasilia,DF,-15.8373,-48.0224
71918,Brasilia,DF,-15.8375,-48.0274
71919,Águas Claras (Sul),DF,-15.8454,-48.0215
71920,Brasilia,DF,-15.8301,-48.0323
71925,Brasilia,DF,-15.843,-48.0084
71926,Brasilia,DF,-15.8404,-48.0147
71927,Brasilia,DF,-15.8449,-48.0187
71928,Brasilia,DF,-15.8453,-48.0314
71929,Brasilia,DF,-15.8419,-48.0084
71930,Brasilia,DF,-15.8378,-48.0369
71931,Brasilia,DF,-15.8368,-48.0396
71936,Brasilia,DF,-15.84,-48.0247
71937,Brasilia,DF,-15.83,-47.9805
71938,Brasilia,DF,-15.8076,-47.9023
71939,Brasilia,DF,-15.8368,-48.0045
71940,Brasilia,DF,-15.8473,-47.9228
71950,Brasilia,DF,-15.8392,-48.0436
71953,Recanto das Emas,DF,-15.9012,-48.0641
71955,Brasilia,DF,-15.8545,-48.0377
71956,Brasilia,DF,-15.8546,-48.037
71957,Brasilia,DF,-15.8537,-48.0368
71958,Brasilia,DF,-15.8531,-48.0361
71959,Brasilia,DF,-15.8516,-48.0353
71960,Brasilia,DF,-15.852,-48.0343
71961,Brasilia,DF,-15.8546,-48.032
71963,Brasilia,DF,-15.8548,-48.0333
71964,Brasília,DF,-15.8595,-48.0357
71965,Brasilia,DF,-15.8601,-48.0274
71967,Brasilia,DF,-15.8641,-48.0263
71968,Brasilia,DF,-15.8649,-48.0248
71969,Brasilia,DF,-15.8659,-48.0258
71971,Águas Claras,DF,-15.8402,-48.0284
71972,Taguatinga,DF,-15.8653,-48.0322
71973,Brasília,DF,-15.8608,-48.0245
71975,Águas Claras (Vila Telebraslia),DF,-15.8251,-47.9312
71976,Vicente Pires,DF,-15.8114,-48.0112
71978,Brasilia,DF,-15.8618,-47.9855
71979,Brasília,DF,-15.8698,-48.0191
71980,Brasilia,DF,-15.869,-48.0178
71981,Brasilia,DF,-15.8689,-48.0163
71982,Brasilia,DF,-15.8719,-48.0161
71985,Brasilia,DF,-15.8748,-48.0151
71987,Brasilia,DF,-15.8769,-48.0163
71988,Brasilia,DF,-15.8769,-48.0121
71989,Brasilia,DF,-15.8768,-48.008
71990,Brasilia,DF,-15.8752,-48.0003
71991,Brasília,DF,-15.875,-47.9978
71993,Águas Claras (Areal),DF,-15.8614,-48.0112
71995,Arniqueira,DF,-15.8654,-48.0014
71996,Águas Claras (SHA Sector),DF,-15.8554,-47.9812
72001,Brasilia,DF,-15.7914,-47.857
72002,Taguatinga Centro,DF,-15.8312,-48.0561
72003,Brasilia,DF,-15.7925,-47.8451
72005,Taguatinga,DF,-15.834,-48.0441
72006,Brasilia,DF,-15.7912,-47.8567
72007,Brasília,DF,-15.7748,-48.0468
72010,Brasilia,DF,-15.8321,-48.0547
72015,Brasilia,DF,-15.8382,-48.0534
72016,Brasilia,DF,-15.8399,-48.0601
72017,Taguatinga Norte,DF,-15.8154,-48.0651
72020,Brasilia,DF,-15.8454,-48.0439
72023,Taguatinga Sul,DF,-15.8512,-48.0411
72025,Brasilia,DF,-15.8593,-48.0408
72035,Brasilia,DF,-15.8704,-48.0348
72110,Brasilia,DF,-15.8253,-48.0519
72115,Brasilia,DF,-15.8247,-48.0599
72120,Brasilia,DF,-15.808,-48.0623
72125,Brasilia,DF,-15.8131,-48.0677
72130,Brasilia,DF,-15.7979,-48.0622
72135,Brasilia,DF,-15.8094,-48.0768
72140,Brasilia,DF,-15.8142,-48.0842
72145,Brasilia,DF,-15.8033,-48.0979
72146,Brasilia,DF,-15.7952,-48.1064
72150,Brasilia,DF,-15.8258,-48.0823
72151,Brasilia,DF,-15.8265,-48.0872
72152,Brasilia,DF,-15.8155,-48.091
72153,Brasilia,DF,-15.7464,-47.9254
72155,Brasilia,DF,-15.8286,-48.0759
72156,Brasilia,DF,-15.82,-48.0794
72160,Brasilia,DF,-15.8326,-48.088
72161,Brasilia,DF,-15.8218,-48.0915
72162,Brasília,DF,-15.814,-48.095
72210,Brasilia,DF,-15.807,-48.105
72215,Brasilia,DF,-15.8274,-48.0978
72220,Brasilia,DF,-15.832,-48.1078
72225,Brasilia,DF,-15.8114,-48.1192
72230,Ceilandia,DF,-15.8385,-48.1222
72231,Brasilia,DF,-15.8416,-48.1147
72233,Brasilia,DF,-15.8479,-48.1125
72235,Brasilia,DF,-15.8428,-48.1249
72236,Brasilia,DF,-15.8495,-48.1199
72237,Ceilândia Centro,DF,-15.8151,-48.1114
72238,Ceilândia (QNM Sector),DF,-15.8211,-48.1054
72240,Brasilia,DF,-15.8176,-48.1269
72241,Brasilia,DF,-15.8101,-48.1318
72242,Ceilândia Sul,DF,-15.8241,-48.1154
72243,Ceilândia (P Sul),DF,-15.8341,-48.1312
72250,Brasilia,DF,-15.7948,-48.1183
72251,Brasilia,DF,-15.7889,-48.1248
72252,Brasilia,DF,-15.8001,-48.1262
72255,Brasilia,DF,-15.7924,-48.1241
72260,Brasilia,DF,-15.7995,-48.1355
72261,Brasilia,DF,-15.791,-48.1389
72268,Ceilândia,DF,-15.8115,-48.1362
72270,Brasilia,DF,-15.8054,-48.1438
72275,Brasilia,DF,-15.8016,-48.1311
72280,Ceilândia (Setor P Norte),DF,-15.8012,-48.1415
72300,Samambaia,DF,-15.8752,-48.0864
72301,Brasilia,DF,-15.8851,-48.1062
72302,Brasilia,DF,-15.872,-48.0758
72303,Brasilia,DF,-15.8936,-48.1246
72304,Brasilia,DF,-15.8673,-48.0589
72305,Brasilia,DF,-15.8847,-48.0959
72306,Brasilia,DF,-15.8774,-48.0764
72307,Brasilia,DF,-15.8906,-48.1079
72308,Brasilia,DF,-15.8742,-48.0667
72309,Brasilia,DF,-15.8963,-48.1194
72310,Brasilia,DF,-15.8822,-48.0749
72311,Brasilia,DF,-15.8904,-48.0979
72312,Brasilia,DF,-15.8822,-48.0724
72313,Brasilia,DF,-15.8916,-48.1031
72314,Brasilia,DF,-15.8795,-48.0646
72315,Brasilia,DF,-15.8909,-48.0961
72316,Brasilia,DF,-15.8651,-48.0785
72317,Brasilia,DF,-15.8984,-48.118
72318,Brasilia,DF,-15.8623,-48.0804
72319,Brasilia,DF,-15.8708,-48.0965
72320,Brasilia,DF,-15.8585,-48.0756
72321,Brasilia,DF,-15.8778,-48.1075
72322,Brasilia,DF,-15.8587,-48.0856
72323,Brasilia,DF,-15.8803,-48.1146
72325,Brasilia,DF,-15.8845,-48.1232
72327,Brasilia,DF,-15.8884,-48.1311
72329,Brasilia,DF,-15.8938,-48.1431
72331,Brasilia,DF,-15.8709,-48.1077
72333,Brasilia,DF,-15.8799,-48.1248
72335,Brasilia,DF,-15.8894,-48.1435
72338,Samambaia (QN Sector),DF,-15.8812,-48.0814
72341,Samambaia Norte,DF,-15.8654,-48.0951
72405,Brasilia,DF,-15.9853,-48.0299
72410,Brasilia,DF,-16.0352,-48.0635
72415,Brasilia,DF,-16.0252,-48.0788
72420,Brasilia,DF,-16.0168,-48.072
72425,Brasilia,DF,-16.024,-48.0717
72427,Gama (Setor Central),DF,-16.0154,-48.0551
72430,Brasilia,DF,-16.0101,-48.0661
72440,Gama (Setor Leste),DF,-16.0214,-48.0451
72445,Brasilia,DF,-15.6255,-48.6408
72450,Brasilia,DF,-16.0085,-48.05
72455,Gama (Setor Sul),DF,-16.0354,-48.0612
72457,Gama,DF,-16.0212,-48.0645
72460,Brasilia,DF,-16.0229,-48.0507
72465,Gama (Setor Oeste),DF,-16.0312,-48.0754
72500,Brasilia,DF,-16.0447,-48.038
72501,Brasilia,DF,-16.0434,-48.0305
72502,Brasilia,DF,-16.04,-48.0284
72503,Brasilia,DF,-16.0369,-48.0304
72504,Brasilia,DF,-16.0331,-48.0292
72506,Brasilia,DF,-16.0281,-48.0302
72507,Brasilia,DF,-16.0282,-48.0268
72508,Brasilia,DF,-16.0254,-48.0238
72509,Brasilia,DF,-16.0237,-48.0217
72510,Brasilia,DF,-16.0213,-48.0193
72535,Santa Maria (SUL),DF,-16.0254,-48.0142
72536,Santa Maria (Norte),DF,-16.0014,-48.0112
72542,Brasilia,DF,-16.0121,-48.005
72543,Brasilia,DF,-16.0105,-48.0023
72544,Brasilia,DF,-16.0084,-47.9995
72545,Brasilia,DF,-16.0088,-47.9979
72546,Brasilia,DF,-16.009,-47.9943
72547,Brasilia,DF,-16.0075,-47.991
72548,Brasilia,DF,-16.0091,-47.9875
72549,Santa Maria (QR 300),DF,-16.0251,-48.0084
72580,Brasília (Condomínio Residencial Santa Maria),DF,-16.0182,-48.0034
72583,Santa Maria (CL Sector),DF,-16.0154,-48.0054
72587,Santa Maria (QR Sector),DF,-16.0211,-48.0014
72592,Brasilia,DF,-15.9927,-47.9932
72593,Brasilia,DF,-15.997,-47.9957
72594,Brasilia,DF,-15.9966,-48.0002
72595,Santa Maria (Rural),DF,-16.0341,-47.9854
72596,Santa Maria,DF,-16.0125,-48.0084
72600,Brasilia,DF,-15.901,-48.0643
72601,Brasilia,DF,-15.9068,-48.0854
72602,Brasilia,DF,-15.9124,-48.1003
72603,Brasilia,DF,-15.9234,-48.1069
72610,Brasilia,DF,-15.906,-48.0635
72620,Brasilia,DF,-15.9094,-48.0808
72621,Brasilia,DF,-15.9171,-48.0978
72622,Brasilia,DF,-15.9245,-48.1028
72630,Brasilia,DF,-15.9101,-48.0596
72631,Brasilia,DF,-15.9126,-48.0665
72640,Brasilia,DF,-15.9168,-48.0568
72641,Brasilia,DF,-15.9181,-48.0636
72650,Brasilia,DF,-15.9214,-48.0528
72660,Brasilia,DF,-15.93,-48.1036
72669,Brasília,DF,-15.7934,-47.8492
72705,Brasilia,DF,-15.6778,-48.196
72710,Brasilia,DF,-15.6922,-48.1669
72715,Brasilia,DF,-15.684,-48.1947
72720,Brasilia,DF,-15.6968,-48.1551
72725,Brasilia,DF,-15.6717,-48.2014
72726,Brasilia,DF,-15.6673,-48.2011
72735,Brasilia,DF,-15.6632,-48.1939
72736,Brasilia,DF,-15.6636,-48.1961
72737,Brasilia,DF,-15.6632,-48.1987
72738,Brasilia,DF,-15.6625,-48.2011
72745,Brasilia,DF,-15.6601,-48.1933
72746,Brasilia,DF,-15.6591,-48.1957
72747,Brasilia,DF,-15.6591,-48.1978
72748,Brasilia,DF,-15.6594,-48.2012
72755,Brasilia,DF,-15.6452,-48.1796
72760,Brazlândia,DF,-15.6711,-48.2014
72800,Luziania,GO,-16.2552,-47.9546
72801,Luziania,GO,-16.2625,-47.9565
72803,Luziania,GO,-16.2321,-47.9458
72804,Luziania,GO,-16.2491,-47.9237
72805,Luziania,GO,-16.2632,-47.938
72806,Luziania,GO,-16.2643,-47.9242
72810,Luziania,GO,-16.2504,-47.9569
72811,Luziania,GO,-16.2488,-47.963
72812,Luziania,GO,-16.2467,-47.9514
72813,Luziania,GO,-16.2394,-47.9483
72814,Luziania,GO,-16.2501,-47.9382
72815,Luziania,GO,-16.2369,-47.9327
72820,Luziania,GO,-16.2518,-47.9084
72821,Luziânia,GO,-16.2524,-47.9515
72822,Luziania,GO,-16.2559,-47.9283
72823,Luziania,GO,-16.2453,-47.8988
72830,Luziania,GO,-16.2434,-47.9178
72831,Luziania,GO,-16.2415,-47.9046
72834,Luziania,GO,-16.2174,-47.9192
72836,Luziânia,GO,-16.21,-47.9296
72850,Luziania,GO,-16.1417,-47.9565
72851,Luziania,GO,-16.132,-47.9518
72853,Luziania,GO,-16.2321,-47.9335
72855,Luziania,GO,-16.1776,-47.927
72858,Luziania,GO,-16.1401,-47.9889
72860,Novo Gama,GO,-16.0563,-48.0349
72862,Novo Gama,GO,-16.0692,-48.0505
72863,Novo Gama,GO,-16.0592,-48.0314
72865,Novo Gama,GO,-16.0913,-48.0317
72867,Novo Gama (Lunabel),GO,-16.0714,-48.0451
72870,Valparaiso De Goias,GO,-16.0693,-47.9969
72871,Valparaiso De Goias,GO,-16.0588,-48.0025
72872,Valparaiso De Goias,GO,-16.0877,-47.988
72873,Valparaiso De Goias,GO,-16.076,-47.9723
72874,Valparaiso De Goias,GO,-16.1102,-47.9804
72875,Valparaiso De Goias,GO,-16.0744,-47.9893
72876,Valparaiso De Goias,GO,-16.0775,-47.9776
72878,Valparaiso De Goias,GO,-16.0586,-47.9793
72879,Valparaiso De Goias,GO,-16.0605,-47.9644
72880,Cidade Ocidental,GO,-16.0949,-47.9155
72883,Cidade Ocidental,GO,-16.1115,-47.9206
72885,Cidade Ocidental,GO,-16.1075,-47.9518
72887,Cidade Ocidental,GO,-16.0827,-47.9322
72899,Jardim Abc De Goias,GO,-21.4678,-56.1719
72900,Santo Antonio Do Descoberto,GO,-15.995,-48.2692
72901,Santo Antonio Do Descoberto,GO,-15.9343,-48.277
72902,Santo Antonio Do Descoberto,GO,-16.1065,-48.4795
72904,Santo Antônio do Descoberto,GO,-15.9414,-48.2514
72906,Santo Antonio Do Descoberto,GO,-15.9511,-48.2646
72907,Santo Antonio Do Descoberto,GO,-15.9569,-48.2697
72910,Aguas Lindas De Goias,GO,-15.7282,-48.2773
72911,Aguas Lindas De Goias,GO,-15.7403,-48.2443
72912,Aguas Lindas De Goias,GO,-15.7168,-48.2693
72914,Aguas Lindas De Goias,GO,-15.7246,-48.2771
72915,Aguas Lindas De Goias,GO,-15.6418,-48.2231
72916,Aguas Lindas De Goias,GO,-15.7097,-48.2726
72917,Aguas Lindas De Goias,GO,-15.694,-48.2665
72920,Aguas Lindas De Goias,GO,-15.7206,-48.2862
72921,Aguas Lindas De Goias,GO,-15.7248,-48.3209
72922,Aguas Lindas De Goias,GO,-15.7285,-48.3173
72925,Aguas Lindas De Goias,GO,-15.7414,-48.298
72926,Aguas Lindas De Goias,GO,-15.7458,-48.3081
72927,Aguas Lindas De Goias,GO,-15.7769,-48.2926
72930,Alexania,GO,-16.0841,-48.5068
72940,Abadiania,GO,-16.1937,-48.7095
72960,Corumba De Goias,GO,-15.925,-48.8093
72975,Cocalzinho De Goias,GO,-15.7632,-48.7447
72980,Pirenopolis,GO,-15.8617,-48.9689
73005,Brasilia,DF,-15.6451,-47.7984
73006,Brasilia,DF,-15.6466,-47.7995
73010,Brasilia,DF,-15.6505,-47.792
73011,Brasilia,DF,-15.6497,-47.7899
73015,Brasilia,DF,-15.6575,-47.7967
73020,Brasilia,DF,-15.6574,-47.8095
73025,Brasilia,DF,-15.6525,-47.8011
73030,Brasilia,DF,-15.6508,-47.8083
73035,Brasilia,DF,-15.6415,-47.806
73036,Brasilia,DF,-15.6442,-47.8055
73040,Brasilia,DF,-15.6446,-47.7865
73041,Brasilia,DF,-15.6461,-47.786
73045,Brasilia,DF,-15.6433,-47.778
73050,Brasilia,DF,-15.6479,-47.7778
73060,Brasilia,DF,-15.6409,-47.816
73062,Brasilia,DF,-15.6466,-47.8238
73063,Brasilia,DF,-15.6447,-47.8174
73070,Brasilia,DF,-15.6335,-47.8469
73080,Brasilia,DF,-15.6339,-47.8158
73081,Brasília (Sobradinho),DF,-15.6705,-47.8118
73082,Brasília (Sobradinho II),DF,-15.6514,-47.8315
73083,Brasília,DF,-15.7935,-47.8459
73088,Brasília (Sobradinho Rural),DF,-15.6012,-47.8015
73090,Brasília (Sobradinho Housing),DF,-15.6554,-47.8012
73091,Brasília (Sobradinho III),DF,-15.6412,-47.8114
73092,Brasilia,DF,-15.6664,-47.8244
73093,Brasília (Fercal),DF,-15.5814,-47.8812
73100,Brasilia,DF,-15.755,-47.8316
73105,Brasilia,DF,-15.6628,-47.8604
73150,Brasilia,DF,-15.7914,-47.8494
73250,Brasilia,DF,-15.578,-48.0073
73251,Sobradinho,DF,-15.6704,-47.816
73252,Brasilia,DF,-15.6886,-47.8249
73255,Planaltina (Arapoanga),DF,-15.6412,-47.7014
73270,Brasilia,DF,-15.7925,-47.8505
73272,Planaltina (Vale do Amanhecer),DF,-15.6354,-47.6112
73310,Planaltina (Vila Buritis),DF,-15.6114,-47.6741
73320,Brasilia,DF,-15.6537,-47.6839
73330,Brasilia,DF,-15.6305,-47.6687
73340,Brasilia,DF,-15.6062,-47.6511
73350,Brasilia,DF,-15.6168,-47.6471
73355,Brasilia,DF,-15.6134,-47.6363
73356,Brasilia,DF,-15.6199,-47.6402
73357,Brasilia,DF,-15.6182,-47.6389
73358,Brasilia,DF,-15.6194,-47.6381
73360,Brasilia,DF,-15.6249,-47.6472
73365,Brasilia,DF,-15.7497,-47.9272
73366,Brasilia,DF,-15.7486,-47.9251
73367,Brasília,DF,-15.7468,-47.923
73368,Brasilia,DF,-15.7497,-47.9272
73369,Planaltina (Estâncias),DF,-15.5812,-47.6654
73370,Brasilia,DF,-15.6509,-47.6445
73375,Brasilia,DF,-15.7923,-47.8518
73380,Brasilia,DF,-15.612,-47.6781
73391,Planaltina (Jardim Roriz),DF,-15.6054,-47.6812
73401,Planaltina,DF,-15.6214,-47.6521
73402,Planaltina (Vila Vicentina),DF,-15.6251,-47.6614
73403,Brasília,DF,-15.7929,-47.8556
73700,Padre Bernardo,GO,-15.1734,-48.2837
73730,Mimoso De Goias,GO,-15.0585,-48.1614
73740,Colinas Do Sul,GO,-14.1523,-48.0745
73750,Planaltina,GO,-15.4574,-47.6037
73751,Planaltina,GO,-15.4359,-47.6053
73752,Planaltina,GO,-15.4538,-47.5998
73753,Planaltina,GO,-15.4566,-47.6102
73754,Planaltina,GO,-15.4943,-47.6364
73755,Planaltina,GO,-15.4824,-47.5896
73760,Sao Joao D'Alianca,GO,-14.7067,-47.5231
73770,Alto Paraiso De Goias,GO,-14.1393,-47.5169
73780,Agua Fria De Goias,GO,-14.9745,-47.7844
73790,Cavalcante,GO,-13.7947,-47.4584
73795,Teresina De Goias,GO,-13.7647,-47.2634
73801,Formosa,GO,-15.541,-47.3373
73802,Formosa,GO,-15.5556,-47.3394
73803,Formosa,GO,-15.5478,-47.3409
73804,Formosa,GO,-15.5618,-47.3443
73805,Formosa,GO,-15.5367,-47.3437
73807,Formosa,GO,-15.5381,-47.327
73808,Formosa,GO,-15.5378,-47.3035
73809,Formosa,GO,-15.5407,-47.3267
73813,Formosa,GO,-15.5502,-47.3295
73814,Formosa,GO,-15.5539,-47.2989
73820,Nova Roma,GO,-13.7418,-46.8815
73825,Vila Boa,GO,-15.0349,-47.0625
73830,Monte Alegre De Goias,GO,-13.2629,-46.8839
73840,Campos Belos,GO,-13.0372,-46.7697
73850,Cristalina,GO,-16.7699,-47.6107
73860,Sao Domingos,GO,-13.4061,-46.3146
73865,Divinopolis De Goias,GO,-13.2866,-46.414
73870,Cabeceiras,GO,-15.8052,-46.9306
73890,Flores De Goias,GO,-14.489,-46.9895
73900,Posse,GO,-14.087,-46.3616
73910,Guarani De Goias,GO,-13.9129,-46.4547
73920,Iaciara,GO,-14.1007,-46.6342
73930,Simolandia,GO,-14.4678,-46.4826
73950,Alvorada Do Norte,GO,-14.4853,-46.5062
73970,Mambai,GO,-14.4946,-46.1115
73975,Buritinopolis,GO,-14.4558,-46.436
73980,Damianopolis,GO,-14.5588,-46.1752
73990,Sitio D'Abadia,GO,-14.8036,-46.255
74001,Goiânia,GO,-16.6803,-49.2544
74003,Goiania,GO,-16.6807,-49.2569
74005,Goiania,GO,-16.6513,-49.2643
74010,Goiânia,GO,-16.6653,-49.2606
74013,Goiania,GO,-16.6737,-49.2599
74015,Goiania,GO,-16.6785,-49.2593
74020,Goiania,GO,-16.6723,-49.2588
74023,Goiania,GO,-16.6735,-49.2567
74025,Goiania,GO,-16.6738,-49.2616
74030,Goiania,GO,-16.6766,-49.2535
74040,Goiania,GO,-16.674,-49.2557
74043,Goiania,GO,-16.6752,-49.2598
74045,Goiania,GO,-16.6667,-49.2642
74050,Goiania,GO,-16.6677,-49.2605
74053,Goiania,GO,-16.6676,-49.2603
74055,Goiania,GO,-16.6667,-49.2572
74063,Goiania,GO,-16.6605,-49.2621
74070,Goiania,GO,-16.6696,-49.2688
74075,Goiania,GO,-16.6728,-49.2689
74080,Goiania,GO,-16.6872,-49.2565
74083,Goiania,GO,-16.6842,-49.2515
74085,Goiania,GO,-16.6961,-49.2524
74093,Goiania,GO,-16.6948,-49.2562
74110,Goiania,GO,-16.6807,-49.2695
74115,Goiania,GO,-16.6854,-49.2645
74120,Goiania,GO,-16.6889,-49.2671
74125,Goiania,GO,-16.6778,-49.2746
74130,Goiania,GO,-16.6867,-49.2723
74140,Goiania,GO,-16.6895,-49.2721
74150,Goiania,GO,-16.6967,-49.2674
74160,Goiania,GO,-16.6964,-49.2645
74170,Goiania,GO,-16.6964,-49.2621
74175,Goiania,GO,-16.7042,-49.2619
74180,Goiania,GO,-16.6983,-49.2558
74210,Goiania,GO,-16.6955,-49.2771
74215,Goiania,GO,-16.6976,-49.2758
74223,Goiania,GO,-16.71,-49.2666
74230,Goiania,GO,-16.715,-49.2679
74250,Goiania,GO,-16.7174,-49.2881
74255,Goiania,GO,-16.7099,-49.2892
74265,Goiania,GO,-16.6972,-49.289
74270,Goiania,GO,-16.7013,-49.2835
74275,Goiania,GO,-16.7145,-49.2811
74280,Goiania,GO,-16.7161,-49.2726
74290,Goiania,GO,-16.709,-49.2766
74303,Goiania,GO,-16.7009,-49.3061
74305,Goiania,GO,-16.6939,-49.297
74310,Goiania,GO,-16.6989,-49.2946
74313,Goiania,GO,-16.7085,-49.3034
74315,Goiania,GO,-16.704,-49.2806
74320,Goiania,GO,-16.6941,-49.3113
74323,Goiania,GO,-16.6904,-49.327
74325,Goiania,GO,-16.7098,-49.3112
74330,Goiania,GO,-16.712,-49.3115
74333,Goiania,GO,-16.7115,-49.3057
74335,Goiania,GO,-16.7201,-49.3002
74339,Goiania,GO,-16.7135,-49.3163
74340,Goiania,GO,-16.7206,-49.3106
74343,Goiania,GO,-16.7359,-49.3023
74345,Goiania,GO,-16.745,-49.2981
74350,Goiania,GO,-16.741,-49.3165
74351,Goiania,GO,-16.6786,-49.2831
74353,Goiania,GO,-16.7419,-49.3285
74354,Goiania,GO,-16.7752,-49.3562
74355,Goiania,GO,-16.7806,-49.3619
74356,Goiania,GO,-16.7881,-49.3712
74357,Goiania,GO,-16.7512,-49.3379
74360,Goiania,GO,-16.7302,-49.3195
74363,Goiania,GO,-16.715,-49.3201
74365,Goiania,GO,-16.7203,-49.3162
74366,Goiania,GO,-16.7145,-49.3271
74367,Goiania,GO,-16.7086,-49.3287
74369,Goiania,GO,-16.744,-49.3452
74370,Goiania,GO,-16.7255,-49.341
74371,Goiania,GO,-16.7325,-49.3463
74372,Goiania,GO,-16.7477,-49.3674
74373,Goiania,GO,-16.709,-49.3239
74375,Goiania,GO,-16.6874,-49.3107
74390,Goiania,GO,-16.676,-49.3228
74391,Goiania,GO,-16.704,-49.3521
74392,Goiania,GO,-16.7098,-49.3669
74393,Goiania,GO,-16.727,-49.3675
74394,Goiania,GO,-16.73,-49.3999
74395,Goiania,GO,-16.7286,-49.3661
74403,Goiania,GO,-16.6773,-49.2987
74405,Goiania,GO,-16.6802,-49.2953
74410,Goiania,GO,-16.6854,-49.2966
74413,Goiania,GO,-16.6824,-49.2975
74415,Goiania,GO,-16.6892,-49.3137
74420,Goiania,GO,-16.6711,-49.3052
74423,Goiania,GO,-16.6813,-49.3128
74425,Goiania,GO,-16.6785,-49.3136
74430,Goiania,GO,-16.6718,-49.3071
74433,Goiania,GO,-16.6632,-49.3116
74435,Goiania,GO,-16.6652,-49.3017
74440,Goiania,GO,-16.658,-49.3018
74445,Goiania,GO,-16.644,-49.2978
74450,Goiania,GO,-16.6573,-49.324
74453,Goiania,GO,-16.6598,-49.3306
74455,Goiania,GO,-16.6522,-49.3215
74460,Goiania,GO,-16.6586,-49.3336
74461,Goiania,GO,-16.6591,-49.3573
74463,Goiania,GO,-16.6483,-49.3316
74464,Goiania,GO,-16.6559,-49.3549
74465,Goiania,GO,-16.6388,-49.3257
74470,Goiania,GO,-16.6308,-49.3577
74471,Goiania,GO,-16.6507,-49.3449
74473,Goiania,GO,-16.6205,-49.3193
74474,Goiania,GO,-16.613,-49.3157
74475,Goiania,GO,-16.6112,-49.3257
74476,Goiânia,GO,-16.6103,-49.3474
74477,Goiania,GO,-16.5899,-49.3539
74480,Goiania,GO,-16.6122,-49.3445
74481,Goiania,GO,-16.6007,-49.333
74483,Goiania,GO,-16.6859,-49.3501
74484,Goiania,GO,-16.7009,-49.3542
74485,Goiania,GO,-16.677,-49.3435
74486,Goiania,GO,-16.6793,-49.3326
74487,Goiania,GO,-16.7037,-49.375
74490,Goiania,GO,-16.6851,-49.407
74491,Goiania,GO,-16.6757,-49.4232
74492,Goiania,GO,-16.6773,-49.3572
74493,Goiania,GO,-16.6613,-49.3851
74494,Goiania,GO,-16.6865,-49.3947
74495,Goiania,GO,-16.6765,-49.3787
74496,Goiania,GO,-16.6511,-49.3832
74503,Goiania,GO,-16.6709,-49.2947
74505,Goiania,GO,-16.6679,-49.2946
74510,Goiania,GO,-16.6633,-49.3016
74513,Goiania,GO,-16.674,-49.2909
74515,Goiania,GO,-16.6728,-49.2952
74520,Goiania,GO,-16.6662,-49.2924
74523,Goiania,GO,-16.6596,-49.2896
74525,Goiania,GO,-16.6691,-49.2893
74530,Goiania,GO,-16.6806,-49.2881
74533,Goiania,GO,-16.6812,-49.2779
74535,Goiania,GO,-16.6804,-49.2816
74543,Goiania,GO,-16.6701,-49.2772
74550,Goiania,GO,-16.6642,-49.2821
74553,Goiania,GO,-16.6716,-49.2869
74555,Goiania,GO,-16.655,-49.2797
74560,Goiania,GO,-16.6594,-49.2738
74563,Goiania,GO,-16.651,-49.2676
74565,Goiania,GO,-16.6406,-49.2765
74573,Goiania,GO,-16.6386,-49.2836
74574,Goiania,GO,-16.646,-49.2792
74575,Goiania,GO,-16.6511,-49.2869
74580,Goiania,GO,-16.65,-49.2995
74583,Goiania,GO,-16.6364,-49.3015
74584,Goiania,GO,-16.6288,-49.2988
74590,Goiania,GO,-16.6125,-49.2961
74591,Goiania,GO,-16.6172,-49.2876
74593,Goiania,GO,-16.6201,-49.2929
74594,Goiania,GO,-16.6217,-49.301
74595,Goiania,GO,-16.6259,-49.2934
74603,Goiania,GO,-16.6818,-49.2407
74605,Goiania,GO,-16.677,-49.2443
74610,Goiania,GO,-16.6747,-49.2373
74611,Goiania,GO,-16.6752,-49.233
74615,Goiania,GO,-16.6774,-49.2335
74620,Goiania,GO,-16.6666,-49.226
74630,Goiania,GO,-16.6628,-49.2239
74633,Goiania,GO,-16.6675,-49.2459
74635,Goiania,GO,-16.6607,-49.2396
74640,Goiania,GO,-16.6673,-49.2426
74643,Goiania,GO,-16.6705,-49.2468
74645,Goiania,GO,-16.6645,-49.2447
74650,Goiania,GO,-16.6549,-49.2421
74653,Goiania,GO,-16.6568,-49.252
74655,Goiania,GO,-16.6532,-49.2559
74660,Goiania,GO,-16.6479,-49.2598
74663,Goiania,GO,-16.6323,-49.2583
74665,Goiania,GO,-16.6214,-49.2541
74670,Goiania,GO,-16.6397,-49.2407
74672,Goiania,GO,-16.6326,-49.2359
74673,Goiania,GO,-16.6486,-49.2367
74674,Goiania,GO,-16.6405,-49.228
74675,Goiania,GO,-16.6213,-49.2174
74680,Goiania,GO,-16.6237,-49.2165
74681,Goiania,GO,-16.6223,-49.1947
74682,Goiania,GO,-16.5077,-49.4373
74683,Goiania,GO,-16.6119,-49.2188
74684,Goiania,GO,-16.6003,-49.2107
74685,Goiania,GO,-16.6286,-49.257
74686,Goiania,GO,-16.5562,-49.2448
74690,Goiania,GO,-16.6371,-49.2514
74691,Goiania,GO,-16.5901,-49.2815
74692,Goiania,GO,-16.5841,-49.2649
74693,Goiania,GO,-16.5431,-49.2829
74703,Goiania,GO,-16.6632,-49.2249
74705,Goiania,GO,-16.671,-49.2217
74710,Goiania,GO,-16.6748,-49.2152
74711,Goiania,GO,-16.6707,-49.2254
74713,Goiania,GO,-16.6752,-49.2283
74715,Goiania,GO,-16.6897,-49.229
74720,Goiania,GO,-16.686,-49.2392
74723,Goiania,GO,-16.6957,-49.2217
74730,Goiania,GO,-16.6934,-49.2145
74735,Goiania,GO,-16.6823,-49.204
74740,Goiania,GO,-16.6919,-49.2234
74765,Goiania,GO,-16.6484,-49.2207
74766,Goiania,GO,-16.6671,-49.1806
74767,Goiania,GO,-16.6679,-49.1943
74769,Goiania,GO,-16.6458,-49.2017
74770,Goiania,GO,-16.6574,-49.1912
74775,Goiania,GO,-16.6513,-49.2113
74780,Goiania,GO,-16.6515,-49.1909
74781,Goiania,GO,-16.6517,-49.1997
74783,Goiania,GO,-16.6471,-49.29
74785,Goiania,GO,-16.6453,-49.1854
74786,Goiania,GO,-16.645,-49.1788
74805,Goiania,GO,-16.6911,-49.2405
74810,Goiania,GO,-16.7019,-49.2396
74815,Goiania,GO,-16.6995,-49.2554
74817,Goiânia,GO,-16.7132,-49.2438
74820,Goiania,GO,-16.7061,-49.2488
74823,Goiania,GO,-16.7154,-49.2596
74825,Goiania,GO,-16.717,-49.2537
74830,Goiania,GO,-16.7132,-49.2624
74835,Goiania,GO,-16.7158,-49.274
74840,Goiania,GO,-16.7367,-49.2776
74843,Goiania,GO,-16.7197,-49.294
74845,Goiania,GO,-16.7173,-49.2428
74850,Goiania,GO,-16.7092,-49.2384
74853,Goiania,GO,-16.7295,-49.2477
74855,Goiania,GO,-16.7262,-49.226
74860,Goiania,GO,-16.7259,-49.2244
74863,Goiania,GO,-16.7126,-49.2574
74865,Goiania,GO,-16.7093,-49.2254
74870,Goiania,GO,-16.729,-49.2181
74883,Goiania,GO,-16.6871,-49.2269
74884,Goiania,GO,-16.7094,-49.1976
74885,Goiania,GO,-16.6978,-49.2473
74886,Goiania,GO,-16.7258,-49.2122
74890,Goiania,GO,-16.747,-49.2013
74893,Goiania,GO,-16.7379,-49.2019
74905,Aparecida De Goiania,GO,-16.7397,-49.2584
74910,Aparecida De Goiania,GO,-16.7469,-49.2487
74911,Aparecida De Goiania,GO,-16.7386,-49.2446
74912,Aparecida De Goiania,GO,-16.7399,-49.2396
74913,Aparecida De Goiania,GO,-16.7619,-49.2592
74914,Aparecida De Goiania,GO,-16.7535,-49.2633
74915,Aparecida De Goiania,GO,-16.7446,-49.2704
74916,Aparecida De Goiania,GO,-16.7523,-49.2811
74917,Aparecida De Goiania,GO,-16.7605,-49.2722
74919,Aparecida De Goiania,GO,-16.7714,-49.2503
74920,Aparecida De Goiania,GO,-16.7588,-49.2558
74921,Aparecida De Goiania,GO,-16.7578,-49.214
74922,Aparecida De Goiania,GO,-16.7505,-49.2246
74923,Aparecida De Goiania,GO,-16.7764,-49.2291
74924,Aparecida De Goiania,GO,-16.7854,-49.2158
74926,Aparecida De Goiania,GO,-16.7566,-49.2093
74927,Aparecida De Goiania,GO,-16.756,-49.2059
74930,Aparecida De Goiania,GO,-16.7666,-49.3394
74932,Aparecida De Goiania,GO,-16.761,-49.3356
74933,Aparecida De Goiania,GO,-16.755,-49.3186
74934,Aparecida De Goiania,GO,-16.7725,-49.3126
74935,Aparecida De Goiania,GO,-16.7503,-49.2956
74936,Aparecida De Goiania,GO,-16.7621,-49.294
74937,Aparecida De Goiania,GO,-16.7732,-49.2948
74938,Aparecida De Goiania,GO,-16.7529,-49.2876
74940,Aparecida De Goiania,GO,-16.7874,-49.2788
74942,Aparecida De Goiania,GO,-16.7845,-49.3159
74943,Aparecida De Goiania,GO,-16.7765,-49.3301
74944,Aparecida De Goiania,GO,-16.7866,-49.3276
74945,Aparecida De Goiania,GO,-16.7897,-49.3335
74946,Aparecida De Goiania,GO,-16.7748,-49.3445
74947,Aparecida De Goiania,GO,-16.7977,-49.3483
74948,Aparecida De Goiania,GO,-16.8095,-49.3497
74950,Aparecida De Goiania,GO,-16.7788,-49.2749
74952,Aparecida De Goiania,GO,-16.7752,-49.2756
74953,Aparecida De Goiania,GO,-16.7846,-49.2916
74954,Aparecida De Goiania,GO,-16.7926,-49.2783
74955,Aparecida De Goiania,GO,-16.8063,-49.283
74956,Aparecida De Goiania,GO,-16.8011,-49.2933
74957,Aparecida De Goiania,GO,-16.8065,-49.31
74958,Aparecida De Goiania,GO,-16.8014,-49.3187
74959,Aparecida De Goiania,GO,-16.8194,-49.3106
74960,Aparecida De Goiania,GO,-16.7993,-49.3158
74961,Aparecida De Goiania,GO,-16.8113,-49.3217
74962,Aparecida De Goiania,GO,-16.8162,-49.3413
74963,Aparecida De Goiania,GO,-16.8192,-49.3603
74965,Aparecida De Goiânia,GO,-16.8326,-49.3656
74966,Aparecida De Goiania,GO,-16.8251,-49.2974
74967,Aparecida De Goiania,GO,-16.8169,-49.2905
74968,Aparecida De Goiania,GO,-16.819,-49.2621
74969,Aparecida De Goiania,GO,-16.816,-49.2819
74970,Aparecida De Goiania,GO,-16.8268,-49.2858
74971,Aparecida De Goiania,GO,-16.8322,-49.2759
74973,Aparecida De Goiania,GO,-16.826,-49.2529
74975,Aparecida De Goiania,GO,-16.8383,-49.2492
74976,Aparecida De Goiania,GO,-16.8251,-49.2416
74980,Aparecida De Goiania,GO,-16.8227,-49.2482
74981,Aparecida De Goiania,GO,-16.8114,-49.2415
74982,Aparecida De Goiania,GO,-16.8007,-49.2449
74983,Aparecida De Goiania,GO,-16.7889,-49.2441
74984,Aparecida De Goiania,GO,-16.791,-49.2431
74985,Aparecida De Goiania,GO,-16.7955,-49.2591
74986,Aparecida De Goiania,GO,-16.8155,-49.2345
74987,Aparecida De Goiania,GO,-16.8231,-49.234
74988,Aparecida De Goiania,GO,-16.8332,-49.2233
74989,Aparecida De Goiania,GO,-16.8445,-49.2371
74990,Aparecida De Goiania,GO,-16.8281,-49.2376
74993,Aparecida De Goiânia,GO,-16.8131,-49.2193
75020,Anapolis,GO,-16.3246,-48.9527
75023,Anapolis,GO,-16.334,-48.96
75024,Anapolis,GO,-16.3282,-48.9592
75025,Anapolis,GO,-16.3318,-48.958
75040,Anapolis,GO,-16.3127,-48.9565
75043,Anapolis,GO,-16.3262,-48.9587
75044,Anapolis,GO,-16.321,-48.9659
75045,Anapolis,GO,-16.3131,-48.9617
75050,Anapolis,GO,-16.2987,-48.9715
75053,Anapolis,GO,-16.2883,-48.9682
75054,Anapolis,GO,-16.2703,-48.9767
75060,Anapolis,GO,-16.3025,-48.9595
75063,Anapolis,GO,-16.2878,-48.9567
75064,Anapolis,GO,-16.2897,-48.9691
75065,Anapolis,GO,-16.2839,-48.9647
75066,Anapolis,GO,-16.2774,-48.9794
75070,Anapolis,GO,-16.3112,-48.9491
75071,Anapolis,GO,-16.2807,-48.9448
75072,Anapolis,GO,-16.278,-48.9351
75073,Anapolis,GO,-16.2572,-48.9616
75074,Anapolis,GO,-16.2783,-48.9287
75075,Anapolis,GO,-16.3027,-48.9386
75076,Anapolis,GO,-16.3036,-48.9267
75080,Anapolis,GO,-16.3189,-48.9459
75083,Anapolis,GO,-16.3043,-48.9469
75084,Anapolis,GO,-16.3108,-48.9386
75085,Anapolis,GO,-16.2842,-48.9219
75090,Anápolis,GO,-16.3047,-48.8954
75091,Anapolis,GO,-16.3151,-48.9035
75093,Anapolis,GO,-16.3196,-48.9168
75094,Anapolis,GO,-16.3215,-48.9304
75095,Anapolis,GO,-16.3384,-48.9212
75096,Anapolis,GO,-16.3276,-48.9286
75097,Anapolis,GO,-16.3227,-48.9211
75100,Anapolis,GO,-16.3567,-48.9402
75101,Anapolis,GO,-16.3368,-48.9037
75102,Anapolis,GO,-16.3734,-48.8224
75103,Anapolis,GO,-16.3507,-48.9061
75104,Anapolis,GO,-16.3553,-48.9126
75105,Anapolis,GO,-16.3638,-48.9408
75106,Anapolis,GO,-16.3666,-48.9495
75110,Anapolis,GO,-16.3332,-48.9396
75113,Anapolis,GO,-16.3266,-48.9416
75114,Anapolis,GO,-16.3411,-48.9377
75115,Anapolis,GO,-16.3439,-48.9456
75120,Anapolis,GO,-16.3423,-48.9616
75123,Anapolis,GO,-16.3494,-48.9555
75124,Anapolis,GO,-16.3585,-48.9665
75125,Anapolis,GO,-16.3534,-48.954
75126,Anapolis,GO,-16.3376,-48.9535
75130,Anapolis,GO,-16.369,-48.9667
75131,Anapolis,GO,-16.3739,-48.9742
75132,Anapolis,GO,-16.3864,-48.929
75133,Anapolis,GO,-16.3813,-48.9578
75134,Anapolis,GO,-16.3573,-48.9825
75135,Anapolis,GO,-16.3862,-48.9807
75136,Anapolis,GO,-16.3911,-48.9829
75140,Anapolis,GO,-16.3317,-48.9672
75143,Anapolis,GO,-16.3358,-48.9725
75144,Anapolis,GO,-16.328,-48.9886
75145,Anapolis,GO,-16.3467,-48.9731
75154,Sousania,GO,-16.8699,-49.8556
75160,Campo Limpo De Goias,GO,-16.2954,-49.0907
75165,Ouro Verde De Goias,GO,-16.2185,-49.1963
75170,Goianapolis,GO,-16.507,-49.0196
75175,Terezopolis De Goias,GO,-16.481,-49.0942
75180,Silvania,GO,-16.6648,-48.6112
75184,Gameleira De Goias,GO,-16.4524,-48.6992
75185,Sao Miguel Do Passa Quatro,GO,-17.0444,-48.6667
75190,Leopoldo De Bulhoes,GO,-16.6194,-48.7517
75195,Bonfinopolis,GO,-16.6135,-48.9637
75200,Pires Do Rio,GO,-17.3051,-48.2821
75202,Catalão,GO,-18.1992,-47.9418
75210,Palmelo,GO,-17.3256,-48.4265
75220,Santa Cruz De Goias,GO,-17.3061,-48.5017
75230,Cristianopolis,GO,-17.1968,-48.7057
75240,Bela Vista De Goias,GO,-16.9707,-48.951
75245,Caldazinha,GO,-16.7143,-49.0009
75250,Senador Canedo,GO,-16.6927,-49.1168
75251,Senador Canedo,GO,-16.7132,-49.1038
75254,Senador Canedo,GO,-16.6946,-49.1459
75255,Senador Canedo,GO,-16.6718,-49.1752
75256,Senador Canedo,GO,-16.6522,-49.1534
75257,Bela Vista de Goiás,GO,-16.9712,-48.9514
75258,Senador Canedo,GO,-16.6754,-49.1105
75259,Senador Canedo,GO,-16.6872,-49.1042
75260,Senador Canedo,GO,-16.7202,-48.7993
75261,Senador Canedo,GO,-16.6949,-49.1001
75262,Senador Canedo,GO,-16.7028,-49.0934
75263,Senador Canedo,GO,-16.7157,-49.0952
75264,Senador Canedo,GO,-16.6888,-49.0894
75265,Vianopolis,GO,-16.7451,-48.5148
75280,Orizona,GO,-17.0322,-48.3
75340,Hidrolandia,GO,-16.9626,-49.2293
75345,Abadia De Goias,GO,-16.7671,-49.4381
75350,Guapo,GO,-16.8367,-49.5361
75355,Varjao,GO,-17.0474,-49.631
75360,Aragoiania,GO,-16.9115,-49.4498
75370,Goianira,GO,-16.5133,-49.421
75375,Santo Antonio De Goias,GO,-16.4935,-49.312
75380,Trindade,GO,-16.6383,-49.4249
75381,Trindade,GO,-16.5911,-49.3967
75382,Trindade,GO,-16.6302,-49.4063
75383,Trindade,GO,-16.6404,-49.4161
75384,Trindade,GO,-16.6382,-49.438
75386,Trindade,GO,-16.651,-49.4697
75387,Trindade,GO,-16.6435,-49.4813
75388,Trindade,GO,-16.653,-49.4834
75389,Trindade,GO,-16.6681,-49.4855
75390,Trindade,GO,-16.6568,-49.5079
75391,Trindade,GO,-16.6543,-49.4983
75392,Trindade,GO,-16.6448,-49.4881
75393,Trindade,GO,-16.6395,-49.502
75395,Avelinopolis,GO,-16.4703,-49.7597
75396,Campestre De Goias,GO,-16.7627,-49.6959
75398,Santa Barbara De Goias,GO,-16.5746,-49.6951
75400,Inhumas,GO,-16.3613,-49.4971
75410,Aracu,GO,-16.3552,-49.6836
75420,Damolandia,GO,-16.2533,-49.3683
75430,Caturai,GO,-16.4455,-49.495
75440,Brazabrantes,GO,-16.4324,-49.3871
75450,Itaucu,GO,-16.203,-49.6078
75455,Santa Rosa De Goias,GO,-16.0805,-49.4901
75460,Neropolis,GO,-16.4059,-49.2213
75470,Nova Veneza,GO,-16.3728,-49.3167
75480,Petrolina De Goias,GO,-16.1037,-49.3304
75490,Sao Francisco De Goias,GO,-15.9323,-49.263
75495,Jesupolis,GO,-15.9545,-49.3857
75503,Itumbiara,GO,-18.4173,-49.2168
75510,Itumbiara,GO,-18.4109,-49.2199
75513,Itumbiara,GO,-18.4017,-49.2164
75514,Itumbiara,GO,-18.3836,-49.2168
75515,Itumbiara,GO,-18.3818,-49.2142
75516,Itumbiara,GO,-18.3984,-49.2084
75520,Itumbiara,GO,-18.3909,-49.1977
75522,Itumbiara,GO,-18.4099,-49.2004
75523,Itumbiara,GO,-18.4094,-49.2064
75524,Itumbiara,GO,-18.43,-49.2151
75526,Itumbiara,GO,-18.4252,-49.2282
75528,Itumbiara,GO,-18.3978,-49.2408
75530,Itumbiara,GO,-18.4158,-49.2272
75532,Itumbiara,GO,-18.4094,-49.2416
75533,Itumbiara,GO,-18.4061,-49.2461
75534,Itumbiara,GO,-18.4211,-49.2491
75535,Itumbiara,GO,-18.4116,-49.2668
75536,Itumbiara,GO,-18.4115,-49.2472
75550,Inaciolandia,GO,-18.4869,-49.9922
75555,Vicentinopolis,GO,-17.7333,-49.8049
75560,Cachoeira Dourada,GO,-18.4936,-49.4909
75570,Bom Jesus,GO,-18.216,-49.7383
75580,Panama,GO,-18.1827,-49.3535
75600,Goiatuba,GO,-18.0104,-49.3792
75603,Porteirao,GO,-17.8139,-50.1633
75610,Joviania,GO,-17.8058,-49.6216
75615,Aloandia,GO,-17.7296,-49.4776
75620,Pontalina,GO,-17.5181,-49.4504
75630,Mairipotaba,GO,-17.2973,-49.4923
75635,Crominia,GO,-17.289,-49.3753
75640,Piracanjuba,GO,-17.3035,-49.0264
75645,Professor Jamil,GO,-17.2531,-49.2451
75650,Morrinhos,GO,-17.7339,-49.1159
75660,Buriti Alegre,GO,-18.1345,-49.0413
75665,Agua Limpa,GO,-18.0763,-48.7616
75670,Marzagao,GO,-17.9796,-48.645
75680,Corumbaiba,GO,-18.1423,-48.5635
75690,Caldas Novas,GO,-17.7394,-48.6199
75695,Rio Quente,GO,-17.7989,-48.7631
75701,Catalao,GO,-18.1712,-47.9468
75702,Catalao,GO,-18.1618,-47.9529
75703,Catalao,GO,-18.1594,-47.9405
75704,Catalao,GO,-18.1586,-47.9353
75705,Catalao,GO,-18.1451,-47.9258
75706,Catalao,GO,-18.1624,-47.9229
75707,Catalao,GO,-18.1699,-47.9355
75708,Catalao,GO,-18.1703,-47.9225
75709,Catalao,GO,-18.1791,-47.946
75710,Catalao,GO,-18.2185,-47.9392
75711,Catalao,GO,-18.1689,-47.9702
75712,Catalao,GO,-18.1649,-47.9584
75713,Catalao,GO,-18.1667,-47.9547
75714,Santo Antonio Do Rio Verde,GO,-17.8314,-47.4782
75715,Ouvidor,GO,-18.2329,-47.8343
75720,Tres Ranchos,GO,-18.3614,-47.7793
75730,Davinopolis,GO,-18.1542,-47.5614
75740,Goiandira,GO,-18.1341,-48.087
75750,Nova Aurora,GO,-18.0586,-48.2559
75760,Cumari,GO,-18.2648,-48.1498
75770,Anhanguera,GO,-18.3398,-48.2194
75780,Ipameri,GO,-17.7088,-48.1503
75784,Rio Quente,GO,-17.7741,-48.7732
75790,Urutai,GO,-17.465,-48.2021
75795,Campo Alegre De Goias,GO,-17.6344,-47.7766
75800,Jatai,GO,-17.8843,-51.717
75801,Jatai,GO,-17.8952,-51.7156
75802,Jatai,GO,-17.9001,-51.731
75803,Jatai,GO,-17.889,-51.7334
75804,Jatai,GO,-17.8763,-51.731
75805,Jatai,GO,-17.8737,-51.7265
75806,Jatai,GO,-17.8649,-51.7136
75807,Jatai,GO,-17.8794,-51.7055
75810,Itaruma,GO,-18.7632,-51.3467
75813,Cacu,GO,-18.5666,-51.135
75814,Cacu,GO,-18.5567,-51.1354
75815,Itaja,GO,-19.0652,-51.5486
75819,Lagoa Santa,GO,-19.183,-51.399
75820,Serranopolis,GO,-18.307,-51.9582
75822,Serranopolis,GO,-18.3116,-51.9541
75823,Perolandia,GO,-17.5284,-52.0645
75825,Apore,GO,-18.9626,-51.9269
75827,Aparecida Do Rio Doce,GO,-18.2885,-51.158
75828,Chapadao Do Ceu,GO,-18.3973,-52.6626
75830,Mineiros,GO,-17.5571,-52.5503
75831,Mineiros,GO,-17.5609,-52.5597
75832,Mineiros,GO,-17.5546,-52.5497
75833,Mineiros,GO,-17.5551,-52.5496
75834,Mineiros,GO,-17.5422,-52.543
75835,Portelandia,GO,-17.3548,-52.6792
75836,Mineiros,GO,-17.5695,-52.5362
75837,Mineiros,GO,-17.5543,-52.5429
75838,Mineiros,GO,-17.5795,-52.549
75840,Santa Rita Do Araguaia,GO,-17.3193,-53.194
75843,Portelandia,GO,-17.3572,-52.6783
75845,Palestina De Goias,GO,-16.7447,-51.5295
75850,Caiaponia,GO,-16.9568,-51.8136
75855,Doverlandia,GO,-16.7278,-52.3208
75860,Quirinopolis,GO,-18.446,-50.4515
75865,Gouvelandia,GO,-18.4394,-50.1384
75870,Cachoeira Alta,GO,-18.7311,-50.9551
75880,Paranaiguara,GO,-18.9033,-50.6496
75890,Sao Simao,GO,-18.9998,-50.5505
75893,Itaguacu,GO,-17.923,-49.9585
75900,Rio Verde,GO,-17.867,-50.8271
75901,Rio Verde,GO,-17.8045,-50.9165
75902,Rio Verde,GO,-17.7984,-50.9224
75903,Rio Verde,GO,-17.7829,-50.9182
75904,Rio Verde,GO,-17.7775,-50.9047
75905,Rio Verde,GO,-17.7995,-50.8938
75906,Rio Verde,GO,-17.8041,-50.9214
75907,Rio Verde,GO,-17.814,-50.9349
75908,Rio Verde,GO,-17.8001,-50.9465
75909,Rio Verde,GO,-17.7788,-50.9648
75910,Rio Verde,GO,-17.7557,-50.912
75911,Rio Verde,GO,-17.8138,-50.8637
75912,Rio Verde,GO,-17.8586,-50.9616
75913,Rio Verde,GO,-17.8067,-50.9266
75914,Ouroana,GO,-18.1001,-50.5614
75915,Montividiu,GO,-17.4188,-51.1858
75920,Santa Helena De Goias,GO,-17.8131,-50.5964
75925,Castelandia,GO,-18.0891,-50.2216
75930,Maurilandia,GO,-17.9786,-50.3402
75935,Santo Antonio Da Barra,GO,-17.5595,-50.6361
75940,Edeia,GO,-17.3392,-49.929
75945,Edealina,GO,-17.4219,-49.6805
75950,Jandaia,GO,-17.0798,-50.1603
75955,Indiara,GO,-17.1447,-49.9916
75960,Acreuna,GO,-17.3983,-50.373
75970,Turvelandia,GO,-17.8523,-50.3058
75980,Parauna,GO,-16.9665,-50.461
75985,Sao Joao Da Parauna,GO,-16.8191,-50.408
75990,Palminopolis,GO,-16.7934,-50.1622
76100,Sao Luis De Montes Belos,GO,-16.5129,-50.3749
76105,Firminopolis,GO,-16.5796,-50.3057
76110,Turvania,GO,-16.6089,-50.1341
76120,Aurilandia,GO,-16.6801,-50.4653
76125,Cachoeira De Goias,GO,-16.6675,-50.6458
76130,Ivolandia,GO,-16.6082,-50.7907
76135,Moipora,GO,-16.5436,-50.7398
76140,Amorinopolis,GO,-16.6198,-51.0958
76145,Corrego Do Ouro,GO,-16.2945,-50.5493
76150,Mossamedes,GO,-16.1247,-50.2134
76152,Buriti De Goias,GO,-16.1833,-50.4342
76155,Adelandia,GO,-16.4163,-50.1676
76160,Sanclerlandia,GO,-16.2014,-50.312
76165,Americano Do Brasil,GO,-16.2536,-49.9816
76170,Anicuns,GO,-16.4598,-49.9608
76180,Nazario,GO,-16.5809,-49.8829
76190,Palmeiras De Goias,GO,-16.8066,-49.9221
76195,Cezarina,GO,-16.9793,-49.7708
76200,Ipora,GO,-16.439,-51.1167
76205,Israelandia,GO,-16.3153,-50.9047
76210,Jaupaci,GO,-16.1835,-50.9532
76220,Fazenda Nova,GO,-16.1817,-50.7889
76230,Piranhas,GO,-16.4326,-51.8176
76235,Arenopolis,GO,-16.3855,-51.5596
76240,Aragarcas,GO,-15.9108,-52.2325
76244,Aragarças,GO,-15.8972,-52.2339
76245,Bom Jardim De Goias,GO,-16.2017,-52.1746
76250,Baliza,GO,-16.2004,-52.5441
76255,Montes Claros De Goias,GO,-16.0044,-51.3941
76260,Diorama,GO,-16.234,-51.2581
76265,Santa Fe De Goias,GO,-15.7694,-51.1026
76270,Jussara,GO,-15.8653,-50.8733
76280,Britania,GO,-15.2435,-51.1643
76285,Novo Brasil,GO,-16.0348,-50.7121
76290,Itapirapua,GO,-15.8185,-50.6177
76293,Jacilandia,GO,-17.8049,-50.9234
76300,Ceres,GO,-15.3036,-49.6072
76304,Ipiranga De Goias,GO,-15.1731,-49.6721
76305,Nova Gloria,GO,-15.1491,-49.5742
76310,Rialma,GO,-15.3173,-49.5804
76315,Rianapolis,GO,-15.4483,-49.5116
76320,Santa Isabel,GO,-15.3023,-49.4239
76330,Jaragua,GO,-15.7492,-49.3321
76335,Uruana,GO,-15.5149,-49.6794
76340,Carmo Do Rio Verde,GO,-15.3569,-49.7024
76343,Sao Patricio,GO,-15.3507,-49.8192
76345,Nova America,GO,-15.0221,-49.8934
76350,Rubiataba,GO,-15.164,-49.8038
76355,Morro Agudo De Goias,GO,-15.3155,-50.058
76360,Itapaci,GO,-14.9583,-49.5489
76365,Sao Luiz Do Norte,GO,-14.8632,-49.3286
76370,Pilar De Goias,GO,-14.7637,-49.5799
76372,Pilar De Goias,GO,-14.7631,-49.5783
76374,Guarinos,GO,-14.733,-49.7043
76375,Hidrolina,GO,-14.722,-49.4689
76380,Goianesia,GO,-15.3183,-49.1212
76381,Goianésia,GO,-15.3054,-49.1162
76382,Goianesia,GO,-15.3298,-49.1179
76383,Goianesia,GO,-15.3373,-49.1039
76385,Goianesia,GO,-15.2443,-49.1874
76386,Goianesia,GO,-15.8485,-49.1799
76387,Goianesia,GO,-15.3035,-49.1264
76388,Goianesia,GO,-15.3151,-49.1349
76390,Barro Alto,GO,-14.9659,-48.9192
76393,Vila Propicio,GO,-15.3424,-48.8481
76395,Santa Rita Do Novo Destino,GO,-14.9133,-49.0597
76400,Uruacu,GO,-14.5185,-49.1421
76410,Campinorte,GO,-14.3127,-49.1537
76420,Niquelandia,GO,-14.4698,-48.4569
76440,Campinacu,GO,-13.8055,-48.5667
76450,Minacu,GO,-13.5286,-48.2211
76460,Trombas,GO,-13.5102,-48.743
76465,Montividiu Do Norte,GO,-13.3528,-48.6906
76470,Formoso,GO,-13.6582,-48.8775
76480,Santa Tereza De Goias,GO,-13.6971,-49.0145
76485,Estrela Do Norte,GO,-13.8696,-49.069
76490,Mara Rosa,GO,-14.0181,-49.1784
76493,Amaralina,GO,-13.9025,-49.404
76495,Nova Iguacu De Goias,GO,-14.2876,-49.3887
76500,Santa Terezinha De Goias,GO,-14.4307,-49.7106
76510,Crixas,GO,-14.5406,-49.969
76515,Campos Verdes,GO,-14.2614,-49.657
76520,Nova Crixas,GO,-14.0945,-50.3435
76523,Nova Crixás,GO,-14.0991,-50.3299
76525,Uirapuru,GO,-14.2842,-49.9182
76530,Mundo Novo,GO,-13.7731,-50.2783
76540,Mutunopolis,GO,-13.7282,-49.2826
76550,Porangatu,GO,-13.4389,-49.1466
76555,Bonopolis,GO,-13.6496,-49.8304
76560,Alto Horizonte,GO,-14.1944,-49.3402
76580,Novo Planalto,GO,-13.2407,-49.5085
76590,Sao Miguel Do Araguaia,GO,-13.2568,-50.1638
76600,Goias,GO,-15.9386,-50.1428
76630,Itaberai,GO,-16.0238,-49.8004
76640,Taquaral De Goias,GO,-16.0533,-49.6023
76650,Itaguari,GO,-15.9207,-49.6047
76660,Itaguaru,GO,-15.7616,-49.6336
76670,Heitorai,GO,-15.72,-49.8265
76680,Itapuranga,GO,-15.5606,-49.9471
76690,Guaraita,GO,-15.6319,-50.0303
76700,Mozarlandia,GO,-14.7513,-50.5682
76710,Aruana,GO,-14.9251,-51.0795
76720,Araguapaz,GO,-15.0984,-50.6175
76730,Matrincha,GO,-15.4445,-50.7234
76740,Faina,GO,-15.4417,-50.3769
76801,Porto Velho,RO,-8.7527,-63.9055
76802,Porto Velho,RO,-8.7355,-63.905
76803,Porto Velho,RO,-8.7424,-63.8956
76804,Porto Velho,RO,-8.7662,-63.8936
76805,Porto Velho,RO,-8.7797,-63.9078
76806,Porto Velho,RO,-8.7815,-63.8796
76807,Porto Velho,RO,-8.7912,-63.8845
76808,Porto Velho,RO,-8.7938,-63.8889
76810,Porto Velho,RO,-9.0575,-64.5297
76811,Porto Velho,RO,-8.7987,-63.8635
76812,Porto Velho,RO,-8.7758,-63.8585
76813,Porto Velho,RO,-8.7747,-63.8255
76814,Porto Velho,RO,-8.7806,-63.8025
76815,Porto Velho,RO,-8.8005,-63.7198
76817,Porto Velho,RO,-8.808,-63.8061
76820,Porto Velho,RO,-8.7572,-63.8749
76821,Porto Velho,RO,-8.7382,-63.8769
76822,Porto Velho,RO,-8.7229,-63.8762
76824,Porto Velho,RO,-8.7478,-63.8567
76825,Porto Velho,RO,-8.7446,-63.843
76828,Porto Velho,RO,-8.7577,-63.8207
76829,Porto Velho,RO,-8.7655,-63.8432
76840,Jaci Parana,RO,-9.1174,-64.2554
76842,Mutum Parana,RO,-9.2953,-64.548
76846,Vista Alegre Do Abuna,RO,-9.6561,-65.7381
76847,Extrema,RO,-11.2086,-61.5886
76848,Nova California,RO,-9.7634,-66.6194
76850,Guajara-Mirim,RO,-10.7771,-65.3221
76857,Nova Mamore,RO,-10.4013,-65.2672
76860,Candeias Do Jamari,RO,-8.8227,-63.6493
76861,Itapua Do Oeste,RO,-9.1853,-63.1872
76862,Alto Paraiso,RO,-9.7187,-63.3249
76863,Rio Crespo,RO,-9.7067,-62.9
76864,Cujubim,RO,-9.362,-62.5835
76866,Theobroma,RO,-10.2468,-62.3496
76867,Vale Do Anari,RO,-9.8578,-62.1744
76868,Machadinho D'Oeste,RO,-9.421,-62.0124
76870,Ariquemes,RO,-9.9106,-63.0402
76871,Ariquemes,RO,-9.8914,-63.0421
76872,Ariquemes,RO,-9.9031,-63.0337
76873,Ariquemes,RO,-9.9085,-63.0268
76874,Ariquemes,RO,-9.8904,-63.0222
76875,Ariquemes,RO,-9.9101,-63.0141
76876,Ariquemes,RO,-9.9267,-63.0363
76877,Ariquemes,RO,-9.8991,-63.0617
76880,Buritis,RO,-10.207,-63.8311
76887,Campo Novo De Rondonia,RO,-10.5205,-63.6931
76888,Monte Negro,RO,-10.2562,-63.3076
76889,Cacaulandia,RO,-10.3385,-62.9076
76890,Jaru,RO,-10.437,-62.4732
76897,Jaru,RO,-10.4354,-62.4651
76898,Governador Jorge Teixeira,RO,-10.6101,-62.7923
76900,Ji-Parana,RO,-10.8772,-61.9584
76901,Ji-Parana,RO,-10.871,-61.9758
76904,Ji-Parana,RO,-10.8419,-61.9931
76906,Ji-Parana,RO,-10.8561,-61.9554
76907,Ji-Parana,RO,-10.8669,-61.9506
76908,Ji-Parana,RO,-10.8844,-61.9215
76909,Ji-Parana,RO,-10.8782,-61.9023
76912,Ji-Paraná,RO,-10.8981,-61.8932
76913,Ji-Parana,RO,-10.8985,-61.9152
76914,Ji-Paraná,RO,-10.8941,-61.9329
76916,Presidente Medici,RO,-11.1705,-61.9058
76919,Ministro Andreazza,RO,-11.1894,-61.5246
76920,Ouro Preto Do Oeste,RO,-10.7158,-62.2561
76923,Vale Do Paraiso,RO,-10.4166,-62.1277
76924,Nova Uniao,RO,-10.9144,-62.5538
76926,Mirante Da Serra,RO,-11.0293,-62.6697
76928,Teixeiropolis,RO,-10.9328,-62.2565
76929,Urupa,RO,-11.13,-62.3696
76930,Alvorada D'Oeste,RO,-11.3495,-62.287
76932,Sao Miguel Do Guapore,RO,-11.6955,-62.7175
76934,Seringueiras,RO,-11.779,-63.0396
76935,Sao Francisco Do Guapore,RO,-12.0646,-63.5743
76937,Costa Marques,RO,-12.3507,-64.2054
76940,Rolim De Moura,RO,-11.7225,-61.777
76948,Castanheiras,RO,-11.4281,-61.951
76950,Santa Luzia D'Oeste,RO,-11.9051,-61.7805
76952,Alto Alegre Dos Parecis,RO,-12.134,-61.857
76954,Alta Floresta D'Oeste,RO,-11.9446,-61.9988
76956,Novo Horizonte Do Oeste,RO,-11.7116,-62.012
76958,Nova Brasilandia D'Oeste,RO,-11.7259,-62.317
76960,Cacoal,RO,-11.4255,-61.4719
76961,Cacoal,RO,-11.4271,-61.4679
76962,Cacoal,RO,-11.4285,-61.4595
76963,Cacoal,RO,-11.431,-61.4444
76964,Cacoal,RO,-11.4377,-61.4434
76965,Cacoal,RO,-11.4352,-61.4335
76966,Cacoal,RO,-11.4383,-61.43
76967,Cacoal,RO,-11.4428,-61.4503
76968,Cacoal,RO,-11.4341,-61.4424
76970,Pimenta Bueno,RO,-11.6876,-61.1712
76974,Espigao Do Oeste,RO,-11.5266,-61.0147
76976,Primavera De Rondonia,RO,-11.8396,-61.3189
76977,Sao Felipe D'Oeste,RO,-11.9103,-61.5124
76979,Parecis,RO,-12.1815,-61.6013
76980,Vilhena,RO,-12.7334,-60.1484
76981,Vilhena,RO,-12.741,-60.1471
76982,Vilhena,RO,-12.7229,-60.136
76983,Vilhena,RO,-12.7203,-60.1453
76985,Vilhena,RO,-12.7346,-60.1133
76987,Vilhena,RO,-12.7419,-60.1161
76988,Vilhena,RO,-12.7462,-60.1325
76990,Chupinguaia,RO,-12.5542,-60.9044
76993,Colorado Do Oeste,RO,-13.1222,-60.5422
76994,Cabixi,RO,-13.4869,-60.5379
76995,Corumbiara,RO,-12.9975,-60.9451
76997,Cerejeiras,RO,-13.1927,-60.8231
76999,Pimenteiras Do Oeste,RO,-13.481,-61.0465
77001,Palmas,TO,-10.1685,-48.3409
77002,Palmas,TO,-10.1627,-48.3434
77006,Palmas,TO,-10.1753,-48.3192
77015,Palmas,TO,-10.1992,-48.345
77016,Palmas,TO,-10.2173,-48.3463
77017,Palmas,TO,-10.185,-48.3448
77018,Palmas,TO,-10.2462,-48.3464
77019,Palmas,TO,-10.2567,-48.3379
77020,Palmas,TO,-10.1894,-48.3206
77021,Palmas,TO,-10.2052,-48.3238
77022,Palmas,TO,-10.2196,-48.3236
77023,Palmas,TO,-10.233,-48.3221
77024,Palmas,TO,-10.2543,-48.323
77025,Palmas,TO,-10.2689,-48.3223
77026,Palmas,TO,-10.1542,-48.3145
77059,Palmas,TO,-10.2935,-48.3172
77060,Palmas,TO,-10.3178,-48.3029
77062,Palmas,TO,-10.3155,-48.3182
77063,Palmas,TO,-10.3292,-48.3232
77064,Palmas,TO,-10.3378,-48.2932
77066,Palmas,TO,-10.3417,-48.2819
77080,Palmas,TO,-10.3169,-48.1546
77300,Dianopolis,TO,-11.627,-46.8215
77303,Rio Da Conceicao,TO,-11.3716,-46.8218
77305,Conceicao Do Tocantins,TO,-12.2077,-47.2985
77308,Taipas Do Tocantins,TO,-12.1923,-46.9915
77310,Almas,TO,-11.5679,-47.1683
77315,Ponte Alta Do Bom Jesus,TO,-12.0892,-46.4792
77318,Novo Jardim,TO,-11.8196,-46.6252
77320,Taguatinga,TO,-12.3986,-46.4393
77325,Aurora Do Tocantins,TO,-12.7107,-46.4054
77330,Arraias,TO,-12.9207,-46.9501
77350,Combinado,TO,-12.8154,-46.5501
77353,Novo Alegre,TO,-12.9143,-46.5739
77360,Parana,TO,-12.6168,-47.8758
77365,Palmeiropolis,TO,-13.0428,-48.4058
77368,Sao Salvador Do Tocantins,TO,-12.7489,-48.2378
77370,Natividade,TO,-11.7133,-47.7215
77375,Santa Rosa Do Tocantins,TO,-11.4481,-48.1145
77378,Chapada Da Natividade,TO,-11.6178,-47.751
77380,Pindorama Do Tocantins,TO,-11.1439,-47.5751
77390,Sao Valerio Da Natividade,TO,-11.9734,-48.2342
77395,Porto Alegre Do Tocantins,TO,-11.5625,-47.0485
77402,Gurupi,TO,-11.7263,-49.0736
77403,Gurupi,TO,-11.7289,-49.0737
77404,Gurupi,TO,-11.7254,-49.0612
77405,Gurupi,TO,-11.7293,-49.0667
77410,Gurupi,TO,-11.7297,-49.0614
77411,Gurupi,TO,-11.7379,-49.0483
77413,Gurupi,TO,-11.7234,-49.0735
77415,Gurupi,TO,-11.7573,-49.0692
77416,Gurupi,TO,-11.7196,-49.0863
77420,Gurupi,TO,-11.7177,-49.0683
77423,Gurupi,TO,-11.7273,-49.0636
77425,Gurupi,TO,-11.732,-49.0944
77426,Gurupi,TO,-11.7324,-49.0664
77430,Gurupi,TO,-11.7191,-49.0947
77433,Gurupi,TO,-11.7364,-49.0707
77435,Gurupi,TO,-11.7252,-49.0792
77440,Gurupi,TO,-11.7082,-49.0421
77444,Gurupi,TO,-11.7089,-49.0555
77450,Jau Do Tocantins,TO,-12.6579,-48.5991
77453,Cariri Do Tocantins,TO,-11.905,-49.1662
77455,Alianca Do Tocantins,TO,-11.305,-48.9372
77458,Sucupira,TO,-11.9877,-48.9111
77460,Peixe,TO,-12.0329,-48.5399
77463,Crixas Do Tocantins,TO,-11.1032,-48.9184
77465,Figueiropolis,TO,-12.1354,-49.1599
77470,Formoso Do Araguaia,TO,-11.8122,-49.5449
77475,Araguacu,TO,-12.928,-49.8263
77478,Sandolandia,TO,-12.5392,-49.9266
77480,Alvorada,TO,-12.4787,-49.1229
77483,Talisma,TO,-12.7994,-49.0919
77485,Duere,TO,-11.3414,-49.2669
77490,Cristalandia,TO,-10.603,-49.1954
77493,Lagoa Da Confusao,TO,-10.7953,-49.6272
77495,Nova Rosalandia,TO,-10.5654,-48.9125
77500,Porto Nacional,TO,-10.7054,-48.4063
77555,Fatima,TO,-10.7583,-48.9026
77558,Oliveira De Fatima,TO,-10.7071,-48.9056
77560,Brejinho De Nazare,TO,-11.018,-48.5705
77570,Pium,TO,-10.4418,-49.178
77580,Silvanopolis,TO,-11.1625,-48.1412
77585,Monte Do Carmo,TO,-10.7634,-48.1038
77590,Ponte Alta Do Tocantins,TO,-10.7449,-47.5364
77593,Mateiros,TO,-10.5461,-46.4192
77600,Paraiso Do Tocantins,TO,-10.1745,-48.8884
77603,Pugmil,TO,-10.4215,-48.9257
77610,Novo Acordo,TO,-9.9656,-47.6775
77613,Lagoa Do Tocantins,TO,-10.2957,-47.5637
77615,Santa Tereza Do Tocantins,TO,-10.2834,-47.809
77620,Aparecida Do Rio Negro,TO,-9.9504,-47.9753
77630,Lizarda,TO,-9.5949,-46.6751
77635,Rio Sono,TO,-9.3471,-47.8958
77640,Tocantinia,TO,-9.5676,-48.3754
77645,Lajeado,TO,-9.7537,-48.3558
77650,Miracema Do Tocantins,TO,-9.5723,-48.4096
77655,Rio Dos Bois,TO,-9.3429,-48.5355
77660,Miranorte,TO,-9.535,-48.591
77665,Barrolandia,TO,-9.8355,-48.7261
77670,Divinopolis Do Tocantins,TO,-9.8009,-49.2151
77673,Monte Santo Do Tocantins,TO,-9.9809,-49.0297
77675,Marianopolis Do Tocantins,TO,-9.7966,-49.6572
77680,Caseara,TO,-9.2715,-49.9567
77685,Dois Irmaos Do Tocantins,TO,-9.2582,-49.0652
77690,Araguacema,TO,-8.8147,-49.5566
77693,Abreulândia,TO,-9.6224,-49.1497
77695,Goianorte,TO,-8.774,-48.9351
77700,Guarai,TO,-8.8398,-48.5085
77704,Tupirama,TO,-8.9715,-48.1883
77708,Fortaleza Do Tabocao,TO,-9.0732,-48.5225
77710,Pedro Afonso,TO,-9.0087,-48.1453
77714,Bom Jesus Do Tocantins,TO,-8.9655,-48.1657
77716,Santa Maria Do Tocantins,TO,-8.775,-47.7494
77718,Itapiratins,TO,-8.3843,-48.1083
77720,Itacaja,TO,-8.3995,-47.7659
77723,Centenario,TO,-8.9585,-47.3371
77725,Colmeia,TO,-8.7417,-48.7532
77730,Pequizeiro,TO,-8.5963,-48.9345
77733,Recursolandia,TO,-8.7232,-47.2225
77735,Brasilândia Do Tocantins,TO,-8.3684,-48.4832
77740,Itapora Do Tocantins,TO,-8.5714,-48.6894
77745,Presidente Kennedy,TO,-8.5311,-48.5072
77750,Couto De Magalhaes,TO,-8.3659,-49.1683
77753,Juarina,TO,-8.1193,-49.101
77755,Bernardo Sayao,TO,-7.8922,-48.9044
77760,Colinas Do Tocantins,TO,-8.0579,-48.4798
77770,Goiatins,TO,-7.7121,-47.3161
77777,Campos Lindos,TO,-7.9889,-46.8015
77780,Arapoema,TO,-7.6567,-49.0643
77783,Bandeirantes Do Tocantins,TO,-7.7596,-48.5781
77785,Pau D'Arco,TO,-7.5417,-49.3695
77790,Nova Olinda,TO,-7.6301,-48.423
77795,Filadelfia,TO,-7.3394,-47.4933
77803,Araguaina,TO,-7.1935,-48.2091
77804,Araguaina,TO,-7.1891,-48.2077
77805,Araguaina,TO,-7.1915,-48.2095
77807,Araguaina,TO,-7.1975,-48.1987
77808,Araguaina,TO,-7.2086,-48.186
77809,Araguaina,TO,-7.2081,-48.2029
77813,Araguaina,TO,-7.2006,-48.21
77814,Araguaina,TO,-7.2214,-48.239
77815,Araguaina,TO,-7.2118,-48.2246
77816,Araguaina,TO,-7.2022,-48.2325
77817,Araguaina,TO,-7.1977,-48.2242
77818,Araguaina,TO,-7.1939,-48.2246
77820,Araguaina,TO,-7.1997,-48.2185
77823,Araguaina,TO,-7.185,-48.2147
77824,Araguaina,TO,-7.1833,-48.2052
77825,Araguaina,TO,-7.1725,-48.2019
77826,Araguaina,TO,-7.1914,-48.1931
77827,Araguaina,TO,-7.1887,-48.1928
77828,Araguaina,TO,-7.2024,-48.1756
77829,Araguaina,TO,-7.2233,-48.238
77840,Carmolandia,TO,-7.0351,-48.3962
77845,Aragominas,TO,-7.169,-48.5303
77848,Santa Fe Do Araguaia,TO,-7.1456,-48.7167
77850,Muricilandia,TO,-7.1424,-48.6072
77855,Araguana,TO,-6.6683,-48.5771
77860,Wanderlandia,TO,-6.8506,-47.9653
77870,Babaculandia,TO,-7.2036,-47.7588
77880,Xambioa,TO,-6.418,-48.533
77885,Santa Terezinha Do Tocantins,TO,-6.435,-47.6729
77890,Ananas,TO,-6.3691,-48.0732
77895,Nazare,TO,-6.3756,-47.6626
77900,Tocantinopolis,TO,-6.3258,-47.4309
77903,Luzinopolis,TO,-6.1917,-47.855
77905,Angico,TO,-6.3928,-47.8661
77908,Aguiarnopolis,TO,-6.5612,-47.4746
77910,Darcinopolis,TO,-6.7088,-47.7511
77913,Palmeiras Do Tocantins,TO,-6.6137,-47.5643
77915,Cachoeirinha,TO,-6.12,-47.9203
77918,Maurilandia Do Tocantins,TO,-5.9543,-47.5073
77920,Itaguatins,TO,-5.7748,-47.48
77925,Sao Miguel Do Tocantins,TO,-5.5541,-47.5773
77930,Axixa Do Tocantins,TO,-5.6286,-47.7682
77940,Sitio Novo Do Tocantins,TO,-5.6074,-47.6492
77950,Araguatins,TO,-5.6503,-48.1213
77958,Sao Bento Do Tocantins,TO,-6.0105,-47.9162
77960,Augustinopolis,TO,-5.4683,-47.8883
77970,Praia Norte,TO,-5.4227,-47.8093
77980,Sampaio,TO,-5.3527,-47.8751
77990,Sao Sebastiao Do Tocantins,TO,-5.2723,-48.2164
77993,Esperantina,TO,-5.3639,-48.5421
77995,Buriti Do Tocantins,TO,-5.3212,-48.2111
78000,Cuiaba,MT,-15.6495,-56.0329
78005,Cuiaba,MT,-15.5924,-56.0933
78008,Cuiaba,MT,-15.5918,-56.0829
78010,Cuiaba,MT,-15.6021,-56.0832
78015,Cuiaba,MT,-15.6087,-56.0863
78020,Cuiaba,MT,-15.6029,-56.1029
78025,Cuiaba,MT,-15.6086,-56.0995
78028,Cuiaba,MT,-15.6141,-56.1272
78030,Cuiaba,MT,-15.6065,-56.1216
78031,Cuiaba,MT,-15.6034,-56.1149
78032,Cuiaba,MT,-15.598,-56.1071
78035,Cuiaba,MT,-15.5958,-56.1262
78040,Cuiaba,MT,-15.5805,-56.1143
78042,Cuiabá,MT,-15.592,-56.1186
78043,Cuiaba,MT,-15.5856,-56.1077
78045,Cuiaba,MT,-15.5903,-56.1022
78048,Cuiaba,MT,-15.5661,-56.0849
78049,Cuiaba,MT,-15.5493,-56.0952
78050,Cuiaba,MT,-15.5883,-56.0684
78051,Cuiaba,MT,-15.5932,-56.0582
78052,Cuiaba,MT,-15.5843,-56.0314
78053,Cuiaba,MT,-15.584,-56.0526
78055,Cuiaba,MT,-15.5558,-56.0562
78056,Cuiaba,MT,-15.5952,-56.0385
78057,Cuiaba,MT,-15.666,-56.0427
78058,Cuiaba,MT,-15.5767,-56.0228
78060,Cuiaba,MT,-15.6062,-56.0698
78061,Cuiaba,MT,-15.6103,-56.0705
78065,Cuiaba,MT,-15.6172,-56.0777
78068,Cuiaba,MT,-15.6122,-56.0467
78070,Cuiaba,MT,-15.6221,-56.074
78074,Cuiabá,MT,-15.5598,-56.033
78075,Cuiaba,MT,-15.6076,-56.034
78076,Cuiaba,MT,-15.6236,-56.0222
78077,Cuiaba,MT,-15.6049,-56.0457
78080,Cuiaba,MT,-15.6236,-56.0552
78085,Cuiaba,MT,-15.6348,-56.0588
78087,Cuiaba,MT,-15.6147,-56.0517
78088,Cuiaba,MT,-15.6255,-56.0163
78089,Cuiaba,MT,-15.6432,-55.9972
78090,Cuiaba,MT,-15.6419,-56.0274
78091,Cuiaba,MT,-15.6264,-55.99
78093,Cuiaba,MT,-15.6186,-56.0202
78094,Cuiaba,MT,-15.6255,-56.0441
78095,Cuiaba,MT,-15.6602,-56.0515
78096,Cuiaba,MT,-15.6156,-56.0412
78098,Cuiaba,MT,-15.6499,-55.9893
78099,Cuiaba,MT,-15.6326,-55.9555
78104,Nossa Senhora Da Guia,MT,-14.6333,-57.0667
78110,Varzea Grande,MT,-15.6469,-56.1341
78115,Varzea Grande,MT,-15.629,-56.1074
78116,Varzea Grande,MT,-15.6363,-56.1068
78117,Varzea Grande,MT,-15.6334,-56.1408
78118,Varzea Grande,MT,-15.649,-56.1059
78120,Varzea Grande,MT,-15.6668,-56.0943
78125,Varzea Grande,MT,-15.6601,-56.1252
78128,Varzea Grande,MT,-15.6726,-56.125
78130,Varzea Grande,MT,-15.6687,-56.1365
78132,Varzea Grande,MT,-15.68,-56.1493
78134,Varzea Grande,MT,-15.6589,-56.1258
78135,Varzea Grande,MT,-15.6566,-56.142
78138,Varzea Grande,MT,-15.6536,-56.161
78140,Varzea Grande,MT,-15.6395,-56.146
78141,Varzea Grande,MT,-15.6408,-56.1506
78142,Varzea Grande,MT,-15.6314,-56.156
78143,Varzea Grande,MT,-15.6516,-56.1504
78144,Varzea Grande,MT,-15.6269,-56.1543
78145,Varzea Grande,MT,-15.6645,-56.1387
78148,Varzea Grande,MT,-15.6629,-56.1564
78149,Varzea Grande,MT,-15.668,-56.2363
78150,Varzea Grande,MT,-15.6499,-56.165
78152,Varzea Grande,MT,-15.6624,-56.1549
78158,Varzea Grande,MT,-15.6352,-56.1667
78165,Varzea Grande,MT,-15.6249,-56.1479
78170,Nossa Senhora Do Livramento,MT,-15.7909,-56.3793
78175,Pocone,MT,-16.2621,-56.63
78178,Cangas,MT,-19.5394,-55.215
78180,Santo Antonio Do Leverger,MT,-15.9035,-56.0349
78190,Barao De Melgaco,MT,-16.1954,-55.9512
78195,Chapada Dos Guimaraes,MT,-15.4193,-55.7253
78200,Caceres,MT,-16.0644,-57.688
78237,Curvelandia,MT,-15.6127,-57.9171
78240,Porto Esperidiao,MT,-15.8379,-58.5064
78243,Nova Lacerda,MT,-14.4744,-59.5869
78245,Vila Bela Da Santissima Trindade,MT,-15.0501,-59.9561
78250,Pontes E Lacerda,MT,-15.2357,-59.3333
78253,Vale De Sao Domingos,MT,-15.2897,-59.0791
78254,Conquista D'Oeste,MT,-14.5511,-59.5324
78255,Jauru,MT,-15.3397,-58.8723
78260,Araputanga,MT,-15.4694,-58.3477
78265,Reserva Do Cabacal,MT,-15.1207,-58.3855
78270,Salto Do Ceu,MT,-15.1289,-58.1308
78275,Rio Branco,MT,-15.2405,-58.1131
78278,Lambari D'Oeste,MT,-15.3345,-57.9926
78280,Mirassol D'Oeste,MT,-15.6755,-58.0913
78284,Sonho Azul,MT,-15.7715,-58.1214
78285,Sao Jose Dos Quatro Marcos,MT,-15.6265,-58.1833
78290,Figueiropolis D'Oeste,MT,-15.4506,-58.7375
78293,Gloria D'Oeste,MT,-15.7699,-58.3119
78295,Indiavai,MT,-15.4572,-58.585
78300,Tangara Da Serra,MT,-14.6151,-57.5148
78307,Campos De Julio,MT,-13.7232,-59.2583
78310,Comodoro,MT,-13.6585,-59.7845
78320,Juina,MT,-11.4227,-58.7792
78325,Aripuana,MT,-10.185,-59.4606
78330,Cotriguacu,MT,-9.8953,-58.5669
78335,Colniza,MT,-9.448,-59.2694
78338,Rondolandia,MT,-10.8451,-61.4602
78340,Juruena,MT,-10.3293,-58.4968
78345,Castanheira,MT,-11.1379,-58.6102
78350,Brasnorte,MT,-12.1303,-57.9989
78360,Campo Novo Do Parecis,MT,-13.7267,-57.9083
78361,Itamarati Norte,MT,-15.5941,-56.1164
78365,Sapezal,MT,-13.5434,-58.8082
78370,Nova Olimpia,MT,-14.7798,-57.2939
78380,Denise,MT,-14.7283,-57.0494
78390,Barra Do Bugres,MT,-15.0695,-57.1878
78398,Porto Estrela,MT,-15.3303,-57.2011
78400,Diamantino,MT,-14.3776,-56.4586
78402,Novo Diamantino,MT,-14.3811,-56.4012
78410,Alto Paraguai,MT,-14.5131,-56.487
78415,Nova Marilandia,MT,-14.3655,-56.9747
78420,Arenapolis,MT,-14.4601,-56.8427
78425,Santo Afonso,MT,-14.4887,-57.0374
78430,Nortelandia,MT,-14.4525,-56.8046
78435,Sao Jose Do Rio Claro,MT,-13.5133,-56.7234
78445,Nova Maringa,MT,-13.0109,-57.1021
78450,Nova Mutum,MT,-13.8119,-56.0832
78453,Santa Rita Do Trivelato,MT,-13.8046,-55.2755
78455,Lucas Do Rio Verde,MT,-13.0669,-55.9325
78460,Nobres,MT,-14.7127,-56.3152
78470,Rosario Oeste,MT,-14.8347,-56.3853
78480,Acorizal,MT,-15.1996,-56.3669
78490,Jangada,MT,-15.2406,-56.4863
78500,Colider,MT,-10.8048,-55.4577
78505,Terra Nova Do Norte,MT,-10.5862,-55.1143
78508,Nova Guarita,MT,-10.3106,-55.4049
78510,Itauba,MT,-11.0081,-55.2437
78515,Nova Canaa Do Norte,MT,-10.6163,-55.8106
78518,Colorado Do Norte,MT,-10.4775,-56.0781
78520,Guaranta Do Norte,MT,-9.9483,-54.9013
78525,Matupa,MT,-10.1446,-54.8698
78528,Novo Mundo,MT,-9.9757,-55.1741
78530,Peixoto De Azevedo,MT,-10.2489,-54.9093
78535,Marcelandia,MT,-11.0808,-54.5192
78540,Claudia,MT,-11.5041,-54.8756
78543,Uniao Do Sul,MT,-11.5313,-54.3684
78545,Santa Carmem,MT,-11.9735,-55.2804
78548,Nova Santa Helena,MT,-10.8697,-55.1293
78550,Sinop,MT,-11.8538,-55.5035
78551,Sinop,MT,-11.7879,-55.4717
78552,Sinop,MT,-11.8346,-55.5081
78553,Sinop,MT,-11.8249,-55.5168
78554,Sinop,MT,-11.8512,-55.5142
78555,Sinop,MT,-11.8452,-55.5282
78556,Sinop,MT,-11.8669,-55.5169
78557,Sinop,MT,-11.8747,-55.5005
78558,Sinop,MT,-11.9425,-55.5125
78559,Sinop,MT,-11.9109,-55.5069
78560,Porto Dos Gauchos,MT,-11.5587,-57.3498
78563,Tabapora,MT,-11.2996,-56.7922
78565,Nova Bandeirantes,MT,-9.8502,-57.8229
78570,Novo Horizonte Do Norte,MT,-11.391,-57.321
78573,Tapurah,MT,-12.7302,-56.5195
78575,Juara,MT,-11.238,-57.5169
78578,Ipiranga Do Norte,MT,-12.2094,-56.1393
78579,Itanhanga,MT,-12.2301,-56.6483
78580,Alta Floresta,MT,-9.9021,-56.148
78587,Carlinda,MT,-9.9665,-55.8237
78590,Paranaita,MT,-9.6965,-56.6088
78593,Nova Monte Verde,MT,-9.9795,-57.4499
78595,Apiacas,MT,-9.5568,-57.3925
78600,Barra Do Garcas,MT,-15.8789,-52.2736
78610,Ponte Branca,MT,-16.7652,-52.8364
78613,Ribeiraozinho,MT,-16.4881,-52.6986
78615,Araguainha,MT,-16.859,-53.0342
78620,General Carneiro,MT,-15.6909,-52.836
78625,Novo Sao Joaquim,MT,-14.9125,-53.0196
78628,Santo Antonio Do Leste,MT,-14.8002,-53.612
78630,Campinapolis,MT,-14.4436,-52.8329
78635,Agua Boa,MT,-14.0622,-52.2045
78638,Nova Nazaré,MT,-13.9895,-51.7967
78640,Canarana,MT,-13.5423,-52.2715
78643,Querencia,MT,-12.5698,-52.2498
78645,Vila Rica,MT,-10.0133,-51.1199
78650,Santa Terezinha,MT,-10.7667,-50.9434
78652,Confresa,MT,-10.6343,-51.5768
78655,Porto Alegre Do Norte,MT,-10.8727,-51.6367
78658,Canabrava Do Norte,MT,-11.0684,-51.8331
78660,Luciara,MT,-11.2207,-50.6661
78663,Sao Jose Do Xingu,MT,-10.7973,-52.7342
78664,Santa Cruz Do Xingu,MT,-10.6488,-52.7373
78665,Alto Boa Vista,MT,-11.6794,-51.3768
78668,Serra Nova Dourada,MT,-12.0913,-51.3944
78670,Sao Felix Do Araguaia,MT,-11.6092,-50.8171
78674,Novo Santo Antonio,MT,-12.3157,-50.969
78675,Ribeirao Cascalheira,MT,-12.9185,-51.799
78678,Bom Jesus Do Araguaia,MT,-12.2434,-51.593
78680,Cocalinho,MT,-14.3927,-51.0023
78685,Araguaiana,MT,-15.7247,-51.8348
78690,Nova Xavantina,MT,-14.6665,-52.3539
78695,Torixoreu,MT,-16.1998,-52.5573
78698,Pontal Do Araguaia,MT,-15.901,-52.2572
78700,Rondonopolis,MT,-16.468,-54.6314
78705,Rondonopolis,MT,-16.4595,-54.6507
78710,Rondonopolis,MT,-16.456,-54.6398
78711,Rondonopolis,MT,-16.4401,-54.6628
78714,Rondonopolis,MT,-16.4398,-54.6335
78715,Rondonopolis,MT,-16.4419,-54.6386
78716,Rondonopolis,MT,-16.4399,-54.6414
78717,Rondonopolis,MT,-16.4454,-54.6298
78718,Rondonopolis,MT,-16.456,-54.6285
78719,Rondonopolis,MT,-16.4324,-54.6261
78720,Rondonopolis,MT,-16.4457,-54.6241
78721,Rondonopolis,MT,-16.4364,-54.6193
78725,Rondonopolis,MT,-16.446,-54.615
78730,Rondonopolis,MT,-16.4615,-54.6089
78731,Rondonopolis,MT,-16.4451,-54.6096
78734,Rondonopolis,MT,-16.4781,-54.6188
78735,Rondonopolis,MT,-16.4773,-54.5932
78736,Rondonopolis,MT,-16.4704,-54.5704
78739,Rondonopolis,MT,-16.4654,-54.6386
78740,Rondonopolis,MT,-16.4756,-54.6169
78744,Rondonopolis,MT,-16.4859,-54.6432
78745,Rondonopolis,MT,-16.4833,-54.6487
78746,Rondonopolis,MT,-16.4769,-54.657
78747,Rondonopolis,MT,-16.44,-54.6747
78750,Rondonopolis,MT,-16.4564,-54.6713
78752,Boa Vista,MT,-16.1447,-54.6611
78760,Guiratinga,MT,-16.3458,-53.7632
78770,Alto Garcas,MT,-16.9461,-53.5311
78773,Sao Jose Do Povo,MT,-16.5141,-54.2771
78775,Tesouro,MT,-16.0809,-53.5538
78780,Alto Araguaia,MT,-17.3173,-53.2233
78785,Alto Taquari,MT,-17.8313,-53.2824
78790,Itiquira,MT,-17.2058,-54.1459
78795,Pedra Preta,MT,-16.6359,-54.4566
78800,Poxoreu,MT,-15.8286,-54.3915
78810,Juscimeira,MT,-16.0532,-54.8885
78816,Juscimeira,MT,-16.1621,-54.7951
78820,Jaciara,MT,-15.9513,-54.9852
78830,Dom Aquino,MT,-15.8092,-54.9219
78835,Sao Pedro Da Cipa,MT,-16.0029,-54.9199
78840,Campo Verde,MT,-15.5508,-55.1761
78850,Primavera Do Leste,MT,-15.5425,-54.2998
78855,Planalto Da Serra,MT,-14.661,-54.7777
78860,Nova Brasilandia,MT,-14.9249,-54.973
78870,Paranatinga,MT,-14.3796,-54.0587
78875,Gaucha Do Norte,MT,-13.1828,-53.2655
78880,Vera,MT,-12.2881,-55.297
78885,Feliz Natal,MT,-12.3759,-54.9288
78888,Nova Ubirata,MT,-13.0166,-55.1719
78890,Sorriso,MT,-12.5721,-55.7145
78896,Boa Esperanca,MT,-14.316,-50.2762
79002,Campo Grande,MS,-20.4599,-54.6117
79003,Campo Grande,MS,-20.47,-54.5967
79004,Campo Grande,MS,-20.4733,-54.6094
79005,Campo Grande,MS,-20.4729,-54.6257
79006,Campo Grande,MS,-20.4833,-54.6389
79008,Campo Grande,MS,-20.4582,-54.6245
79009,Campo Grande,MS,-20.452,-54.629
79010,Campo Grande,MS,-20.4438,-54.6091
79011,Campo Grande,MS,-20.4316,-54.6079
79012,Campo Grande,MS,-20.4217,-54.6031
79013,Campo Grande,MS,-20.4193,-54.5906
79014,Campo Grande,MS,-20.422,-54.6034
79015,Campo Grande,MS,-20.3993,-54.583
79016,Campo Grande,MS,-20.4078,-54.575
79017,Campo Grande,MS,-20.3909,-54.5695
79018,Campo Grande,MS,-20.3857,-54.5507
79020,Campo Grande,MS,-20.4583,-54.5977
79021,Campo Grande,MS,-20.453,-54.5874
79022,Campo Grande,MS,-20.4427,-54.593
79023,Campo Grande,MS,-20.4306,-54.5834
79031,Campo Grande,MS,-20.4517,-54.5718
79032,Campo Grande,MS,-20.4379,-54.5745
79033,Campo Grande,MS,-20.4228,-54.573
79034,Campo Grande,MS,-20.4232,-54.564
79035,Campo Grande,MS,-20.4195,-54.5592
79036,Campo Grande,MS,-20.4354,-54.5608
79037,Campo Grande,MS,-20.4411,-54.5399
79040,Campo Grande,MS,-20.4619,-54.5795
79041,Campo Grande,MS,-20.4735,-54.5781
79042,Campo Grande,MS,-20.4846,-54.5706
79043,Campo Grande,MS,-20.4713,-54.5625
79044,Campo Grande,MS,-20.4721,-54.5486
79045,Campo Grande,MS,-20.4611,-54.5418
79046,Campo Grande,MS,-20.4833,-54.5527
79048,Campo Grande,MS,-20.4935,-54.6078
79050,Campo Grande,MS,-20.4867,-54.6065
79051,Campo Grande,MS,-20.4864,-54.5932
79052,Campo Grande,MS,-20.5001,-54.5852
79060,Campo Grande,MS,-20.5094,-54.5972
79062,Campo Grande,MS,-20.5145,-54.571
79063,Campo Grande,MS,-20.5239,-54.5902
79064,Campo Grande,MS,-20.5519,-54.5847
79065,Campo Grande,MS,-20.551,-54.5746
79070,Campo Grande,MS,-20.5154,-54.6138
79071,Campo Grande,MS,-20.5293,-54.6091
79072,Campo Grande,MS,-20.5461,-54.607
79073,Campo Grande,MS,-20.5508,-54.6215
79074,Campo Grande,MS,-20.5309,-54.638
79075,Campo Grande,MS,-20.5528,-54.6507
79076,Campo Grande,MS,-20.5383,-54.6579
79077,Campo Grande,MS,-20.5505,-54.6628
79080,Campo Grande,MS,-20.4895,-54.622
79081,Campo Grande,MS,-20.504,-54.6315
79082,Campo Grande,MS,-20.5102,-54.6421
79083,Campo Grande,MS,-20.5246,-54.6443
79084,Campo Grande,MS,-20.5192,-54.6495
79085,Campo Grande,MS,-20.5241,-54.657
79086,Campo Grande,MS,-20.4995,-54.6475
79090,Campo Grande,MS,-20.4777,-54.6495
79091,Campo Grande,MS,-20.4837,-54.666
79092,Campo Grande,MS,-20.4979,-54.6561
79093,Campo Grande,MS,-20.4976,-54.6807
79094,Campo Grande,MS,-20.5133,-54.6624
79095,Campo Grande,MS,-20.5268,-54.6669
79096,Campo Grande,MS,-20.5181,-54.6842
79097,Campo Grande,MS,-20.538,-54.6706
79100,Campo Grande,MS,-20.4569,-54.6468
79101,Campo Grande,MS,-20.4626,-54.653
79102,Campo Grande,MS,-20.4529,-54.6642
79103,Campo Grande,MS,-20.448,-54.6718
79104,Campo Grande,MS,-20.4629,-54.691
79105,Campo Grande,MS,-20.4662,-54.702
79106,Campo Grande,MS,-20.4476,-54.6963
79107,Campo Grande,MS,-20.4323,-54.6721
79108,Campo Grande,MS,-20.4779,-54.7442
79110,Campo Grande,MS,-20.4534,-54.638
79112,Campo Grande,MS,-20.4418,-54.6559
79113,Campo Grande,MS,-20.4415,-54.6669
79114,Campo Grande,MS,-20.4176,-54.6624
79115,Campo Grande,MS,-20.429,-54.6542
79116,Campo Grande,MS,-20.4186,-54.6414
79117,Campo Grande,MS,-20.422,-54.6294
79118,Campo Grande,MS,-20.4299,-54.6231
79125,Anhandui,MS,-20.9815,-54.5037
79130,Rio Brilhante,MS,-21.7984,-54.5435
79134,Prudêncio Thomaz,MS,-21.6545,-54.4316
79140,Nova Alvorada Do Sul,MS,-21.4588,-54.3656
79150,Maracaju,MS,-21.6228,-55.1642
79152,Vista Alegre,MS,-21.7265,-55.4993
79170,Sidrolandia,MS,-20.9353,-54.9632
79180,Ribas Do Rio Pardo,MS,-20.4555,-53.7542
79190,Terenos,MS,-20.4402,-54.8645
79200,Aquidauana,MS,-20.4676,-55.7831
79208,Cipolandia,MS,-20.1269,-55.3891
79210,Anastacio,MS,-20.4929,-55.8022
79215,Dois Irmaos Do Buriti,MS,-20.6847,-55.281
79220,Nioaque,MS,-21.162,-55.8286
79230,Guia Lopes Da Laguna,MS,-21.4658,-56.1007
79240,Jardim,MS,-21.4809,-56.1488
79260,Bela Vista,MS,-22.101,-56.5375
79270,Caracol,MS,-21.9892,-57.0115
79280,Porto Murtinho,MS,-21.6863,-57.8652
79290,Bonito,MS,-21.1267,-56.4869
79300,Corumba,MS,-19.0031,-57.6517
79301,Corumba,MS,-19.0033,-57.6497
79302,Corumba,MS,-19.0019,-57.6477
79303,Corumba,MS,-19.0029,-57.644
79304,Corumba,MS,-19.0035,-57.6355
79310,Corumba,MS,-19.0134,-57.6367
79311,Corumba,MS,-19.0198,-57.6418
79320,Corumba,MS,-19.0205,-57.6565
79321,Corumba,MS,-19.0354,-57.6513
79330,Corumba,MS,-19.0017,-57.6548
79331,Corumba,MS,-19.0025,-57.6605
79332,Corumba,MS,-19.0117,-57.656
79333,Corumba,MS,-19.0048,-57.6688
79370,Ladario,MS,-19.0093,-57.6038
79380,Miranda,MS,-20.2381,-56.3955
79390,Bodoquena,MS,-20.5505,-56.6784
79400,Coxim,MS,-18.5073,-54.7488
79410,Pedro Gomes,MS,-18.1,-54.5518
79415,Sonora,MS,-17.5831,-54.7544
79420,Camapua,MS,-19.5347,-54.0424
79424,Pontinha Do Cocho,MS,-19.014,-53.9009
79428,Figueirao,MS,-18.6798,-53.6388
79430,Bandeirantes,MS,-19.9099,-54.3644
79440,Jaraguari,MS,-20.1008,-54.4355
79450,Rochedo,MS,-19.9561,-54.89
79460,Corguinho,MS,-19.8164,-54.8847
79470,Rio Negro,MS,-19.433,-54.9876
79480,Rio Verde De Mato Grosso,MS,-18.9164,-54.8473
79490,Sao Gabriel Do Oeste,MS,-19.3841,-54.5784
79500,Paranaiba,MS,-19.6739,-51.1929
79530,Alcinopolis,MS,-18.3258,-53.7104
79540,Cassilandia,MS,-19.1087,-51.7575
79550,Costa Rica,MS,-18.541,-53.1327
79556,Paraiso Das Aguas,MS,-19.0294,-53.0147
79560,Chapadao Do Sul,MS,-18.7982,-52.629
79570,Aparecida Do Taboado,MS,-20.0807,-51.1064
79580,Inocencia,MS,-19.7409,-51.9298
79590,Selviria,MS,-20.3543,-51.4467
79600,Tres Lagoas,MS,-20.7811,-51.7084
79601,Tres Lagoas,MS,-20.7856,-51.7052
79602,Tres Lagoas,MS,-20.7854,-51.7005
79603,Tres Lagoas,MS,-20.7932,-51.6965
79604,Tres Lagoas,MS,-20.7864,-51.6911
79610,Tres Lagoas,MS,-20.7931,-51.6865
79611,Tres Lagoas,MS,-20.804,-51.6814
79612,Tres Lagoas,MS,-20.7912,-51.6597
79620,Tres Lagoas,MS,-20.7983,-51.705
79621,Tres Lagoas,MS,-20.8056,-51.7146
79622,Tres Lagoas,MS,-20.8099,-51.6837
79630,Tres Lagoas,MS,-20.7993,-51.7299
79640,Tres Lagoas,MS,-20.7814,-51.7185
79641,Tres Lagoas,MS,-20.7698,-51.7029
79645,Tres Lagoas,MS,-20.7745,-51.6925
79648,Tres Lagoas,MS,-20.3258,-51.31
79654,Arapua,MS,-20.7883,-52.0604
79670,Brasilandia,MS,-21.2662,-52.0661
79680,Agua Clara,MS,-20.4411,-52.8774
79690,Santa Rita Do Pardo,MS,-21.303,-52.8258
79700,Fatima Do Sul,MS,-22.3781,-54.5092
79710,Vicentina,MS,-22.4097,-54.445
79712,Sao Jose,MS,-22.4933,-54.4631
79720,Jatei,MS,-22.48,-54.3084
79730,Gloria De Dourados,MS,-22.4177,-54.23
79740,Ivinhema,MS,-22.3058,-53.8249
79742,Amandina,MS,-22.3853,-53.5947
79745,Novo Horizonte Do Sul,MS,-22.6549,-53.8577
79750,Nova Andradina,MS,-22.2478,-53.3474
79758,Nova Casa Verde,MS,-21.7575,-53.2687
79760,Bataypora,MS,-22.2968,-53.2695
79765,Taquarussu,MS,-22.4868,-53.3515
79770,Anaurilandia,MS,-22.1838,-52.7182
79780,Bataguassu,MS,-21.7156,-52.4227
79785,Angelica,MS,-22.1556,-53.778
79790,Deodapolis,MS,-22.2517,-54.1602
79792,Lagoa Bonita,MS,-22.2644,-54.2253
79800,Dourados,MS,-22.2266,-54.8115
79801,Dourados,MS,-22.2282,-54.8074
79802,Dourados,MS,-22.2311,-54.8079
79803,Dourados,MS,-22.227,-54.8197
79804,Dourados,MS,-22.2257,-54.8132
79805,Dourados,MS,-22.2245,-54.8092
79806,Dourados,MS,-22.2262,-54.804
79810,Dourados,MS,-22.2336,-54.8037
79811,Dourados,MS,-22.2387,-54.804
79812,Dourados,MS,-22.2457,-54.8094
79813,Dourados,MS,-22.2543,-54.8117
79814,Dourados,MS,-22.2417,-54.821
79815,Dourados,MS,-22.2414,-54.7493
79820,Dourados,MS,-22.2292,-54.827
79821,Dourados,MS,-22.2147,-54.854
79822,Dourados,MS,-22.2296,-54.8396
79823,Dourados,MS,-22.2153,-54.8351
79824,Dourados,MS,-22.2236,-54.8141
79825,Dourados,MS,-22.2187,-54.813
79826,Dourados,MS,-22.2114,-54.8076
79827,Dourados,MS,-22.2139,-54.8113
79830,Dourados,MS,-22.2219,-54.7912
79831,Dourados,MS,-22.2145,-54.7873
79833,Dourados,MS,-22.219,-54.7679
79837,Dourados,MS,-22.2618,-54.7723
79839,Dourados,MS,-22.2529,-54.7878
79840,Dourados,MS,-22.2368,-54.7863
79841,Dourados,MS,-22.2276,-54.764
79842,Dourados,MS,-22.2397,-54.7544
79843,Dourados,MS,-22.2404,-54.7381
79862,Sao Pedro,MS,-22.1316,-54.6147
79864,Itahum,MS,-22.0862,-55.3504
79878,Vila Vargas,MS,-22.1343,-54.6185
79880,Douradina,MS,-22.0413,-54.607
79890,Itapora,MS,-22.0758,-54.7881
79894,Pirapora,MS,-21.9816,-54.6766
79896,Montese,MS,-22.0335,-54.7445
79900,Ponta Pora,MS,-22.509,-55.7324
79901,Ponta Pora,MS,-22.4997,-55.7327
79902,Ponta Pora,MS,-22.514,-55.7236
79903,Ponta Pora,MS,-22.5123,-55.7067
79904,Ponta Pora,MS,-22.5332,-55.7244
79905,Ponta Pora,MS,-22.5531,-55.7107
79906,Ponta Pora,MS,-22.5621,-55.6921
79907,Ponta Porã,MS,-22.5772,-55.6792
79909,Sanga Puita,MS,-22.6203,-55.6283
79910,Antonio Joao,MS,-22.1903,-55.9492
79920,Laguna Carapa,MS,-22.5644,-55.1542
79925,Paranhos,MS,-23.8923,-55.4295
79930,Aral Moreira,MS,-22.9534,-55.6176
79932,Vila Marques,MS,-23.0252,-55.5886
79935,Sete Quedas,MS,-23.9743,-55.038
79940,Caarapo,MS,-22.6327,-54.824
79944,Cristalina,MS,-22.4987,-54.7582
79950,Navirai,MS,-23.0611,-54.2004
79955,Juti,MS,-22.8595,-54.604
79960,Iguatemi,MS,-23.681,-54.5626
79965,Itaquirai,MS,-23.4746,-54.1793
79970,Eldorado,MS,-23.7838,-54.2812
79975,Tacuru,MS,-23.6351,-55.0171
79980,Mundo Novo,MS,-23.9381,-54.2888
79985,Japora,MS,-23.8917,-54.4073
79990,Amambai,MS,-23.0919,-55.2278
79995,Coronel Sapucaia,MS,-23.2714,-55.5302
80002,Curitiba,PR,-25.4396,-49.262
80006,Curitiba,PR,-25.434,-49.2599
80010,Curitiba,PR,-25.4336,-49.2692
80011,Curitiba,PR,-25.4315,-49.2696
80020,Curitiba,PR,-25.43,-49.2713
80030,Curitiba,PR,-25.417,-49.2608
80035,Curitiba,PR,-25.4058,-49.2526
80040,Curitiba,PR,-25.418,-49.2488
80045,Curitiba,PR,-25.4257,-49.2539
80050,Curitiba,PR,-25.436,-49.2427
80060,Curitiba,PR,-25.4296,-49.2613
80061,Curitiba,PR,-25.4336,-49.2603
80101,Curitiba,PR,-25.4366,-49.2662
80210,Curitiba,PR,-25.4405,-49.2444
80215,Curitiba,PR,-25.4482,-49.2543
80220,Curitiba,PR,-25.4563,-49.265
80230,Curitiba,PR,-25.4416,-49.2669
80231,Curitiba,PR,-25.4396,-49.262
80240,Curitiba,PR,-25.449,-49.2886
80249,Curitiba,PR,-25.4494,-49.2932
80250,Curitiba,PR,-25.4436,-49.2769
80310,Curitiba,PR,-25.4569,-49.3095
80320,Curitiba,PR,-25.4606,-49.2944
80330,Curitiba,PR,-25.47,-49.3074
80370,Curitiba,PR,-25.4359,-49.3013
80410,Curitiba,PR,-25.4313,-49.2792
80420,Curitiba,PR,-25.4376,-49.2819
80430,Curitiba,PR,-25.4301,-49.2853
80440,Curitiba,PR,-25.4442,-49.2967
80510,Curitiba,PR,-25.422,-49.2787
80520,Curitiba,PR,-25.4107,-49.2772
80530,Curitiba,PR,-25.4164,-49.2678
80540,Curitiba,PR,-25.4063,-49.2605
80610,Curitiba,PR,-25.47,-49.2898
80611,Curitiba,PR,-25.5633,-49.3131
80620,Curitiba,PR,-25.4589,-49.2849
80627,Curitiba,PR,-25.5632,-49.3129
80630,Curitiba,PR,-25.4786,-49.2696
80710,Curitiba,PR,-25.4283,-49.2998
80730,Curitiba,PR,-25.4338,-49.2978
80740,Curitiba,PR,-25.4418,-49.3111
80810,Curitiba,PR,-25.4164,-49.2913
80820,Curitiba,PR,-25.4087,-49.2952
81010,Curitiba,PR,-25.4793,-49.2799
81020,Curitiba,PR,-25.4898,-49.2878
81030,Curitiba,PR,-25.4839,-49.2724
81050,Curitiba,PR,-25.4906,-49.302
81070,Curitiba,PR,-25.4893,-49.3038
81110,Curitiba,PR,-25.5025,-49.2909
81130,Curitiba,PR,-25.5049,-49.3
81150,Curitiba,PR,-25.5179,-49.3011
81170,Curitiba,PR,-25.516,-49.3241
81200,Curitiba,PR,-25.4372,-49.3326
81210,Curitiba,PR,-25.4445,-49.3292
81220,Curitiba,PR,-25.4607,-49.3239
81230,Curitiba,PR,-25.4613,-49.3368
81240,Curitiba,PR,-25.4751,-49.3364
81250,Curitiba,PR,-25.4802,-49.3445
81260,Curitiba,PR,-25.4822,-49.3524
81265,Curitiba,PR,-25.4716,-49.3649
81270,Curitiba,PR,-25.4548,-49.3499
81280,Curitiba,PR,-25.4398,-49.3527
81290,Curitiba,PR,-25.4455,-49.3658
81295,Curitiba,PR,-25.4316,-49.3812
81305,Curitiba,PR,-25.5056,-49.3251
81310,Curitiba,PR,-25.4977,-49.3174
81312,Curitiba,PR,-25.5042,-49.3094
81315,Curitiba,PR,-25.5079,-49.3247
81320,Curitiba,PR,-25.4765,-49.3212
81330,Curitiba,PR,-25.4856,-49.3284
81350,Curitiba,PR,-25.501,-49.3331
81420,Curitiba,PR,-25.438,-49.277
81450,Curitiba,PR,-25.4965,-49.348
81452,Curitiba,PR,-25.5043,-49.3538
81460,Curitiba,PR,-25.5406,-49.3343
81470,Curitiba,PR,-25.5684,-49.3359
81480,Curitiba,PR,-25.5618,-49.3251
81490,Curitiba,PR,-25.5876,-49.3305
81495,Curitiba,PR,-25.5936,-49.3366
81510,Curitiba,PR,-25.4683,-49.2428
81520,Curitiba,PR,-25.4617,-49.2399
81530,Curitiba,PR,-25.461,-49.2311
81540,Curitiba,PR,-25.4669,-49.2216
81550,Curitiba,PR,-25.4837,-49.2099
81560,Curitiba,PR,-25.4868,-49.2176
81570,Curitiba,PR,-25.4812,-49.2312
81580,Curitiba,PR,-25.4952,-49.2205
81590,Curitiba,PR,-25.486,-49.202
81610,Curitiba,PR,-25.4787,-49.2461
81630,Curitiba,PR,-25.483,-49.2548
81650,Curitiba,PR,-25.4925,-49.236
81670,Curitiba,PR,-25.4969,-49.2497
81690,Curitiba,PR,-25.5669,-49.3091
81710,Curitiba,PR,-25.4976,-49.2664
81720,Curitiba,PR,-25.5137,-49.2556
81730,Curitiba,PR,-25.5086,-49.2267
81750,Curitiba,PR,-25.518,-49.2413
81770,Curitiba,PR,-25.5279,-49.2411
81810,Curitiba,PR,-25.507,-49.276
81820,Curitiba,PR,-25.5179,-49.2806
81825,Curitiba,PR,-25.5284,-49.2755
81830,Curitiba,PR,-25.5172,-49.2644
81850,Curitiba,PR,-25.5337,-49.2478
81860,Curitiba,PR,-25.5373,-49.2402
81870,Curitiba,PR,-25.5283,-49.2887
81880,Curitiba,PR,-25.5383,-49.2933
81900,Curitiba,PR,-25.5394,-49.2781
81910,Curitiba,PR,-25.5324,-49.2649
81920,Curitiba,PR,-25.5408,-49.2553
81925,Curitiba,PR,-25.5482,-49.266
81930,Curitiba,PR,-25.5617,-49.2808
81935,Curitiba,PR,-25.557,-49.2538
81940,Curitiba,PR,-25.5666,-49.2908
81945,Curitiba,PR,-25.5997,-49.3122
82010,Curitiba,PR,-25.4249,-49.3259
82015,Curitiba,PR,-25.4167,-49.3362
82020,Curitiba,PR,-25.4031,-49.3238
82025,Curitiba,PR,-25.4146,-49.3144
82030,Curitiba,PR,-25.3961,-49.3225
82040,Curitiba (Santa Felicidade Sector),PR,-25.4011,-49.3242
82100,Curitiba,PR,-25.3966,-49.2964
82110,Curitiba,PR,-25.3898,-49.29
82115,Curitiba,PR,-25.3822,-49.2923
82120,Curitiba,PR,-25.3929,-49.2787
82130,Curitiba,PR,-25.3786,-49.277
82200,Curitiba,PR,-25.3966,-49.2658
82210,Curitiba,PR,-25.3861,-49.2641
82220,Curitiba,PR,-25.3662,-49.2684
82250,Curitiba,PR,-25.4434,-49.2795
82300,Curitiba,PR,-25.421,-49.3474
82305,Curitiba,PR,-25.4308,-49.3541
82310,Curitiba,PR,-25.4223,-49.3587
82315,Curitiba,PR,-25.4121,-49.3564
82320,Curitiba,PR,-25.4046,-49.3455
82400,Curitiba,PR,-25.3947,-49.3444
82410,Curitiba,PR,-25.3811,-49.3301
82500,Curitiba,PR,-25.3916,-49.2608
82510,Curitiba,PR,-25.3999,-49.2409
82515,Curitiba,PR,-25.3957,-49.2299
82520,Curitiba,PR,-25.4145,-49.2299
82530,Curitiba,PR,-25.4276,-49.2344
82540,Curitiba,PR,-25.3939,-49.2508
82560,Curitiba,PR,-25.386,-49.2445
82580,Curitiba,PR,-25.3863,-49.2361
82590,Curitiba,PR,-25.3891,-49.194
82600,Curitiba,PR,-25.3922,-49.2171
82620,Curitiba,PR,-25.3832,-49.2215
82630,Curitiba,PR,-25.3769,-49.2134
82640,Curitiba,PR,-25.3769,-49.2353
82650,Curitiba,PR,-25.3734,-49.2455
82700,Curitiba,PR,-25.3749,-49.2585
82710,Curitiba,PR,-25.3566,-49.2562
82720,Curitiba,PR,-25.3618,-49.2301
82800,Curitiba,PR,-25.4344,-49.2267
82810,Curitiba,PR,-25.4372,-49.2124
82820,Curitiba,PR,-25.4179,-49.2068
82821,Curitiba,PR,-25.4235,-49.2152
82840,Curitiba,PR,-25.4018,-49.206
82860,Curitiba,PR,-25.3849,-49.1976
82900,Curitiba,PR,-25.4458,-49.2239
82920,Curitiba,PR,-25.4494,-49.2068
82930,Curitiba,PR,-25.4577,-49.2058
82940,Curitiba,PR,-25.4577,-49.2174
82950,Curitiba,PR,-25.4506,-49.2174
82960,Curitiba,PR,-25.4669,-49.2074
82970,Curitiba,PR,-25.4738,-49.2035
82980,Curitiba,PR,-25.4711,-49.1945
82990,Curitiba,PR,-25.4604,-49.1968
83000,Sao Jose Dos Pinhais,PR,-25.5375,-49.2019
83005,Sao Jose Dos Pinhais,PR,-25.5385,-49.1995
83010,Sao Jose Dos Pinhais,PR,-25.5423,-49.1822
83015,Sao Jose Dos Pinhais,PR,-25.5624,-49.1712
83020,Sao Jose Dos Pinhais,PR,-25.5584,-49.1957
83021,Sao Jose Dos Pinhais,PR,-25.6059,-49.2522
83025,Sao Jose Dos Pinhais,PR,-25.558,-49.2083
83030,Sao Jose Dos Pinhais,PR,-25.538,-49.2142
83035,Sao Jose Dos Pinhais,PR,-25.5237,-49.2058
83040,Sao Jose Dos Pinhais,PR,-25.519,-49.193
83045,Sao Jose Dos Pinhais,PR,-25.5129,-49.1837
83050,Sao Jose Dos Pinhais,PR,-25.4996,-49.1772
83055,Sao Jose Dos Pinhais,PR,-25.4837,-49.1675
83060,Sao Jose Dos Pinhais,PR,-25.4926,-49.1431
83065,Sao Jose Dos Pinhais,PR,-25.511,-49.1617
83070,Sao Jose Dos Pinhais,PR,-25.5202,-49.125
83075,Sao Jose Dos Pinhais,PR,-25.5336,-49.0901
83085,Sao Jose Dos Pinhais,PR,-25.5472,-49.1497
83090,Sao Jose Dos Pinhais,PR,-25.6079,-49.1674
83091,Sao Jose Dos Pinhais,PR,-25.6477,-49.1754
83095,Sao Jose Dos Pinhais,PR,-25.6987,-49.1473
83115,Sao Jose Dos Pinhais,PR,-25.7007,-49.147
83116,Sao Jose Dos Pinhais,PR,-25.6628,-49.0991
83190,Tijucas Do Sul,PR,-25.9204,-49.1745
83203,Paranagua,PR,-25.517,-48.5107
83206,Paranagua,PR,-25.5261,-48.5229
83209,Paranagua,PR,-25.5432,-48.5344
83210,Paranaguá Centro,PR,-25.5214,-48.5112
83212,Paranagua,PR,-25.5556,-48.5543
83215,Paranagua,PR,-25.5673,-48.5651
83218,Paranagua,PR,-25.578,-48.5768
83220,Paranagua,PR,-25.5285,-48.5185
83221,Paranagua,PR,-25.52,-48.5349
83250,Alexandra,PR,-25.5534,-48.6275
83252,Paranaguá (Ilha dos Valadares),PR,-25.5283,-48.5007
83255,Pontal Do Parana,PR,-25.6401,-48.4277
83260,Matinhos,PR,-25.8131,-48.5363
83280,Guaratuba,PR,-25.8879,-48.5845
83301,Piraquara,PR,-25.4482,-49.0737
83302,Piraquara,PR,-25.4518,-49.104
83303,Piraquara,PR,-25.4373,-49.0927
83304,Piraquara,PR,-25.4318,-49.0572
83305,Piraquara,PR,-25.4473,-49.0505
83306,Piraquara,PR,-25.4553,-49.0661
83307,Piraquara,PR,-25.4634,-49.0632
83308,Piraquara,PR,-25.4859,-49.1223
83309,Piraquara,PR,-25.5213,-49.0913
83310,Piraquara,PR,-25.4524,-49.1401
83311,Piraquara,PR,-25.4628,-49.139
83312,Piraquara,PR,-25.4664,-49.1474
83314,Piraquara,PR,-25.4519,-49.1535
83320,Pinhais,PR,-25.4324,-49.1771
83321,Pinhais,PR,-25.4468,-49.177
83322,Pinhais,PR,-25.4582,-49.185
83323,Pinhais,PR,-25.4372,-49.194
83324,Pinhais,PR,-25.4252,-49.1891
83325,Pinhais,PR,-25.4151,-49.1806
83326,Pinhais,PR,-25.4008,-49.1851
83327,Pinhais,PR,-25.3981,-49.1604
83328,Pinhais,PR,-25.4186,-49.1508
83330,Pinhais,PR,-25.4313,-49.159
83331,Pinhais,PR,-25.442,-49.1607
83350,Morretes,PR,-25.4822,-48.8292
83360,Porto De Cima,PR,-25.3544,-48.8792
83370,Antonina,PR,-25.4347,-48.7128
83390,Guaraquecaba,PR,-25.2972,-48.3245
83401,Colombo,PR,-25.322,-49.2304
83402,Colombo,PR,-25.3475,-49.2219
83403,Colombo,PR,-25.3454,-49.21
83404,Colombo,PR,-25.3623,-49.2042
83405,Colombo,PR,-25.3637,-49.192
83406,Colombo,PR,-25.3524,-49.1901
83407,Colombo,PR,-25.3416,-49.1839
83408,Colombo,PR,-25.3675,-49.1842
83409,Colombo,PR,-25.3763,-49.1824
83410,Colombo,PR,-25.3576,-49.163
83411,Colombo,PR,-25.3302,-49.1495
83412,Colombo,PR,-25.3687,-49.1439
83413,Colombo,PR,-25.3826,-49.1688
83414,Colombo,PR,-25.2927,-49.2228
83415,Colombo,PR,-25.2805,-49.2156
83420,Quatro Barras,PR,-25.3714,-49.0769
83425,Borda Do Campo,PR,-25.393,-49.0296
83430,Campina Grande Do Sul,PR,-25.3424,-49.086
83450,Bocaiuva Do Sul,PR,-25.2108,-49.1118
83480,Tunas Do Parana,PR,-24.9724,-49.0625
83490,Adrianopolis,PR,-24.6661,-48.9799
83501,Almirante Tamandare,PR,-25.3129,-49.2919
83502,Almirante Tamandare,PR,-25.3179,-49.2784
83503,Almirante Tamandare,PR,-25.3303,-49.2764
83504,Almirante Tamandare,PR,-25.334,-49.2658
83505,Almirante Tamandare,PR,-25.3429,-49.2499
83506,Almirante Tamandare,PR,-25.3428,-49.2737
83507,Almirante Tamandare,PR,-25.3418,-49.2956
83508,Almirante Tamandare,PR,-25.3739,-49.3079
83511,Almirante Tamandare,PR,-25.3492,-49.3009
83512,Almirante Tamandare,PR,-25.3168,-49.3079
83513,Almirante Tamandare,PR,-25.2945,-49.3022
83514,Almirante Tamandare,PR,-25.263,-49.3014
83535,Campo Magro,PR,-25.3756,-49.386
83540,Rio Branco Do Sul,PR,-25.1808,-49.3166
83560,Itaperucu,PR,-25.2133,-49.3523
83570,Cerro Azul,PR,-24.8281,-49.2637
83590,Doutor Ulysses,PR,-24.5701,-49.4185
83600,Campo Largo,PR,-25.4605,-49.5304
83601,Campo Largo,PR,-25.4605,-49.527
83602,Campo Largo,PR,-25.4723,-49.539
83603,Campo Largo,PR,-25.4915,-49.5297
83604,Campo Largo,PR,-25.4643,-49.5555
83605,Campo Largo,PR,-25.451,-49.5588
83606,Campo Largo,PR,-25.4474,-49.5307
83607,Campo Largo,PR,-25.4535,-49.5113
83608,Campo Largo,PR,-25.4475,-49.4413
83609,Campo Largo,PR,-25.4615,-49.4228
83648,Campo Largo,PR,-25.3302,-49.4916
83650,Balsa Nova,PR,-25.5735,-49.6276
83660,Bugre,PR,-25.5811,-48.354
83700,Araucaria,PR,-25.595,-49.4152
83701,Araucaria,PR,-25.5985,-49.3889
83702,Araucaria,PR,-25.5909,-49.403
83703,Araucaria,PR,-25.5824,-49.4053
83704,Araucaria,PR,-25.5742,-49.4108
83705,Araucaria,PR,-25.5645,-49.3953
83706,Araucaria,PR,-25.5449,-49.3861
83707,Araucaria,PR,-25.5445,-49.361
83708,Araucaria,PR,-25.5874,-49.3835
83709,Araucaria,PR,-25.6128,-49.3723
83730,Contenda,PR,-25.6791,-49.5354
83750,Lapa,PR,-25.7643,-49.7204
83760,Mariental,PR,-25.5094,-49.2986
83800,Mandirituba,PR,-25.7704,-49.3248
83810,Areia Branca Dos Assis,PR,-20.3854,-47.3353
83820,Fazenda Rio Grande,PR,-25.6445,-49.3009
83823,Fazenda Rio Grande,PR,-25.6599,-49.2996
83824,Fazenda Rio Grande,PR,-25.6736,-49.3051
83825,Fazenda Rio Grande,PR,-25.7007,-49.3052
83829,Fazenda Rio Grande,PR,-25.6569,-49.3254
83830,Fazenda Rio Grande,PR,-25.6732,-49.328
83833,Fazenda Rio Grande,PR,-25.6441,-49.3226
83840,Quitandinha,PR,-25.8726,-49.4998
83843,Fazenda Rio Grande,PR,-25.6601,-49.3054
83850,Agudos Do Sul,PR,-25.9875,-49.3348
83860,Pien,PR,-26.0972,-49.4282
83870,Campo Do Tenente,PR,-25.9856,-49.6783
83880,Rio Negro,PR,-26.0955,-49.7882
83900,Sao Mateus Do Sul,PR,-25.8699,-50.3882
83980,Antonio Olinto,PR,-25.9794,-50.1918
84010,Ponta Grossa,PR,-25.0943,-50.1609
84015,Ponta Grossa,PR,-25.0758,-50.1595
84016,Ponta Grossa,PR,-25.0671,-50.1433
84020,Ponta Grossa,PR,-25.08,-50.1326
84021,Ponta Grossa,PR,-25.0748,-50.1332
84022,Ponta Grossa,PR,-25.0641,-50.1122
84025,Ponta Grossa,PR,-25.091,-50.1369
84026,Ponta Grossa,PR,-25.1034,-50.142
84030,Ponta Grossa,PR,-25.0873,-50.1024
84031,Ponta Grossa,PR,-25.0982,-50.1179
84032,Ponta Grossa,PR,-25.1059,-50.1074
84033,Ponta Grossa,PR,-25.1166,-50.1174
84035,Ponta Grossa,PR,-25.1073,-50.1524
84036,Ponta Grossa,PR,-25.1262,-50.1457
84037,Ponta Grossa,PR,-25.1363,-50.1417
84040,Ponta Grossa,PR,-25.1086,-50.1618
84043,Ponta Grossa,PR,-25.1548,-50.1477
84045,Ponta Grossa,PR,-25.1297,-50.1569
84046,Ponta Grossa,PR,-25.1428,-50.1684
84050,Ponta Grossa,PR,-25.1099,-50.1706
84051,Ponta Grossa,PR,-25.0994,-50.1769
84052,Ponta Grossa,PR,-25.0923,-50.1942
84053,Ponta Grossa,PR,-25.0871,-50.1834
84060,Ponta Grossa,PR,-25.1123,-50.2072
84061,Ponta Grossa,PR,-25.096,-50.2043
84062,Ponta Grossa,PR,-25.083,-50.2025
84063,Ponta Grossa,PR,-25.0667,-50.2108
84064,Ponta Grossa,PR,-25.051,-50.2327
84065,Ponta Grossa,PR,-25.0488,-50.2694
84070,Ponta Grossa,PR,-25.079,-50.1773
84071,Ponta Grossa,PR,-25.065,-50.1794
84072,Ponta Grossa,PR,-25.0526,-50.1696
84073,Ponta Grossa,PR,-25.0571,-50.1626
84130,Palmeira,PR,-25.4237,-49.9965
84140,Porto Amazonas,PR,-25.5483,-49.8934
84145,Carambei,PR,-24.9475,-50.1192
84150,Sao Joao Do Triunfo,PR,-25.6851,-50.2987
84165,Castro,PR,-24.7944,-50.0104
84168,Castro,PR,-24.7757,-50.0074
84172,Castro,PR,-24.7929,-49.9931
84173,Castro,PR,-24.7923,-49.9915
84174,Castro,PR,-24.8042,-49.9905
84178,Castro,PR,-24.8069,-50.0006
84190,Socavao,PR,-24.7715,-49.7083
84196,Colonia Castrolanda,PR,-23.7029,-46.4016
84200,Jaguariaiva,PR,-24.2577,-49.7164
84220,Senges,PR,-24.1137,-49.464
84240,Pirai Do Sul,PR,-24.5339,-49.9394
84250,Imbau,PR,-24.4483,-50.7552
84261,Telemaco Borba,PR,-24.3289,-50.6188
84262,Telemaco Borba,PR,-24.3217,-50.6219
84263,Telemaco Borba,PR,-24.3246,-50.6126
84264,Telemaco Borba,PR,-24.3406,-50.6137
84265,Telemaco Borba,PR,-24.3347,-50.6253
84266,Telemaco Borba,PR,-24.3327,-50.6363
84267,Telemaco Borba,PR,-24.3265,-50.6405
84268,Telemaco Borba,PR,-24.3231,-50.6333
84269,Telemaco Borba,PR,-24.3325,-50.6547
84270,Telemaco Borba,PR,-24.3189,-50.6477
84271,Telemaco Borba,PR,-24.3177,-50.6569
84272,Telemaco Borba,PR,-24.3159,-50.6302
84275,Harmonia,PR,-24.2523,-51.6761
84280,Curiuva,PR,-24.0381,-50.4569
84285,Figueira,PR,-23.85,-50.403
84290,Sapopema,PR,-23.9104,-50.5795
84300,Tibagi,PR,-24.5153,-50.4124
84315,Caetano Mendes,PR,-24.623,-50.6406
84320,Reserva,PR,-24.6526,-50.8497
84345,Ventania,PR,-24.228,-50.2564
84350,Ortigueira,PR,-24.2056,-50.9338
84400,Prudentopolis,PR,-25.2151,-50.9876
84430,Imbituva,PR,-25.2297,-50.6039
84435,Guamiranga,PR,-25.1907,-50.8094
84450,Ipiranga,PR,-25.0226,-50.5838
84460,Ivai,PR,-25.0075,-50.8552
84465,Bom Jardim Do Sul,PR,-25.0298,-50.8034
84470,Candido De Abreu,PR,-24.5758,-51.3328
84500,Irati,PR,-25.4741,-50.6504
84530,Teixeira Soares,PR,-25.372,-50.4621
84535,Fernandes Pinheiro,PR,-25.4157,-50.55
84550,Reboucas,PR,-25.6232,-50.6934
84560,Rio Azul,PR,-25.7266,-50.79
84570,Mallet,PR,-25.8839,-50.827
84600,Uniao Da Vitoria,PR,-26.2306,-51.0859
84601,Uniao Da Vitoria,PR,-26.2596,-51.1001
84602,Uniao Da Vitoria,PR,-26.2438,-51.1217
84603,Uniao Da Vitoria,PR,-26.2306,-51.0622
84604,Uniao Da Vitoria,PR,-26.2228,-51.0437
84605,Uniao Da Vitoria,PR,-26.2109,-51.087
84607,Uniao Da Vitoria,PR,-26.2238,-51.0615
84608,Uniao Da Vitoria,PR,-26.2024,-51.0552
84615,Porto Vitoria,PR,-26.1643,-51.2249
84620,Cruz Machado,PR,-26.0165,-51.3456
84623,Cruz Machado,PR,-26.0114,-51.3412
84630,Paula Freitas,PR,-26.2055,-50.9321
84635,Paulo Frontin,PR,-26.0478,-50.8115
84640,Bituruna,PR,-26.1594,-51.5478
84660,General Carneiro,PR,-26.4212,-51.315
84900,Ibaiti,PR,-23.8421,-50.1939
84914,Ibaiti,PR,-23.7071,-50.2246
84920,Japira,PR,-23.812,-50.1401
84925,Pinhalao,PR,-23.7897,-50.0587
84930,Jaboti,PR,-23.7434,-50.0734
84935,Tomazina,PR,-23.7776,-49.9548
84940,Siqueira Campos,PR,-23.6824,-49.8233
84945,Salto Do Itarare,PR,-23.6053,-49.6275
84950,Wenceslau Braz,PR,-23.8762,-49.8023
84970,Santana Do Itarare,PR,-23.7554,-49.6278
84980,Sao Jose Da Boa Vista,PR,-23.9286,-49.6612
84990,Arapoti,PR,-24.1426,-49.8224
85010,Guarapuava,PR,-25.3922,-51.467
85012,Guarapuava,PR,-25.4036,-51.4601
85015,Guarapuava,PR,-25.4053,-51.4711
85020,Guarapuava,PR,-25.4094,-51.4872
85022,Guarapuava,PR,-25.415,-51.4745
85023,Guarapuava,PR,-25.4195,-51.4828
85025,Guarapuava,PR,-25.3976,-51.4912
85027,Guarapuava,PR,-25.4027,-51.498
85030,Guarapuava,PR,-25.3889,-51.506
85031,Guarapuava,PR,-25.4115,-51.557
85035,Guarapuava,PR,-25.3849,-51.4785
85040,Guarapuava,PR,-25.3768,-51.4898
85045,Guarapuava,PR,-25.3765,-51.4816
85050,Guarapuava,PR,-25.3568,-51.4744
85053,Guarapuava,PR,-25.3517,-51.4911
85055,Guarapuava,PR,-25.3713,-51.4692
85060,Guarapuava,PR,-25.3703,-51.4612
85063,Guarapuava,PR,-25.3606,-51.4568
85064,Guarapuava,PR,-25.3603,-51.4381
85065,Guarapuava,PR,-25.3823,-51.4546
85067,Guarapuava,PR,-25.3772,-51.444
85070,Guarapuava,PR,-25.3927,-51.45
85118,Guarapuava,PR,-25.3951,-51.4641
85138,Vitoria,PR,-25.535,-51.5063
85139,Vitoria,PR,-25.2728,-50.0701
85140,Candoi,PR,-25.5605,-52.036
85145,Foz Do Jordao,PR,-25.736,-52.1182
85148,Campina Do Simao,PR,-25.1107,-51.7972
85150,Turvo,PR,-25.0374,-51.5281
85155,Inacio Martins,PR,-25.5781,-51.0812
85160,Cantagalo,PR,-25.376,-52.123
85162,Goioxim,PR,-25.199,-51.995
85168,Marquinho,PR,-25.1139,-52.2575
85170,Pinhao,PR,-25.6962,-51.6571
85174,Pinhao,PR,-25.6917,-51.6632
85195,Reserva Do Iguacu,PR,-25.8188,-52.0504
85200,Pitanga,PR,-24.7578,-51.766
85225,Boa Ventura De Sao Roque,PR,-24.8775,-51.5537
85230,Santa Maria Do Oeste,PR,-24.9307,-51.8863
85240,Mato Rico,PR,-24.7021,-52.1592
85250,Nova Tebas,PR,-24.4425,-51.9487
85260,Manoel Ribas,PR,-24.5176,-51.6744
85270,Palmital,PR,-24.8856,-52.2101
85275,Laranjal,PR,-24.8918,-52.4776
85280,Altamira Do Parana,PR,-24.7994,-52.7154
85301,Laranjeiras Do Sul,PR,-25.4068,-52.4126
85302,Laranjeiras Do Sul,PR,-25.4114,-52.4212
85303,Laranjeiras Do Sul,PR,-25.3906,-52.404
85304,Laranjeiras Do Sul,PR,-25.41,-52.4048
85340,Rio Bonito Do Iguacu,PR,-25.4993,-52.5249
85345,Porto Barreiro,PR,-25.5513,-52.4117
85350,Nova Laranjeiras,PR,-25.3053,-52.5394
85390,Virmond,PR,-25.3821,-52.2053
85400,Guaraniacu,PR,-25.1003,-52.8687
85408,Diamante Do Sul,PR,-25.0443,-52.6809
85410,Nova Aurora,PR,-24.5272,-53.2592
85415,Cafelandia,PR,-24.6221,-53.3224
85420,Corbelia,PR,-24.7956,-53.2979
85422,Ouro Verde Do Piquiri,PR,-24.6392,-53.212
85423,Iguatu,PR,-24.7131,-53.087
85425,Anahy,PR,-24.6449,-53.1337
85430,Braganey,PR,-24.8187,-53.1192
85440,Ubirata,PR,-24.5424,-52.9898
85450,Campo Bonito,PR,-25.0335,-52.992
85460,Quedas Do Iguacu,PR,-25.4554,-52.9131
85465,Espigao Alto Do Iguacu,PR,-25.4241,-52.8342
85470,Catanduvas,PR,-25.2057,-53.1536
85478,Ibema,PR,-25.117,-53.0152
85485,Tres Barras Do Parana,PR,-25.4229,-53.1839
85500,Pato Branco,PR,-26.2534,-52.6728
85501,Pato Branco,PR,-26.2264,-52.6745
85502,Pato Branco,PR,-26.2323,-52.6846
85503,Pato Branco,PR,-26.1987,-52.6819
85504,Pato Branco,PR,-26.2139,-52.6664
85505,Pato Branco,PR,-26.2303,-52.6645
85506,Pato Branco,PR,-26.244,-52.6743
85507,Pato Branco,PR,-26.2543,-52.6764
85508,Pato Branco,PR,-26.2659,-52.6837
85509,Pato Branco,PR,-26.2412,-52.7022
85514,Sao Roque Do Chopim,PR,-26.0927,-52.6454
85515,Bom Sucesso Do Sul,PR,-26.0749,-52.8352
85520,Vitorino,PR,-26.2662,-52.7808
85525,Mariopolis,PR,-26.3548,-52.5543
85530,Clevelandia,PR,-26.4075,-52.3569
85540,Mangueirinha,PR,-25.9405,-52.1779
85548,Honorio Serpa,PR,-26.1493,-52.3836
85550,Coronel Vivida,PR,-25.9849,-52.5676
85555,Palmas,PR,-26.485,-51.9901
85557,Coronel Domingos Soares,PR,-26.2237,-52.03
85560,Chopinzinho,PR,-25.8547,-52.5299
85565,Sulina,PR,-25.6999,-52.7207
85568,Saudade Do Iguacu,PR,-25.6943,-52.6188
85570,Sao Joao,PR,-25.8265,-52.7284
85571,Dois Irmãos,PR,-22.7266,-43.4492
85575,Sao Jorge D'Oeste,PR,-25.705,-52.9187
85579,Sao Jorge Doeste,PR,-25.6083,-53.0059
85580,Itapejara D'Oeste,PR,-25.9661,-52.8202
85585,Vere,PR,-25.8782,-52.9125
85598,Cruzeiro Do Iguacu,PR,-25.6009,-53.1235
85601,Francisco Beltrao,PR,-26.0806,-53.0536
85602,Francisco Beltrao,PR,-26.0689,-53.0684
85603,Francisco Beltrao,PR,-26.0443,-53.0637
85604,Francisco Beltrao,PR,-26.0647,-53.05
85605,Francisco Beltrao,PR,-26.072,-53.0407
85606,Francisco Beltrao,PR,-26.0359,-53.0534
85610,Renascenca,PR,-26.1579,-52.9703
85615,Marmeleiro,PR,-26.1497,-53.0297
85618,Flor Da Serra Do Sul,PR,-26.2558,-53.3059
85620,Salgado Filho,PR,-26.1742,-53.3597
85628,Manfrinopolis,PR,-26.1442,-53.3098
85630,Eneas Marques,PR,-25.9453,-53.1615
85635,Nova Esperanca Do Sudoeste,PR,-25.9,-53.2615
85640,Ampere,PR,-25.9199,-53.4743
85650,Santa Izabel Do Oeste,PR,-25.8137,-53.4741
85660,Dois Vizinhos,PR,-25.7489,-53.0601
85670,Salto Do Lontra,PR,-25.7839,-53.308
85680,Boa Esperanca Do Iguacu,PR,-25.6358,-53.2145
85685,Nova Prata Do Iguacu,PR,-25.6358,-53.3473
85700,Barracao,PR,-26.2538,-53.6339
85708,Bom Jesus Do Sul,PR,-26.1948,-53.5987
85710,Santo Antonio Do Sudoeste,PR,-26.0366,-53.6799
85727,Pinhal De Sao Bento,PR,-26.0303,-53.4855
85730,Pranchita,PR,-26.0182,-53.7395
85740,Perola D'Oeste,PR,-25.8276,-53.7407
85745,Bela Vista Da Caroba,PR,-25.8802,-53.6667
85750,Planalto,PR,-25.7212,-53.7638
85760,Capanema,PR,-25.6686,-53.8038
85770,Realeza,PR,-25.7696,-53.534
85780,Boa Vista Da Aparecida,PR,-25.4379,-53.4087
85790,Capitao Leonidas Marques,PR,-25.4863,-53.6025
85794,Alto Alegre Do Iguacu,PR,-23.5428,-52.2891
85795,Santa Lucia,PR,-25.4057,-53.567
85801,Cascavel,PR,-24.9592,-53.4626
85802,Cascavel,PR,-24.9665,-53.4667
85803,Cascavel,PR,-24.9817,-53.4609
85804,Cascavel,PR,-24.9865,-53.4932
85805,Cascavel,PR,-24.9645,-53.4849
85806,Cascavel,PR,-24.9601,-53.506
85807,Cascavel,PR,-24.9447,-53.4903
85808,Cascavel,PR,-24.9513,-53.5153
85810,Cascavel,PR,-24.9514,-53.4669
85811,Cascavel,PR,-24.9407,-53.4698
85812,Cascavel,PR,-24.9494,-53.4479
85813,Cascavel,PR,-24.9368,-53.4516
85814,Cascavel,PR,-24.9205,-53.4281
85815,Cascavel,PR,-24.9341,-53.4237
85816,Cascavel,PR,-24.9518,-53.4252
85817,Cascavel,PR,-24.9423,-53.4101
85818,Cascavel,PR,-24.9685,-53.4064
85819,Cascavel,PR,-24.9775,-53.446
85820,Cascavel,PR,-24.9136,-53.4508
85822,Sede Alvorada,PR,-24.8269,-53.6461
85824,Rio Do Salto,PR,-23.1952,-47.2889
85825,Santa Tereza Do Oeste,PR,-25.0534,-53.6196
85826,Lindoeste,PR,-25.2676,-53.5729
85830,Formosa Do Oeste,PR,-24.296,-53.3146
85833,Iracema Do Oeste,PR,-24.4298,-53.3555
85835,Jesuitas,PR,-24.3841,-53.388
85840,Ceu Azul,PR,-25.1471,-53.8501
85845,Vera Cruz Do Oeste,PR,-25.0613,-53.8778
85851,Foz Do Iguacu,PR,-25.5418,-54.5848
85852,Foz Do Iguacu,PR,-25.5394,-54.5751
85853,Foz Do Iguacu,PR,-25.5557,-54.5636
85854,Foz Do Iguacu,PR,-25.5683,-54.5692
85855,Foz Do Iguacu,PR,-25.5795,-54.5668
85856,Foz Do Iguacu,PR,-25.5405,-54.5533
85857,Foz Do Iguacu,PR,-25.5316,-54.5561
85858,Foz Do Iguacu,PR,-25.5272,-54.5419
85859,Foz Do Iguacu,PR,-25.5135,-54.5349
85860,Foz Do Iguacu,PR,-25.501,-54.5689
85861,Foz Do Iguacu,PR,-25.501,-54.5578
85862,Foz Do Iguacu,PR,-25.4884,-54.5216
85863,Foz Do Iguacu,PR,-25.5242,-54.5695
85864,Foz Do Iguacu,PR,-25.5225,-54.5845
85865,Foz Do Iguacu,PR,-25.5112,-54.5857
85866,Foz Do Iguacu,PR,-25.4998,-54.5746
85867,Foz Do Iguacu,PR,-25.4754,-54.585
85868,Foz Do Iguacu,PR,-25.4872,-54.5763
85869,Foz Do Iguacu,PR,-25.4907,-54.5574
85870,Foz Do Iguacu,PR,-25.4542,-54.5711
85875,Santa Terezinha De Itaipu,PR,-25.4429,-54.4028
85877,Sao Miguel Do Iguacu,PR,-25.3536,-54.2295
85878,Aurora Do Iguacu,PR,-25.3689,-54.1587
85880,Itaipulandia,PR,-25.148,-54.3037
85883,Sao Jose Do Itavo,PR,-23.1631,-53.3078
85884,Medianeira,PR,-25.2932,-54.0951
85885,Serranopolis Do Iguacu,PR,-25.4143,-54.0411
85887,Matelandia,PR,-25.1978,-53.9076
85888,Ramilandia,PR,-25.1193,-54.0284
85890,Missal,PR,-25.0923,-54.2422
85892,Santa Helena,PR,-24.8674,-54.33
85894,Santa Helena,PR,-24.8541,-54.3312
85896,Diamante D'Oeste,PR,-24.9426,-54.104
85898,Sao Jose Das Palmeiras,PR,-24.8358,-54.0604
85900,Toledo,PR,-24.7282,-53.7399
85901,Toledo,PR,-24.7368,-53.7407
85902,Toledo,PR,-24.7334,-53.7522
85903,Toledo,PR,-24.7184,-53.759
85904,Toledo,PR,-24.7117,-53.7476
85905,Toledo,PR,-24.713,-53.735
85906,Toledo,PR,-24.7208,-53.7205
85907,Toledo,PR,-24.7453,-53.7089
85908,Toledo,PR,-24.7355,-53.7074
85909,Toledo,PR,-24.7393,-53.7236
85910,Toledo,PR,-24.7493,-53.7254
85911,Toledo,PR,-24.7605,-53.7333
85912,Toledo,PR,-24.7589,-53.7352
85913,Toledo,PR,-24.752,-53.7427
85914,Toledo,PR,-24.7452,-53.7463
85915,Toledo,PR,-24.7625,-53.7436
85920,Dez De Maio,PR,-24.6786,-53.916
85925,Novo Sobradinho,PR,-24.6261,-53.7587
85926,Vila Nova,PR,-24.5764,-53.8008
85927,Novo Sarandi,PR,-24.5474,-53.8962
85929,Sao Pedro Do Iguacu,PR,-24.9141,-53.8866
85930,Nova Santa Rosa,PR,-24.4624,-53.9565
85933,Ouro Verde Do Oeste,PR,-24.7738,-53.905
85935,Assis Chateaubriand,PR,-24.402,-53.5174
85936,Encantado D'Oeste,PR,-24.4183,-53.6557
85937,Bragantina,PR,-24.6094,-53.616
85940,Quatro Pontes,PR,-24.5716,-53.9765
85945,Tupassi,PR,-24.5991,-53.5088
85948,Pato Bragado,PR,-24.6258,-54.2267
85950,Palotina,PR,-24.2858,-53.8377
85952,São Camilo,PR,-24.1913,-53.9128
85955,Maripa,PR,-24.4213,-53.8285
85957,Maripa,PR,-24.4796,-53.7961
85958,Palotina,PR,-24.2814,-53.8412
85960,Marechal Candido Rondon,PR,-24.5545,-54.0585
85976,Porto Mendes,PR,-24.4888,-54.3045
85980,Guaira,PR,-24.0867,-54.2512
85985,Doutor Oliveira Castro,PR,-24.2514,-54.2658
85988,Entre Rios Do Oeste,PR,-24.703,-54.2374
85990,Terra Roxa,PR,-24.168,-54.0972
85995,Santa Rita Do Oeste,PR,-24.3695,-54.0152
85998,Mercedes,PR,-24.452,-54.1678
86010,Londrina,PR,-23.3181,-51.1571
86015,Londrina,PR,-23.3293,-51.1594
86020,Londrina,PR,-23.3126,-51.1672
86025,Londrina,PR,-23.2981,-51.1641
86026,Londrina,PR,-23.3113,-51.1571
86027,Londrina,PR,-23.3018,-51.1447
86030,Londrina,PR,-23.2945,-51.1292
86031,Londrina,PR,-23.284,-51.1203
86032,Londrina,PR,-23.2904,-51.0966
86035,Londrina,PR,-23.3111,-51.1349
86036,Londrina,PR,-23.3171,-51.1275
86037,Londrina,PR,-23.321,-51.1127
86038,Londrina,PR,-23.3274,-51.1227
86039,Londrina,PR,-23.3208,-51.1418
86040,Londrina,PR,-23.339,-51.1362
86041,Londrina,PR,-23.3556,-51.1388
86042,Londrina,PR,-23.3681,-51.1418
86043,Londrina,PR,-23.3647,-51.1336
86044,Londrina,PR,-23.3865,-51.1322
86045,Londrina,PR,-23.3671,-51.1574
86046,Londrina,PR,-23.3479,-51.1484
86047,Londrina,PR,-23.347,-51.1717
86049,Londrina,PR,-23.3715,-51.1531
86050,Londrina,PR,-23.3313,-51.1772
86055,Londrina,PR,-23.3344,-51.1872
86056,Londrina,PR,-23.3275,-51.2225
86057,Londrina,PR,-23.3233,-51.2089
86058,Londrina,PR,-23.3485,-51.207
86060,Londrina,PR,-23.3124,-51.1757
86061,Londrina,PR,-23.3121,-51.1797
86062,Londrina,PR,-23.3056,-51.187
86063,Londrina,PR,-23.3118,-51.1977
86065,Londrina,PR,-23.3039,-51.2032
86066,Londrina,PR,-23.3135,-51.2134
86067,Londrina,PR,-23.2931,-51.223
86070,Londrina,PR,-23.2964,-51.1818
86071,Londrina,PR,-23.2928,-51.1965
86072,Londrina,PR,-23.2867,-51.2053
86073,Londrina,PR,-23.2815,-51.1892
86075,Londrina,PR,-23.2868,-51.1674
86076,Londrina,PR,-23.2863,-51.1793
86077,Londrina,PR,-23.2776,-51.1669
86078,Londrina,PR,-23.2773,-51.1541
86079,Londrina,PR,-23.2873,-51.1554
86080,Londrina,PR,-23.2762,-51.1802
86081,Londrina,PR,-23.2664,-51.1856
86082,Londrina,PR,-23.2577,-51.172
86083,Londrina,PR,-23.2663,-51.1706
86084,Londrina,PR,-23.2673,-51.1597
86085,Londrina,PR,-23.2525,-51.1463
86086,Londrina,PR,-23.2574,-51.1382
86087,Londrina,PR,-23.2741,-51.1467
86088,Londrina,PR,-23.2626,-51.1463
86089,Londrina,PR,-23.2513,-51.2098
86112,Paiquere,PR,-23.5286,-51.0833
86125,Tamarana,PR,-23.7248,-51.0961
86130,Bela Vista Do Paraiso,PR,-22.9936,-51.1976
86135,Cambé,PR,-23.2751,-51.2741
86140,Primeiro De Maio,PR,-22.8536,-51.0273
86150,Alvorada Do Sul,PR,-22.7792,-51.2298
86160,Porecatu,PR,-22.7524,-51.3794
86165,Florestopolis,PR,-22.8666,-51.3905
86170,Sertanopolis,PR,-23.0591,-51.0375
86181,Cambe,PR,-23.2798,-51.2835
86182,Cambe,PR,-23.2733,-51.2816
86183,Cambe,PR,-23.2736,-51.2555
86184,Cambe,PR,-23.2665,-51.2804
86185,Cambe,PR,-23.2891,-51.243
86186,Cambe,PR,-23.2966,-51.2399
86187,Cambe,PR,-23.3052,-51.2194
86188,Cambe,PR,-23.3077,-51.2267
86189,Cambe,PR,-23.2987,-51.2575
86191,Cambe,PR,-23.2858,-51.2637
86192,Cambe,PR,-23.2859,-51.2736
86200,Ibipora,PR,-23.2694,-51.0529
86210,Jataizinho,PR,-23.2572,-50.9709
86220,Assai,PR,-23.3755,-50.8458
86225,Santa Cecilia Do Pavao,PR,-23.5184,-50.7842
86230,Nova America Da Colina,PR,-23.3313,-50.7185
86240,Sao Sebastiao Da Amoreira,PR,-23.465,-50.761
86250,Nova Santa Barbara,PR,-23.5881,-50.7629
86270,Sao Jeronimo Da Serra,PR,-23.7188,-50.7423
86280,Urai,PR,-23.2025,-50.7937
86285,Cruzeiro Do Norte,PR,-23.23,-50.8586
86290,Rancho Alegre,PR,-23.0718,-50.914
86300,Cornelio Procopio,PR,-23.1812,-50.6496
86305,Congonhas,PR,-23.2007,-50.7231
86310,Nova Fatima,PR,-23.4339,-50.5616
86315,Santo Antonio Do Paraiso,PR,-23.4929,-50.6441
86320,Congonhinhas,PR,-23.5535,-50.5499
86330,Leopolis,PR,-23.0793,-50.7502
86340,Sertaneja,PR,-23.037,-50.8179
86350,Santa Mariana,PR,-23.1474,-50.519
86358,Panema,PR,-22.9524,-50.5863
86360,Bandeirantes,PR,-23.1119,-50.3716
86370,Santa Amelia,PR,-23.2676,-50.4285
86375,Itambaraca,PR,-23.0175,-50.4066
86380,Andira,PR,-23.0483,-50.2306
86385,Barra Do Jacare,PR,-23.1127,-50.1759
86390,Cambara,PR,-23.0415,-50.0753
86400,Jacarezinho,PR,-23.1584,-49.9766
86410,Ribeirao Claro,PR,-23.1965,-49.7579
86420,Carlopolis,PR,-23.4277,-49.7182
86430,Santo Antonio Da Platina,PR,-23.2951,-50.0756
86450,Quatigua,PR,-23.5674,-49.9141
86455,Joaquim Tavora,PR,-23.5002,-49.9218
86460,Abatia,PR,-23.3045,-50.311
86465,Guapirama,PR,-23.5157,-50.0435
86470,Jundiai Do Sul,PR,-23.438,-50.2474
86480,Conselheiro Mairinck,PR,-23.6236,-50.1693
86490,Ribeirao Do Pinhal,PR,-23.4095,-50.3579
86600,Rolandia,PR,-23.3125,-51.365
86601,Rolandia,PR,-23.3013,-51.3635
86602,Rolandia,PR,-23.3031,-51.392
86604,Rolandia,PR,-23.3181,-51.3916
86605,Rolandia,PR,-23.3227,-51.3706
86606,Rolandia,PR,-23.3352,-51.3934
86609,Sao Martinho,PR,-23.1951,-51.4414
86610,Jaguapita,PR,-23.1134,-51.5331
86613,Pitangueiras,PR,-23.2339,-51.5835
86615,Miraselva,PR,-22.9671,-51.4849
86618,Prado Ferreira,PR,-23.0397,-51.4426
86620,Guaraci,PR,-22.969,-51.6482
86625,Bentopolis,PR,-22.9299,-51.7145
86630,Centenario Do Sul,PR,-22.8214,-51.595
86635,Lupionopolis,PR,-22.7549,-51.6583
86640,Cafeara,PR,-22.7903,-51.7156
86650,Santo Inacio,PR,-22.6936,-51.789
86660,Santa Inês,PR,-22.6393,-51.9036
86670,Itaguaje,PR,-22.6174,-51.967
86680,Nossa Senhora Das Gracas,PR,-22.9141,-51.7972
86690,Colorado,PR,-22.8377,-51.9734
86695,Alto Alegre,PR,-22.8974,-51.8885
86700,Arapongas,PR,-23.4102,-51.4353
86701,Arapongas,PR,-23.4092,-51.4376
86702,Arapongas,PR,-23.3906,-51.4466
86703,Arapongas,PR,-23.3932,-51.4199
86704,Arapongas,PR,-23.391,-51.4171
86705,Arapongas,PR,-23.4086,-51.423
86706,Arapongas,PR,-23.4279,-51.4239
86707,Arapongas,PR,-23.4248,-51.4337
86708,Arapongas,PR,-23.4149,-51.4441
86709,Arapongas,PR,-23.4113,-51.4569
86710,Arapongas,PR,-23.419,-51.4322
86711,Arapongas,PR,-23.4079,-51.4522
86716,Arapongas,PR,-23.3937,-51.4244
86720,Sabaudia,PR,-23.3211,-51.5552
86730,Astorga,PR,-23.2367,-51.6679
86742,Santa Zelia,PR,-23.1745,-51.6782
86744,Icara,PR,-23.1706,-51.6355
86750,Iguaracu,PR,-23.2009,-51.8295
86755,Angulo,PR,-23.1938,-51.9163
86760,Munhoz De Melo,PR,-23.1483,-51.7741
86770,Santa Fe,PR,-23.0396,-51.8108
86780,Florida,PR,-23.0882,-51.955
86790,Lobato,PR,-23.01,-51.952
86800,Apucarana,PR,-23.5545,-51.4658
86801,Apucarana,PR,-23.5574,-51.4868
86802,Apucarana,PR,-23.5695,-51.4676
86803,Apucarana,PR,-23.5325,-51.4564
86804,Apucarana,PR,-23.5406,-51.4512
86805,Apucarana,PR,-23.5404,-51.4421
86806,Apucarana,PR,-23.5263,-51.4338
86807,Apucarana,PR,-23.5465,-51.438
86808,Apucarana,PR,-23.5548,-51.4507
86809,Apucarana,PR,-23.5636,-51.4546
86810,Apucarana,PR,-23.5695,-51.456
86811,Apucarana,PR,-23.5618,-51.4432
86812,Apucarana,PR,-23.5539,-51.4289
86813,Apucarana,PR,-23.5709,-51.4421
86818,Pirapo,PR,-23.5625,-51.5195
86819,Vila Reis,PR,-23.612,-51.4084
86820,California,PR,-23.6655,-51.3566
86825,Marilandia Do Sul,PR,-23.748,-51.304
86828,Maua Da Serra,PR,-23.8997,-51.2273
86830,Rio Bom,PR,-23.7627,-51.4134
86840,Faxinal,PR,-23.9987,-51.3236
86845,Grandes Rios,PR,-24.1509,-51.4962
86848,Rio Branco Do Ivai,PR,-24.3242,-51.3117
86850,Rosario Do Ivai,PR,-24.2549,-51.2515
86855,Cruzmaltina,PR,-23.9941,-51.4422
86860,Jardim Alegre,PR,-24.1802,-51.6901
86865,Lidianopolis,PR,-24.0858,-51.6449
86870,Ivaipora,PR,-24.2464,-51.6707
86880,Ariranha Do Ivai,PR,-24.3835,-51.5829
86884,Arapua,PR,-24.3138,-51.8049
86890,Cambira,PR,-23.6049,-51.5791
86895,Novo Itacolomi,PR,-23.7651,-51.5067
86900,Jandaia Do Sul,PR,-23.6022,-51.6441
86910,Marumbi,PR,-23.707,-51.6402
86920,Kalore,PR,-23.8287,-51.6723
86925,Borrazopolis,PR,-23.9403,-51.5852
86930,Sao Joao Do Ivai,PR,-23.9931,-51.8195
86931,Luar,PR,-23.9575,-51.9158
86932,Ubauna,PR,-24.0904,-54.2558
86935,Lunardelli,PR,-24.0783,-51.7432
86938,Godoy Moreira,PR,-24.1944,-51.9248
86940,Bom Sucesso,PR,-23.7093,-51.7678
86945,Sao Pedro Do Ivai,PR,-23.8927,-51.8148
86950,Fenix,PR,-23.9158,-51.9792
86960,Barbosa Ferraz,PR,-24.0274,-52.009
86970,Corumbatai Do Sul,PR,-24.101,-52.1171
86975,Mandaguari,PR,-23.5221,-51.6777
86990,Marialva,PR,-23.4839,-51.7999
86995,Aquidaban,PR,-23.5847,-51.9027
86996,Marialva,PR,-23.4841,-51.7912
87005,Maringa,PR,-23.4417,-51.9275
87010,Maringa,PR,-23.4385,-51.9352
87013,Maringa,PR,-23.4225,-51.9384
87014,Maringa,PR,-23.4288,-51.9482
87015,Maringa,PR,-23.4283,-51.9583
87020,Maringa,PR,-23.4129,-51.942
87023,Maringa,PR,-23.3912,-51.9353
87024,Maringa,PR,-23.3702,-51.9442
87025,Maringa,PR,-23.3825,-51.928
87030,Maringa,PR,-23.4138,-51.9271
87031,Maringa,PR,-23.422,-51.9341
87033,Maringa,PR,-23.4005,-51.9184
87035,Maringa,PR,-23.3878,-51.9089
87040,Maringa,PR,-23.4137,-51.9075
87043,Maringa,PR,-23.4013,-51.8943
87045,Maringa,PR,-23.4241,-51.8957
87047,Maringa,PR,-23.4144,-51.886
87050,Maringa,PR,-23.4311,-51.9182
87053,Maringa,PR,-23.4584,-51.9197
87055,Maringa,PR,-23.4515,-51.9056
87060,Maringa,PR,-23.449,-51.9534
87062,Maringa,PR,-23.465,-51.9515
87063,Maringa,PR,-23.4682,-51.925
87065,Maringa,PR,-23.4451,-51.9771
87070,Maringa,PR,-23.4129,-51.9802
87075,Maringa,PR,-23.3956,-51.9748
87080,Maringa,PR,-23.4074,-51.9584
87083,Maringa,PR,-23.3876,-51.9552
87103,Maringa,PR,-23.3809,-52.0516
87105,Maringa,PR,-23.4123,-51.9304
87110,Sarandi,PR,-23.4416,-51.8738
87111,Sarandi,PR,-23.448,-51.87
87112,Sarandi,PR,-23.4555,-51.8767
87113,Sarandi,PR,-23.4324,-51.8736
87114,Sarandi,PR,-23.4335,-51.8667
87117,Sarandi,PR,-23.4708,-51.8761
87118,Sarandi,PR,-23.438,-51.8766
87120,Floresta,PR,-23.6144,-52.0828
87130,Ivatuba,PR,-23.6118,-52.2067
87140,Paicandu,PR,-23.4568,-52.0399
87145,Paicandu,PR,-23.5018,-52.1509
87155,Doutor Camargo,PR,-23.5547,-52.2185
87160,Mandaguacu,PR,-23.345,-52.099
87165,Pulinopolis,PR,-23.3432,-52.0933
87170,Ourizona,PR,-23.4046,-52.1936
87175,Itambe,PR,-23.6587,-51.9911
87180,Presidente Castelo Branco,PR,-23.277,-52.1541
87185,Florai,PR,-23.3188,-52.3053
87190,Sao Jorge Do Ivai,PR,-23.4343,-52.2923
87200,Cianorte,PR,-23.656,-52.6097
87201,Cianorte,PR,-23.6463,-52.6154
87202,Cianorte,PR,-23.6509,-52.6287
87203,Cianorte,PR,-23.6563,-52.6285
87204,Cianorte,PR,-23.6577,-52.6319
87205,Cianorte,PR,-23.6719,-52.6338
87206,Cianorte,PR,-23.6867,-52.6331
87207,Cianorte,PR,-23.6742,-52.6218
87208,Cianorte,PR,-23.6717,-52.6088
87209,Cianorte,PR,-23.6644,-52.5963
87210,Cianorte,PR,-23.6579,-52.5899
87214,Vidigal,PR,-23.6051,-52.5186
87215,Sao Manoel Do Parana,PR,-23.3871,-52.627
87220,Sao Tome,PR,-23.5355,-52.5893
87225,Japura,PR,-23.4719,-52.5555
87230,Jussara,PR,-23.6227,-52.4701
87235,Indianopolis,PR,-23.4795,-52.6974
87240,Terra Boa,PR,-23.7719,-52.4483
87250,Peabiru,PR,-23.9162,-52.3448
87260,Araruna,PR,-23.9295,-52.5006
87265,Quinta Do Sol,PR,-23.8501,-52.1321
87270,Engenheiro Beltrao,PR,-23.7987,-52.2634
87275,Ivailandia,PR,-25.4617,-49.2867
87280,Iretama,PR,-24.4099,-52.1008
87290,Luiziana,PR,-24.2843,-52.2768
87300,Campo Mourao,PR,-24.0412,-52.3717
87301,Campo Mourao,PR,-24.0494,-52.3766
87302,Campo Mourao,PR,-24.043,-52.3861
87303,Campo Mourao,PR,-24.0341,-52.3756
87305,Campo Mourao,PR,-24.0486,-52.3998
87306,Campo Mourao,PR,-24.0539,-52.4147
87307,Campo Mourao,PR,-24.0469,-52.3658
87308,Campo Mourao,PR,-24.0248,-52.3721
87309,Campo Mourao,PR,-24.0212,-52.3608
87310,Campo Mourao,PR,-24.0167,-52.3532
87320,Roncador,PR,-24.5939,-52.278
87323,Mamborê,PR,-24.2331,-52.5273
87325,Farol,PR,-24.0952,-52.6232
87330,Nova Cantu,PR,-24.6724,-52.5706
87340,Mambore,PR,-24.3143,-52.5291
87345,Campina Da Lagoa,PR,-24.5924,-52.8042
87355,Juranda,PR,-24.4193,-52.8455
87357,Rio Verde,PR,-24.4746,-52.8778
87360,Goioere,PR,-24.1859,-53.0256
87365,Quarto Centenario,PR,-24.2794,-53.0742
87370,Moreira Sales,PR,-24.0515,-53.0064
87375,Paraná D'Oeste,PR,-24.1104,-52.8877
87380,Janiopolis,PR,-24.1377,-52.7832
87390,Boa Esperanca,PR,-24.243,-52.787
87395,Rancho Alegre D'Oeste,PR,-24.3052,-52.9571
87400,Cruzeiro Do Oeste,PR,-23.8021,-53.0297
87408,Sao Silvestre,PR,-23.5319,-53.084
87430,Tapejara,PR,-23.7341,-52.8661
87450,Tuneiras Do Oeste,PR,-23.866,-52.8739
87470,Mariluz,PR,-24.01,-53.1513
87480,Maria Helena,PR,-23.6163,-53.206
87485,Douradina,PR,-23.383,-53.2915
87490,Nova Olimpia,PR,-23.4719,-53.0889
87501,Umuarama,PR,-23.7628,-53.3103
87502,Umuarama,PR,-23.7594,-53.2928
87503,Umuarama,PR,-23.7676,-53.3209
87504,Umuarama,PR,-23.7517,-53.3007
87505,Umuarama,PR,-23.7703,-53.294
87506,Umuarama,PR,-23.7811,-53.3183
87507,Umuarama,PR,-23.7869,-53.299
87508,Umuarama,PR,-23.778,-53.329
87509,Umuarama,PR,-23.7426,-53.3189
87510,Umuarama,PR,-23.7685,-53.3346
87511,Umuarama,PR,-23.7641,-53.3214
87518,Serra Dos Dourados,PR,-23.6195,-53.3821
87520,Umuarama,PR,-23.7696,-53.1981
87521,Santa Eliza,PR,-23.5282,-53.4654
87525,Ivate,PR,-23.4072,-53.3695
87528,Alto Paraiso,PR,-23.5068,-53.7291
87530,Icaraima,PR,-23.3932,-53.6195
87535,Xambre,PR,-23.7332,-53.5019
87538,Perobal,PR,-23.8948,-53.4075
87540,Perola,PR,-23.8031,-53.6816
87545,Esperanca Nova,PR,-23.7245,-53.8106
87550,Altonia,PR,-23.8721,-53.8937
87555,Sao Jorge Do Patrocinio,PR,-23.7639,-53.8792
87560,Ipora,PR,-24.0045,-53.709
87565,Cafezal Do Sul,PR,-23.9041,-53.5136
87567,Guaipora,PR,-24.248,-51.676
87569,Jangada,PR,-24.0121,-53.5356
87570,Francisco Alves,PR,-24.0762,-53.8524
87575,Rio Bonito,PR,-8.474,-35.7421
87580,Alto Piquiri,PR,-24.0323,-53.4399
87595,Brasilandia Do Sul,PR,-24.1972,-53.5271
87600,Nova Esperanca,PR,-23.1854,-52.2042
87630,Atalaia,PR,-23.1517,-52.0521
87640,Uniflor,PR,-23.087,-52.1576
87650,Cruzeiro Do Sul,PR,-22.963,-52.163
87660,Paranacity,PR,-22.931,-52.1536
87666,Paranacity,PR,-22.9317,-52.1546
87670,Inaja,PR,-22.7512,-52.1983
87680,Paranapoema,PR,-22.6568,-52.0836
87690,Jardim Olinda,PR,-22.5526,-52.0375
87701,Paranavai,PR,-23.0851,-52.4629
87702,Paranavai,PR,-23.0788,-52.4647
87703,Paranavai,PR,-23.066,-52.4646
87704,Paranavai,PR,-23.0772,-52.4572
87705,Paranavai,PR,-23.0811,-52.4534
87706,Paranavai,PR,-23.0795,-52.4421
87707,Paranavai,PR,-23.0862,-52.4466
87708,Paranavai,PR,-23.092,-52.4546
87709,Paranavai,PR,-23.08,-52.4608
87710,Paranavai,PR,-23.0974,-52.4792
87711,Paranavai,PR,-23.0967,-52.4659
87720,Paranavai,PR,-23.07,-52.4159
87722,Graciosa,PR,-23.0845,-52.6061
87730,Santo Antonio Do Caiua,PR,-22.7391,-52.346
87740,Sao Joao Do Caiua,PR,-22.8558,-52.3368
87750,Alto Parana,PR,-23.1303,-52.3203
87760,Tamboara,PR,-23.1996,-52.4995
87770,Sao Carlos Do Ivai,PR,-23.3167,-52.4772
87780,Paraiso Do Norte,PR,-23.2835,-52.604
87790,Nova Alianca Do Ivai,PR,-23.1774,-52.6053
87800,Rondon,PR,-23.4175,-52.7727
87810,Guaporema,PR,-23.3409,-52.7769
87820,Cidade Gaucha,PR,-23.3826,-52.9409
87830,Tapira,PR,-23.3201,-53.0727
87840,Mirador,PR,-23.2365,-52.762
87850,Amapora,PR,-23.095,-52.7867
87860,Planaltina Do Parana,PR,-23.0221,-52.9201
87880,Guairaca,PR,-22.9387,-52.6873
87890,Terra Rica,PR,-22.7248,-52.6226
87895,Adhemar De Barros,PR,-22.694,-52.7197
87900,Loanda,PR,-22.9294,-53.1359
87910,Santa Isabel Do Ivai,PR,-23.0052,-53.1945
87913,Sao Jose Do Ivai,PR,-23.1322,-53.2774
87915,Santa Monica,PR,-23.1377,-53.1046
87920,Santa Cruz De Monte Castelo,PR,-22.9581,-53.2949
87930,Querencia Do Norte,PR,-23.0848,-53.4845
87950,Porto Rico,PR,-22.7751,-53.2678
87955,Sao Pedro Do Parana,PR,-22.8279,-53.209
87957,Porto Sao Jose,PR,-23.1308,-53.275
87960,Marilena,PR,-22.7372,-53.0333
87970,Nova Londrina,PR,-22.7635,-52.9883
87980,Itauna Do Sul,PR,-22.7299,-52.8854
87990,Diamante Do Norte,PR,-22.6589,-52.8645
88000,Florianopolis,SC,-27.4683,-48.4669
88010,Florianopolis,SC,-27.5929,-48.5525
88015,Florianopolis,SC,-27.5899,-48.5512
88020,Florianopolis,SC,-27.5938,-48.5443
88021,Florianopolis,SC,-27.612,-48.5447
88025,Florianopolis,SC,-27.5776,-48.5355
88030,Florianopolis,SC,-27.5636,-48.5136
88032,Florianopolis,SC,-27.5284,-48.4919
88034,Florianopolis,SC,-27.584,-48.5017
88035,Florianopolis,SC,-27.5911,-48.5092
88036,Florianopolis,SC,-27.5893,-48.5225
88037,Florianopolis,SC,-27.6002,-48.5069
88040,Florianopolis,SC,-27.6038,-48.5236
88045,Florianopolis,SC,-27.6082,-48.5336
88047,Florianopolis,SC,-27.6536,-48.5309
88048,Florianopolis,SC,-27.6526,-48.4825
88049,Florianopolis,SC,-27.6857,-48.5604
88050,Florianopolis,SC,-27.5184,-48.5163
88051,Florianopolis,SC,-27.491,-48.5277
88052,Florianopolis,SC,-27.476,-48.4609
88053,Florianopolis,SC,-27.4432,-48.4983
88054,Florianopolis,SC,-27.4327,-48.4659
88056,Florianopolis,SC,-27.4198,-48.4265
88058,Florianopolis,SC,-27.4429,-48.4015
88060,Florianopolis,SC,-27.4887,-48.415
88061,Florianopolis,SC,-27.5811,-48.4311
88062,Florianopolis,SC,-27.6082,-48.4707
88063,Florianopolis,SC,-27.6817,-48.4908
88064,Florianopolis,SC,-27.7245,-48.5419
88065,Florianopolis,SC,-27.6811,-48.5065
88066,Florianopolis,SC,-27.7253,-48.5065
88067,Florianopolis,SC,-27.7804,-48.5215
88070,Florianopolis,SC,-27.5915,-48.5832
88075,Florianopolis,SC,-27.5855,-48.5799
88080,Florianopolis,SC,-27.6077,-48.581
88085,Florianopolis,SC,-27.6066,-48.5927
88090,Florianopolis,SC,-27.5922,-48.5955
88095,Florianopolis,SC,-27.582,-48.5948
88101,Sao Jose,SC,-27.5952,-48.6176
88102,Sao Jose,SC,-27.5958,-48.6162
88103,Sao Jose,SC,-27.6093,-48.6291
88104,Sao Jose,SC,-27.6211,-48.64
88106,Sao Jose,SC,-27.6022,-48.6424
88107,Sao Jose,SC,-27.5822,-48.6666
88108,Sao Jose,SC,-27.5906,-48.6239
88110,Sao Jose,SC,-27.5752,-48.6183
88111,Sao Jose,SC,-27.5663,-48.6255
88113,Sao Jose,SC,-27.558,-48.6317
88115,Sao Jose,SC,-27.5429,-48.6334
88117,Sao Jose,SC,-27.5792,-48.6076
88119,Sao Jose,SC,-27.5754,-48.6461
88122,Sao Jose,SC,-27.5993,-48.6831
88123,Sao Jose,SC,-27.5831,-48.7161
88125,Sao Pedro De Alcantara,SC,-27.5681,-48.7775
88130,Palhoca,SC,-27.6365,-48.6555
88131,Palhoca,SC,-27.6569,-48.6666
88132,Palhoca,SC,-27.6469,-48.6805
88133,Palhoca,SC,-27.6294,-48.6645
88134,Palhoca,SC,-27.6795,-48.6507
88135,Palhoca,SC,-27.6782,-48.6871
88136,Palhoca,SC,-27.6408,-48.7095
88137,Palhoca,SC,-27.6564,-48.6658
88138,Palhoca,SC,-27.7539,-48.6335
88139,Palhoca,SC,-27.8855,-48.5907
88140,Santo Amaro Da Imperatriz,SC,-27.6874,-48.7719
88150,Aguas Mornas,SC,-27.701,-48.8382
88160,Biguacu,SC,-27.5072,-48.6449
88161,Biguacu,SC,-27.5131,-48.6533
88162,Biguaçu,SC,-27.527,-48.6435
88164,Biguacu,SC,-27.4932,-48.664
88165,Biguacu,SC,-27.4755,-48.6625
88168,Biguacu,SC,-27.4435,-48.6354
88180,Antonio Carlos,SC,-27.5166,-48.7688
88190,Governador Celso Ramos,SC,-27.3434,-48.5533
88200,Tijucas,SC,-27.2392,-48.6371
88210,Porto Belo,SC,-27.1573,-48.57
88215,Bombinhas,SC,-27.1566,-48.5032
88220,Itapema,SC,-27.1048,-48.6223
88230,Canelinha,SC,-27.2657,-48.768
88240,Sao Joao Batista,SC,-27.2788,-48.8512
88260,Major Gercino,SC,-27.418,-48.9996
88270,Nova Trento,SC,-27.283,-48.9308
88295,Botuvera,SC,-27.2008,-49.0784
88301,Itajai,SC,-26.9119,-48.6564
88302,Itajai,SC,-26.9173,-48.6599
88303,Itajai,SC,-26.9126,-48.674
88304,Itajai,SC,-26.903,-48.6774
88305,Itajai,SC,-26.8933,-48.6759
88306,Itajai,SC,-26.9394,-48.6394
88307,Itajai,SC,-26.9257,-48.6788
88308,Itajai,SC,-26.9233,-48.6958
88309,Itajai,SC,-26.9039,-48.693
88310,Itajai,SC,-26.8926,-48.6983
88311,Itajai,SC,-26.8841,-48.7058
88312,Itajai,SC,-26.9119,-48.7057
88313,Itajai,SC,-26.9713,-48.6832
88316,Itajai,SC,-26.9437,-48.7216
88317,Itajai,SC,-26.8892,-48.7387
88318,Itajai,SC,-26.9875,-48.7936
88320,Ilhota,SC,-26.9025,-48.8251
88330,Balneario Camboriu,SC,-26.9927,-48.6322
88331,Balneario Camboriu,SC,-26.9672,-48.6357
88332,Balneario Camboriu,SC,-27.015,-48.6054
88333,Balneario Camboriu,SC,-28.0812,-49.081
88334,Balneario Camboriu,SC,-27.0511,-48.5944
88336,Balneario Camboriu,SC,-27.0228,-48.6148
88337,Balneario Camboriu,SC,-27.0067,-48.6363
88338,Balneario Camboriu,SC,-26.9767,-48.6445
88339,Balneario Camboriu,SC,-26.937,-48.6453
88340,Camboriu,SC,-27.0236,-48.6483
88341,Camboriu,SC,-27.0345,-48.6511
88343,Camboriu,SC,-27.0378,-48.6387
88345,Camboriu,SC,-27.0308,-48.6621
88347,Camboriu,SC,-27.0345,-48.663
88348,Camboriu,SC,-27.0018,-48.6581
88349,Camboriu,SC,-26.9837,-48.682
88350,Brusque,SC,-27.1057,-48.9333
88351,Brusque,SC,-27.0851,-48.9178
88352,Brusque,SC,-27.0766,-48.8932
88353,Brusque,SC,-27.1211,-48.912
88354,Brusque,SC,-27.1097,-48.9266
88355,Brusque,SC,-27.0677,-48.9059
88356,Brusque,SC,-27.0741,-48.8625
88357,Brusque,SC,-27.1523,-48.8966
88358,Brusque,SC,-27.157,-48.9339
88359,Brusque,SC,-27.1478,-48.9579
88360,Guabiruba,SC,-27.0886,-48.9796
88370,Navegantes,SC,-26.8907,-48.6553
88371,Navegantes,SC,-26.8706,-48.683
88372,Navegantes,SC,-26.8434,-48.6349
88373,Navegantes,SC,-26.8474,-48.6586
88374,Navegantes,SC,-26.7961,-48.7563
88375,Navegantes,SC,-26.8738,-48.6728
88380,Balneario Picarras,SC,-26.7608,-48.6819
88385,Penha,SC,-26.7908,-48.6312
88390,Barra Velha,SC,-26.661,-48.692
88395,Sao Joao Do Itaperiu,SC,-26.6021,-48.7903
88400,Ituporanga,SC,-27.4172,-49.599
88405,Rio Bonito,SC,-26.45,-50.8333
88407,Chapadao Do Lageado,SC,-27.5897,-49.5507
88410,Atalanta,SC,-27.4213,-49.783
88420,Agrolandia,SC,-27.4083,-49.8301
88430,Petrolandia,SC,-27.5233,-49.6873
88440,Imbuia,SC,-27.4887,-49.4222
88443,Vidal Ramos,SC,-27.3911,-49.36
88445,Leoberto Leal,SC,-27.5083,-49.2898
88450,Alfredo Wagner,SC,-27.7001,-49.3316
88460,Angelina,SC,-27.5821,-48.9844
88470,Rancho Queimado,SC,-27.6727,-49.022
88475,Anitapolis,SC,-27.9041,-49.1286
88485,Sao Bonifacio,SC,-27.8956,-48.931
88490,Paulo Lopes,SC,-27.9787,-48.6827
88495,Garopaba,SC,-28.0387,-48.6315
88501,Lages,SC,-27.8177,-50.3308
88502,Lages,SC,-27.8148,-50.324
88503,Lages,SC,-27.8266,-50.328
88504,Lages,SC,-27.8218,-50.3436
88505,Lages,SC,-27.8089,-50.3447
88506,Lages,SC,-27.8014,-50.3338
88508,Lages,SC,-27.8052,-50.3139
88509,Lages,SC,-27.8174,-50.3105
88511,Lages,SC,-27.8303,-50.3151
88512,Lages,SC,-27.8382,-50.3417
88513,Lages,SC,-27.8475,-50.3555
88514,Lages,SC,-27.8234,-50.363
88516,Lages,SC,-27.8036,-50.3698
88517,Lages,SC,-27.7632,-50.3357
88519,Lages,SC,-27.7835,-50.3132
88520,Lages,SC,-27.7948,-50.3042
88521,Lages,SC,-27.7818,-50.2919
88523,Lages,SC,-27.8055,-50.3043
88524,Lages,SC,-27.7969,-50.2855
88525,Lages,SC,-27.8133,-50.2852
88526,Lages,SC,-27.8268,-50.3069
88535,Correia Pinto,SC,-27.5842,-50.3662
88538,Bocaina Do Sul,SC,-27.7438,-49.9274
88540,Otacilio Costa,SC,-27.499,-50.1162
88543,Painel,SC,-27.9329,-50.0992
88545,Palmeira,SC,-27.5736,-50.1559
88548,Capao Alto,SC,-27.9374,-50.511
88550,Ponte Alta,SC,-27.4772,-50.3793
88570,Sao Jose Do Cerrito,SC,-27.6591,-50.585
88580,Campo Belo Do Sul,SC,-27.8998,-50.7596
88585,Cerro Negro,SC,-27.7968,-50.8731
88590,Anita Garibaldi,SC,-27.6873,-51.1284
88598,Celso Ramos,SC,-27.6332,-51.3372
88600,Sao Joaquim,SC,-28.2892,-49.9341
88625,Urupema,SC,-27.9546,-49.8798
88640,Bom Jardim Da Serra,SC,-28.328,-49.6215
88650,Urubici,SC,-28.0022,-49.5869
88658,Rio Rufino,SC,-27.8633,-49.7821
88680,Bom Retiro,SC,-27.7984,-49.4886
88701,Tubarao,SC,-28.4871,-49.0092
88702,Tubarao,SC,-28.4908,-49.0257
88703,Tubarao,SC,-28.5323,-49.0568
88704,Tubarao,SC,-28.4759,-49.0117
88705,Tubarao,SC,-28.4789,-48.9959
88706,Tubarao,SC,-28.4828,-48.984
88708,Tubarao,SC,-28.4629,-49.0265
88710,Treze De Maio,SC,-28.5112,-49.1151
88715,Jaguaruna,SC,-28.6339,-49.0242
88717,Sangao,SC,-28.6596,-49.1127
88720,Pedras Grandes,SC,-28.4364,-49.1859
88725,Azambuja,SC,-28.4936,-49.2203
88730,Sao Ludgero,SC,-28.3294,-49.1766
88735,Gravatal,SC,-28.3285,-49.05
88740,Armazem,SC,-28.2598,-49.0178
88745,Capivari De Baixo,SC,-28.4436,-48.9565
88750,Braco Do Norte,SC,-28.2743,-49.1652
88760,Rio Fortuna,SC,-28.1352,-49.1131
88763,Santa Rosa De Lima,SC,-28.0379,-49.13
88765,Sao Martinho,SC,-28.166,-48.9783
88770,Imarui,SC,-28.341,-48.8187
88780,Imbituba,SC,-28.2319,-48.6793
88790,Laguna,SC,-28.4757,-48.7847
88798,Pescaria Brava,SC,-28.3883,-48.8729
88801,Criciuma,SC,-28.6768,-49.3694
88802,Criciuma,SC,-28.6829,-49.3702
88803,Criciuma,SC,-28.6951,-49.3734
88804,Criciuma,SC,-28.6912,-49.3871
88805,Criciuma,SC,-28.6985,-49.404
88806,Criciuma,SC,-28.6963,-49.4295
88807,Criciuma,SC,-28.7032,-49.4323
88808,Criciuma,SC,-28.7003,-49.455
88809,Criciuma,SC,-28.6814,-49.3881
88810,Criciuma,SC,-28.6665,-49.3836
88811,Criciuma,SC,-28.6719,-49.3609
88812,Criciuma,SC,-28.7662,-49.3534
88813,Criciuma,SC,-28.678,-49.3388
88814,Criciuma,SC,-28.7694,-49.4081
88815,Criciuma,SC,-28.692,-49.3476
88816,Criciuma,SC,-28.7174,-49.3553
88817,Criciuma,SC,-28.6739,-49.4158
88818,Criciuma,SC,-28.6608,-49.4242
88819,Criciuma,SC,-28.645,-49.4348
88820,Icara,SC,-28.716,-49.2997
88828,Balneario Rincao,SC,-28.8276,-49.2338
88830,Morro Da Fumaca,SC,-28.6515,-49.211
88835,Estacao Cocal,SC,-28.6068,-49.2516
88840,Urussanga,SC,-28.5237,-49.3184
88845,Cocal Do Sul,SC,-28.5989,-49.3252
88850,Forquilhinha,SC,-28.7531,-49.4754
88860,Sideropolis,SC,-28.6001,-49.4267
88862,Treviso,SC,-28.5076,-49.4596
88865,Nova Veneza,SC,-28.6535,-49.4995
88868,Nossa Senhora De Caravaggio,SC,-25.7791,-48.2601
88870,Orleans,SC,-28.3575,-49.2887
88880,Lauro Muller,SC,-28.3882,-49.4072
88890,Grao Para,SC,-28.1844,-49.2162
88900,Ararangua,SC,-28.9357,-49.4809
88901,Ararangua,SC,-28.944,-49.4992
88902,Ararangua,SC,-28.9673,-49.5195
88904,Ararangua,SC,-28.9531,-49.4994
88905,Ararangua,SC,-28.9459,-49.4838
88906,Ararangua,SC,-28.939,-49.4672
88910,Ararangua,SC,-29.0227,-49.6049
88911,Ararangua,SC,-28.9386,-49.3706
88914,Balneario Arroio Do Silva,SC,-28.9874,-49.4182
88915,Maracaja,SC,-28.86,-49.4515
88920,Meleiro,SC,-28.8346,-49.6318
88923,Sapiranga,SC,-28.8999,-49.547
88925,Morro Grande,SC,-28.8034,-49.7148
88930,Turvo,SC,-28.9274,-49.6786
88934,Morro Chato,SC,-28.6777,-49.1097
88935,Ermo,SC,-28.9742,-49.6397
88940,Timbe Do Sul,SC,-28.8321,-49.846
88950,Jacinto Machado,SC,-28.9991,-49.7618
88955,Balneario Gaivota,SC,-29.1624,-49.5932
88960,Sombrio,SC,-29.1085,-49.6352
88965,Santa Rosa Do Sul,SC,-29.1364,-49.7173
88970,Sao Joao Do Sul,SC,-29.2096,-49.801
88980,Passo De Torres,SC,-29.3153,-49.721
88990,Praia Grande,SC,-29.196,-49.951
89010,Blumenau,SC,-26.9223,-49.0658
89012,Blumenau,SC,-26.9101,-49.0745
89015,Blumenau,SC,-26.9106,-49.0432
89016,Blumenau,SC,-26.9108,-49.0932
89020,Blumenau,SC,-26.9286,-49.0584
89021,Blumenau,SC,-26.9378,-49.0638
89022,Blumenau,SC,-26.9476,-49.0707
89023,Blumenau,SC,-26.9499,-49.0769
89025,Blumenau,SC,-26.967,-49.0581
89026,Blumenau,SC,-26.9689,-49.0828
89027,Blumenau,SC,-26.9936,-49.0861
89030,Blumenau,SC,-26.8966,-49.0829
89031,Blumenau,SC,-26.889,-49.1021
89032,Blumenau,SC,-26.9021,-49.1367
89035,Blumenau,SC,-26.905,-49.0888
89036,Blumenau,SC,-26.9182,-49.094
89037,Blumenau,SC,-26.9052,-49.1006
89040,Blumenau,SC,-26.9216,-49.1222
89041,Blumenau,SC,-26.9145,-49.1123
89042,Blumenau,SC,-26.9117,-49.1307
89045,Blumenau,SC,-26.9325,-49.1191
89046,Blumenau,SC,-26.932,-49.142
89048,Blumenau,SC,-26.9136,-49.1054
89050,Blumenau,SC,-26.912,-49.0582
89051,Blumenau,SC,-26.8996,-49.0598
89052,Blumenau,SC,-26.891,-49.0737
89053,Blumenau,SC,-26.8773,-49.0814
89055,Blumenau,SC,-26.881,-49.0619
89056,Blumenau,SC,-26.8722,-49.0699
89057,Blumenau,SC,-26.8702,-49.0567
89058,Blumenau,SC,-26.8575,-49.0513
89060,Blumenau,SC,-26.844,-49.0678
89062,Blumenau,SC,-26.83,-49.0836
89063,Blumenau,SC,-26.7975,-49.0814
89065,Blumenau,SC,-26.8717,-49.1031
89066,Blumenau,SC,-26.8496,-49.1083
89068,Blumenau,SC,-26.8192,-49.0947
89069,Blumenau,SC,-26.7964,-49.0959
89070,Blumenau,SC,-26.8738,-49.128
89072,Blumenau,SC,-26.8821,-49.1563
89074,Blumenau,SC,-26.8553,-49.1486
89075,Blumenau,SC,-26.7375,-49.0792
89080,Indaial,SC,-26.9028,-49.2422
89082,Indaial,SC,-26.8949,-49.2509
89083,Indaial,SC,-26.8972,-49.2668
89084,Indaial,SC,-26.8808,-49.242
89085,Indaial,SC,-26.8712,-49.2383
89086,Indaial,SC,-26.8976,-49.2178
89087,Indaial,SC,-26.9151,-49.2261
89095,Blumenau,SC,-26.7255,-49.0736
89107,Pomerode,SC,-26.7329,-49.1701
89108,Massaranduba,SC,-26.6102,-49.0025
89110,Gaspar,SC,-26.9211,-48.9686
89111,Gaspar,SC,-26.9048,-49.0041
89112,Gaspar,SC,-26.9393,-48.9567
89113,Gaspar,SC,-26.924,-48.7027
89114,Gaspar,SC,-26.9351,-48.9379
89115,Gaspar,SC,-26.826,-48.9303
89116,Gaspar,SC,-26.9183,-48.9585
89117,Gaspar,SC,-26.8519,-49.0234
89118,Gaspar,SC,-26.8203,-49.0272
89120,Timbo,SC,-26.8276,-49.2704
89121,Rio Dos Cedros,SC,-26.7426,-49.2742
89124,Benedito Novo,SC,-26.7819,-49.3777
89126,Doutor Pedrinho,SC,-26.7338,-49.4797
89128,Luiz Alves,SC,-26.7191,-48.9962
89130,Indaial,SC,-26.8962,-49.2385
89135,Apiuna,SC,-27.0391,-49.3876
89136,Rodeio,SC,-26.8893,-49.3506
89138,Ascurra,SC,-26.9572,-49.3763
89140,Ibirama,SC,-27.0566,-49.5254
89143,Dalbergia,SC,-27.0404,-49.5881
89145,Jose Boiteux,SC,-26.9544,-49.6291
89148,Vitor Meireles,SC,-26.8756,-49.8368
89150,Presidente Getulio,SC,-27.0502,-49.6276
89155,Dona Emma,SC,-26.987,-49.7281
89157,Witmarsum,SC,-26.9221,-49.7904
89160,Rio Do Sul,SC,-27.2146,-49.6377
89161,Rio Do Sul,SC,-27.1947,-49.6021
89162,Rio Do Sul,SC,-27.1823,-49.6064
89163,Rio Do Sul,SC,-27.2041,-49.6498
89164,Rio Do Sul,SC,-27.2235,-49.66
89165,Rio Do Sul,SC,-27.2314,-49.6575
89167,Rio Do Sul,SC,-27.2263,-49.6401
89170,Laurentino,SC,-27.2212,-49.7315
89172,Pouso Redondo,SC,-27.2578,-49.9301
89176,Trombudo Central,SC,-27.3044,-49.7962
89178,Braco Do Trombudo,SC,-27.3637,-49.8875
89180,Rio Do Oeste,SC,-27.1961,-49.796
89182,Lontras,SC,-27.1687,-49.5393
89184,Presidente Nereu,SC,-27.2798,-49.3882
89186,Aurora,SC,-27.3147,-49.6368
89188,Agronomica,SC,-27.2686,-49.712
89190,Taio,SC,-27.1184,-49.9996
89194,Mirim Doce,SC,-27.1996,-50.0704
89196,Salete,SC,-26.9811,-50.0049
89198,Rio Do Campo,SC,-26.946,-50.1394
89199,Santa Terezinha,SC,-26.7723,-50.0061
89201,Joinville,SC,-26.3019,-48.8484
89202,Joinville,SC,-26.3128,-48.8435
89203,Joinville,SC,-26.3127,-48.8572
89204,Joinville,SC,-26.2873,-48.8518
89205,Joinville,SC,-26.3035,-48.825
89206,Joinville,SC,-26.3002,-48.8162
89207,Joinville,SC,-26.3231,-48.8295
89208,Joinville,SC,-26.3435,-48.8327
89209,Joinville,SC,-26.3534,-48.814
89210,Joinville,SC,-26.3334,-48.8334
89211,Joinville,SC,-26.3318,-48.8494
89212,Joinville,SC,-26.3448,-48.849
89213,Joinville,SC,-26.3368,-48.867
89214,Joinville,SC,-26.3283,-48.8803
89215,Joinville,SC,-26.334,-48.9003
89216,Joinville,SC,-26.2985,-48.8699
89217,Joinville,SC,-26.2871,-48.8737
89218,Joinville,SC,-26.2725,-48.8615
89219,Joinville,SC,-26.2513,-48.8708
89220,Joinville,SC,-26.2707,-48.8818
89221,Joinville,SC,-26.2819,-48.8399
89222,Joinville,SC,-26.2678,-48.8449
89223,Joinville,SC,-26.252,-48.8434
89224,Joinville,SC,-26.2645,-48.8073
89225,Joinville,SC,-26.2495,-48.8082
89226,Joinville,SC,-26.2312,-48.8186
89227,Joinville,SC,-26.2748,-48.8203
89228,Joinville,SC,-26.2801,-48.7965
89229,Joinville,SC,-26.3223,-48.8152
89230,Joinville,SC,-26.3327,-48.8047
89231,Joinville,SC,-26.3476,-48.7897
89232,Joinville,SC,-26.358,-48.8334
89233,Joinville,SC,-26.3705,-48.8391
89234,Joinville,SC,-26.3451,-48.7727
89235,Joinville,SC,-26.3693,-48.8237
89237,Joinville,SC,-26.2873,-48.9076
89239,Joinville,SC,-26.2002,-48.9066
89240,Sao Francisco Do Sul,SC,-26.2456,-48.6079
89245,Araquari,SC,-26.4074,-48.7581
89246,Itapocu,SC,-26.5463,-48.7138
89247,Balneario Barra Do Sul,SC,-26.4576,-48.6171
89248,Garuva,SC,-26.0346,-48.8535
89249,Itapoa,SC,-26.0765,-48.6111
89251,Jaragua Do Sul,SC,-26.4867,-49.0812
89252,Jaragua Do Sul,SC,-26.4857,-49.0967
89253,Jaragua Do Sul,SC,-26.498,-49.1036
89254,Jaragua Do Sul,SC,-26.471,-49.1157
89255,Jaragua Do Sul,SC,-26.4674,-49.0931
89256,Jaragua Do Sul,SC,-26.4813,-49.0585
89257,Jaragua Do Sul,SC,-26.4523,-49.0547
89258,Jaragua Do Sul,SC,-26.4916,-49.0521
89259,Jaragua Do Sul,SC,-26.5005,-49.0853
89260,Jaragua Do Sul,SC,-26.5124,-49.1331
89261,Jaragua Do Sul,SC,-26.5354,-49.1324
89262,Jaragua Do Sul,SC,-26.5271,-49.1346
89264,Jaragua Do Sul,SC,-26.5439,-49.1523
89265,Jaragua Do Sul,SC,-26.4586,-49.1713
89266,Jaragua Do Sul,SC,-26.434,-49.1387
89267,Jaraguá Do Sul,SC,-26.3664,-49.1251
89270,Guaramirim,SC,-26.4735,-48.9838
89275,Schroeder,SC,-26.4054,-49.0747
89278,Corupa,SC,-26.432,-49.2476
89280,Sao Bento Do Sul,SC,-26.2496,-49.3802
89281,Sao Bento Do Sul,SC,-26.2403,-49.3689
89282,Sao Bento Do Sul,SC,-26.2315,-49.3469
89283,Sao Bento Do Sul,SC,-26.2427,-49.3461
89284,Sao Bento Do Sul,SC,-26.2141,-49.3786
89285,Sao Bento Do Sul,SC,-26.2121,-49.4031
89286,Sao Bento Do Sul,SC,-26.2238,-49.4188
89287,Sao Bento Do Sul,SC,-26.2398,-49.3952
89288,Sao Bento Do Sul,SC,-26.2322,-49.4119
89289,Sao Bento Do Sul,SC,-26.2472,-49.45
89290,Sao Bento Do Sul,SC,-26.2582,-49.3792
89291,Sao Bento Do Sul,SC,-26.2775,-49.4
89292,Sao Bento Do Sul,SC,-26.2805,-49.367
89294,Campo Alegre,SC,-26.1721,-49.336
89295,Rio Negrinho,SC,-26.2561,-49.5215
89300,Mafra,SC,-26.1259,-49.8125
89340,Itaiopolis,SC,-26.3457,-49.9083
89370,Papanduva,SC,-26.4049,-50.1458
89380,Monte Castelo,SC,-26.4609,-50.2304
89384,Residencia Fuck,SC,-26.4556,-50.2391
89400,Porto Uniao,SC,-26.248,-51.0795
89410,Santa Cruz Do Timbo,SC,-26.529,-50.3422
89420,Matos Costa,SC,-26.4722,-51.1532
89430,Calmon,SC,-26.6029,-51.0991
89440,Irineopolis,SC,-26.2438,-50.7974
89460,Canoinhas,SC,-26.1784,-50.3917
89478,Bela Vista Do Toldo,SC,-26.2751,-50.4645
89480,Major Vieira,SC,-26.3658,-50.3269
89490,Tres Barras,SC,-26.123,-50.3162
89500,Cacador,SC,-26.7782,-51.0119
89501,Cacador,SC,-26.7991,-51.0002
89503,Cacador,SC,-26.7861,-51.0214
89504,Cacador,SC,-26.7757,-51.0295
89505,Cacador,SC,-26.7692,-51.0349
89506,Cacador,SC,-26.7658,-51.0172
89507,Cacador,SC,-26.7716,-51.0044
89509,Cacador,SC,-26.7812,-50.9872
89510,Cacador,SC,-26.7887,-50.9934
89511,Cacador,SC,-26.791,-50.9789
89515,Lebon Regis,SC,-26.9338,-50.6902
89518,Macieira,SC,-26.8554,-51.3758
89520,Curitibanos,SC,-27.2909,-50.5774
89530,Frei Rogerio,SC,-27.1762,-50.8015
89533,Sao Cristovao Do Sul,SC,-27.2401,-50.4406
89535,Ponte Alta Do Norte,SC,-27.1641,-50.4691
89540,Santa Cecilia,SC,-26.9603,-50.4183
89545,Timbo Grande,SC,-26.6128,-50.6791
89550,Rio Das Antas,SC,-26.8933,-51.0565
89555,Rio Das Antas,SC,-26.94,-51.1109
89558,Iomere,SC,-27.0019,-51.2403
89560,Videira,SC,-27.0045,-51.1525
89570,Pinheiro Preto,SC,-27.0476,-51.2306
89580,Fraiburgo,SC,-27.0298,-50.9212
89590,Arroio Trinta,SC,-26.9285,-51.3351
89595,Salto Veloso,SC,-26.9067,-51.4061
89600,Joacaba,SC,-27.1721,-51.509
89609,Luzerna,SC,-27.1301,-51.4688
89610,Herval D'Oeste,SC,-27.1736,-51.4926
89613,Erval Velho,SC,-27.2758,-51.4436
89618,Monte Carlo,SC,-27.2109,-50.973
89620,Campos Novos,SC,-27.3991,-51.2256
89633,Zortea,SC,-27.4558,-51.5517
89634,Brunopolis,SC,-27.3174,-50.8404
89636,Abdon Batista,SC,-27.6088,-51.0249
89638,Vargem,SC,-27.4921,-50.9761
89640,Ibicare,SC,-27.0909,-51.3688
89642,Tangara,SC,-27.1015,-51.2467
89650,Treze Tilias,SC,-26.9985,-51.4116
89652,Ibiam,SC,-27.1809,-51.2373
89654,Agua Doce,SC,-26.9979,-51.555
89660,Lacerdopolis,SC,-27.2631,-51.5647
89663,Ouro,SC,-27.3337,-51.6053
89665,Capinzal,SC,-27.3519,-51.6058
89667,Piratuba,SC,-27.421,-51.7752
89669,Ipira,SC,-27.4063,-51.7752
89670,Catanduvas,SC,-27.0703,-51.66
89675,Vargem Bonita,SC,-26.9869,-51.7535
89677,Jabora,SC,-27.1729,-51.7358
89680,Irani,SC,-27.0239,-51.8954
89683,Ponte Serrada,SC,-26.8725,-52.0153
89687,Passos Maia,SC,-26.7807,-52.0588
89690,Vargeao,SC,-26.8555,-52.15
89694,Faxinal Dos Guedes,SC,-26.8503,-52.2592
89700,Concordia,SC,-27.2307,-52.0244
89701,Concordia,SC,-27.2199,-52.0233
89703,Concordia,SC,-27.2211,-52.039
89705,Concordia,SC,-27.2309,-52.0455
89707,Concordia,SC,-27.2376,-52.0398
89708,Concordia,SC,-27.2422,-52.0312
89709,Concordia,SC,-27.2441,-52.0236
89710,Concordia,SC,-27.2384,-52.022
89711,Concordia,SC,-27.2306,-51.9983
89712,Concordia,SC,-27.2427,-51.9535
89713,Concordia,SC,-27.1902,-51.9389
89730,Alto Bela Vista,SC,-27.4317,-51.9068
89735,Lindoia Do Sul,SC,-27.0486,-52.083
89740,Arabuta,SC,-27.1584,-52.1424
89745,Presidente Castello Branco,SC,-27.2224,-51.8068
89750,Peritiba,SC,-27.3727,-51.9057
89760,Ita,SC,-27.2692,-52.3391
89765,Paial,SC,-27.255,-52.4995
89770,Seara,SC,-27.1608,-52.3154
89778,Arvoredo,SC,-27.0784,-52.4551
89780,Xavantina,SC,-27.0389,-52.3343
89790,Ipumirim,SC,-27.0753,-52.1364
89801,Chapeco,SC,-27.0994,-52.6101
89802,Chapeco,SC,-27.103,-52.6204
89803,Chapeco,SC,-27.0954,-52.6321
89804,Chapeco,SC,-27.0791,-52.6318
89805,Chapeco,SC,-27.0781,-52.6157
89806,Chapeco,SC,-27.0927,-52.5936
89809,Chapeco,SC,-27.0983,-52.6713
89810,Chapeco,SC,-27.0608,-52.6355
89812,Chapeco,SC,-27.1145,-52.6028
89813,Chapeco,SC,-27.1389,-52.5972
89814,Chapeco,SC,-27.1162,-52.616
89815,Chapeco,SC,-27.1223,-52.6243
89817,Guatambu,SC,-27.124,-52.7583
89818,Nova Itaberaba,SC,-26.9406,-52.8152
89819,Cordilheira Alta,SC,-26.9864,-52.6033
89820,Xanxere,SC,-26.8764,-52.404
89824,Bom Jesus,SC,-26.7342,-52.3902
89825,Xaxim,SC,-26.9594,-52.5317
89828,Lajeado Grande,SC,-26.8576,-52.5675
89830,Abelardo Luz,SC,-26.5654,-52.3253
89832,Ipuacu,SC,-26.6345,-52.4547
89834,Ouro Verde,SC,-26.693,-52.3097
89835,Sao Domingos,SC,-26.5599,-52.5334
89837,Coronel Martins,SC,-26.512,-52.6691
89838,Galvao,SC,-26.4554,-52.6881
89839,Jupia,SC,-26.3971,-52.7304
89840,Coronel Freitas,SC,-26.9069,-52.7031
89843,Aguas Frias,SC,-26.8812,-52.8602
89845,Uniao Do Oeste,SC,-26.7739,-52.8539
89848,Jardinopolis,SC,-26.7206,-52.8581
89850,Quilombo,SC,-26.7284,-52.719
89854,Santiago Do Sul,SC,-26.634,-52.6751
89855,Sul Brasil,SC,-26.7377,-52.966
89856,Irati,SC,-26.6561,-52.8951
89859,Formosa Do Sul,SC,-26.6476,-52.7934
89860,Marema,SC,-26.8029,-52.6266
89862,Entre Rios,SC,-26.7243,-52.5598
89865,Nova Erechim,SC,-26.9038,-52.9059
89868,Saudades,SC,-26.9254,-53.0043
89870,Pinhalzinho,SC,-26.8479,-52.9872
89871,Serra Alta,SC,-26.7245,-53.0437
89872,Modelo,SC,-26.7752,-53.0546
89874,Maravilha,SC,-26.7674,-53.1845
89875,Tigrinhos,SC,-26.6857,-53.1567
89878,Flor Do Sertao,SC,-26.7797,-53.3454
89879,Sao Miguel Da Boa Vista,SC,-26.6919,-53.2542
89880,Caxambu Do Sul,SC,-27.1571,-52.8854
89882,Planalto Alegre,SC,-27.0714,-52.8661
89883,Aguas De Chapeco,SC,-27.074,-52.9848
89885,Sao Carlos,SC,-27.0808,-53.0057
89886,Cunhatai,SC,-26.9742,-53.0921
89887,Palmitos,SC,-27.0714,-53.1624
89888,Caibi,SC,-27.0743,-53.2494
89890,Cunha Pora,SC,-26.8911,-53.1717
89891,Iraceminha,SC,-26.8231,-53.2816
89893,Mondai,SC,-27.1016,-53.4004
89895,Riqueza,SC,-27.0596,-53.3261
89896,Itapiranga,SC,-27.1714,-53.7148
89897,Sao Joao Do Oeste,SC,-27.1982,-53.3194
89898,Tunapolis,SC,-26.9713,-53.6389
89899,Ipora Do Oeste,SC,-26.988,-53.5323
89900,Sao Miguel Do Oeste,SC,-26.7334,-53.5175
89905,Bandeirante,SC,-26.7676,-53.6401
89906,Paraiso,SC,-26.6225,-53.6756
89908,Romelandia,SC,-26.6763,-53.3197
89909,Barra Bonita,SC,-26.6549,-53.4389
89910,Descanso,SC,-26.8244,-53.5026
89915,Santa Helena,SC,-26.9324,-53.6157
89920,Guaraciaba,SC,-26.599,-53.5212
89925,Belmonte,SC,-26.8435,-53.5804
89930,Sao Jose Do Cedro,SC,-26.4544,-53.5031
89935,Princesa,SC,-26.4423,-53.6016
89940,Guaruja Do Sul,SC,-26.3879,-53.5276
89950,Dionisio Cerqueira,SC,-26.2585,-53.6361
89970,Anchieta,SC,-26.5366,-53.3314
89980,Campo Ere,SC,-26.3954,-53.0804
89982,Sao Bernardino,SC,-26.4733,-52.9647
89983,Santa Terezinha Do Progresso,SC,-26.602,-53.1683
89985,Palma Sola,SC,-26.3484,-53.2774
89990,Sao Lourenco Do Oeste,SC,-26.3632,-52.8507
89998,Novo Horizonte,SC,-26.4508,-52.8299
90001,Porto Alegre,RS,-30.0284,-51.2306
90002,Porto Alegre,RS,-30.0284,-51.2306
90010,Porto Alegre,RS,-30.0332,-51.2314
90013,Porto Alegre,RS,-30.0373,-51.2367
90018,Porto Alegre,RS,-30.0295,-51.2324
90020,Porto Alegre,RS,-30.0306,-51.2277
90022,Porto Alegre,RS,-30.899,-51.7733
90027,Porto Alegre,RS,-30.0301,-51.2303
90029,Porto Alegre,RS,-30.032,-51.236
90030,Porto Alegre,RS,-30.0268,-51.2218
90035,Porto Alegre,RS,-30.0313,-51.2128
90038,Porto Alegre,RS,-30.0263,-51.2225
90040,Porto Alegre,RS,-30.0412,-51.2137
90050,Porto Alegre,RS,-30.0396,-51.2226
90090,Porto Alegre,RS,-30.0132,-51.2572
90110,Porto Alegre,RS,-30.0497,-51.2271
90119,Porto Alegre,RS,-30.0415,-51.2288
90120,Porto Alegre,RS,-30.0378,-51.1802
90130,Porto Alegre,RS,-30.0522,-51.2209
90150,Porto Alegre,RS,-30.0526,-51.2217
90160,Porto Alegre,RS,-30.051,-51.218
90169,Porto Alegre,RS,-30.0484,-51.2177
90170,Porto Alegre,RS,-30.0442,-51.2258
90200,Porto Alegre,RS,-29.9829,-51.1687
90220,Porto Alegre,RS,-30.0211,-51.2097
90230,Porto Alegre,RS,-30.0082,-51.2013
90231,Porto Alegre,RS,-30.0098,-51.2017
90240,Porto Alegre,RS,-30.0041,-51.1963
90241,Porto Alegre,RS,-30.0059,-51.2047
90245,Porto Alegre,RS,-29.984,-51.1935
90250,Porto Alegre,RS,-29.9816,-51.1886
90251,Porto Alegre,RS,-29.9738,-51.1916
90410,Porto Alegre,RS,-30.0413,-51.1861
90420,Porto Alegre,RS,-30.0358,-51.2012
90430,Porto Alegre,RS,-30.0297,-51.2025
90440,Porto Alegre,RS,-30.0277,-51.1946
90450,Porto Alegre,RS,-30.029,-51.1892
90460,Porto Alegre,RS,-30.04,-51.1872
90470,Porto Alegre,RS,-30.0335,-51.1805
90480,Porto Alegre,RS,-30.0264,-51.1804
90510,Porto Alegre,RS,-30.0246,-51.1999
90520,Porto Alegre,RS,-30.0161,-51.1789
90540,Porto Alegre,RS,-30.0175,-51.1896
90550,Porto Alegre,RS,-30.0136,-51.1902
90560,Porto Alegre,RS,-30.0207,-51.2007
90570,Porto Alegre,RS,-30.022,-51.2025
90610,Porto Alegre,RS,-30.0508,-51.1951
90619,Porto Alegre,RS,-30.0571,-51.1742
90620,Porto Alegre,RS,-30.0499,-51.2019
90630,Porto Alegre,RS,-30.0436,-51.1951
90640,Porto Alegre,RS,-30.0528,-51.2035
90650,Porto Alegre,RS,-30.0547,-51.1996
90660,Porto Alegre,RS,-30.0652,-51.1998
90670,Porto Alegre,RS,-30.0488,-51.1887
90680,Porto Alegre,RS,-30.0647,-51.1923
90690,Porto Alegre,RS,-30.0505,-51.1799
90771,Porto Alegre,RS,-30.1581,-51.2142
90810,Porto Alegre,RS,-30.078,-51.2396
90820,Porto Alegre,RS,-30.0905,-51.2355
90830,Porto Alegre,RS,-30.0899,-51.2268
90840,Porto Alegre,RS,-30.0775,-51.2228
90850,Porto Alegre,RS,-30.0658,-51.226
90870,Porto Alegre,RS,-30.074,-51.2092
90880,Porto Alegre,RS,-30.0608,-51.2161
91010,Porto Alegre,RS,-30.0101,-51.1663
91020,Porto Alegre,RS,-30.0036,-51.1919
91030,Porto Alegre,RS,-30.007,-51.1749
91040,Porto Alegre,RS,-30.0057,-51.1605
91050,Porto Alegre,RS,-30.0044,-51.152
91060,Porto Alegre,RS,-30.0027,-51.1456
91110,Porto Alegre,RS,-30.0001,-51.1365
91120,Porto Alegre,RS,-29.9845,-51.1301
91130,Porto Alegre,RS,-30.0044,-51.1311
91140,Porto Alegre,RS,-29.9881,-51.1178
91150,Porto Alegre,RS,-30.0033,-51.1187
91160,Porto Alegre,RS,-29.9956,-51.1025
91170,Porto Alegre,RS,-30.0,-51.0963
91175,Porto Alegre,RS,-29.9759,-51.1959
91180,Porto Alegre,RS,-30.0103,-51.1061
91210,Porto Alegre,RS,-30.038,-51.1446
91215,Porto Alegre,RS,-30.0305,-51.1404
91220,Porto Alegre,RS,-30.019,-51.1375
91225,Porto Alegre,RS,-30.0346,-51.1463
91230,Porto Alegre,RS,-30.0183,-51.1255
91240,Porto Alegre,RS,-30.023,-51.1166
91250,Porto Alegre,RS,-30.0226,-51.1051
91260,Porto Alegre,RS,-30.0387,-51.1219
91263,Porto Alegre,RS,-30.0451,-51.1061
91270,Porto Alegre,RS,-30.0333,-51.1123
91280,Porto Alegre,RS,-30.0449,-51.097
91310,Porto Alegre,RS,-30.0419,-51.1514
91320,Porto Alegre,RS,-30.0335,-51.1514
91330,Porto Alegre,RS,-30.0336,-51.1626
91340,Porto Alegre,RS,-30.0222,-51.1691
91349,Porto Alegre,RS,-30.0253,-51.1633
91350,Porto Alegre,RS,-30.0155,-51.1627
91360,Porto Alegre,RS,-30.0202,-51.1547
91370,Porto Alegre,RS,-30.0159,-51.1486
91380,Porto Alegre,RS,-30.0164,-51.1435
91410,Porto Alegre,RS,-30.0501,-51.1669
91420,Porto Alegre,RS,-30.0456,-51.1611
91430,Porto Alegre,RS,-30.0508,-51.1427
91440,Porto Alegre,RS,-30.0599,-51.1462
91450,Porto Alegre,RS,-30.0468,-51.136
91501,Porto Alegre,RS,-30.0765,-51.1249
91509,Porto Alegre,RS,-30.0765,-51.1249
91510,Porto Alegre,RS,-30.0713,-51.1778
91520,Porto Alegre,RS,-30.0681,-51.1669
91530,Porto Alegre,RS,-30.0611,-51.1595
91540,Porto Alegre,RS,-30.0815,-51.1302
91550,Porto Alegre,RS,-30.0935,-51.1362
91560,Porto Alegre,RS,-30.1197,-51.1076
91570,Porto Alegre,RS,-30.1108,-51.107
91710,Porto Alegre,RS,-30.0775,-51.1932
91712,Porto Alegre,RS,-30.0962,-51.1797
91720,Porto Alegre,RS,-30.0861,-51.2101
91740,Porto Alegre,RS,-30.1087,-51.2223
91750,Porto Alegre,RS,-30.1257,-51.2086
91751,Porto Alegre,RS,-30.1308,-51.218
91755,Porto Alegre,RS,-30.1604,-51.1954
91760,Porto Alegre,RS,-30.1307,-51.2337
91770,Porto Alegre,RS,-30.1511,-51.2174
91771,Porto Alegre,RS,-30.1576,-51.2155
91778,Porto Alegre,RS,-30.175,-51.1817
91780,Porto Alegre,RS,-30.1979,-51.1813
91781,Porto Alegre,RS,-30.1857,-51.1744
91782,Porto Alegre,RS,-30.214,-51.1269
91785,Porto Alegre,RS,-30.2011,-51.131
91786,Porto Alegre,RS,-30.1865,-51.1435
91787,Porto Alegre,RS,-30.1575,-51.1565
91788,Porto Alegre,RS,-30.1528,-51.1656
91790,Porto Alegre,RS,-30.1532,-51.1433
91791,Porto Alegre,RS,-30.1476,-51.1271
91792,Porto Alegre,RS,-30.1531,-51.141
91793,Porto Alegre,RS,-30.1484,-51.1465
91795,Porto Alegre,RS,-30.1536,-51.1488
91796,Porto Alegre,RS,-30.1706,-51.081
91798,Porto Alegre,RS,-30.1787,-51.1428
91810,Porto Alegre,RS,-30.0857,-51.2475
91900,Porto Alegre,RS,-30.1076,-51.2505
91901,Porto Alegre (Tristeza / Vila Assunção),RS,-30.1012,-51.2454
91910,Porto Alegre,RS,-30.1031,-51.2426
91920,Porto Alegre,RS,-30.1118,-51.2439
92010,Canoas,RS,-29.917,-51.1798
92020,Canoas,RS,-29.917,-51.1718
92022,Canoas,RS,-29.9162,-51.1578
92025,Canoas,RS,-29.9241,-51.1616
92027,Canoas,RS,-29.9269,-51.1464
92030,Canoas,RS,-29.9194,-51.1451
92031,Canoas,RS,-29.9125,-51.1502
92032,Canoas,RS,-29.9122,-51.1439
92035,Canoas,RS,-29.9137,-51.1265
92110,Canoas,RS,-29.9373,-51.17
92120,Canoas,RS,-29.9498,-51.1685
92130,Canoas,RS,-29.9555,-51.1632
92200,Canoas,RS,-29.9548,-51.1859
92310,Canoas,RS,-29.9162,-51.1882
92314,Canoas,RS,-29.9202,-51.1837
92320,Canoas,RS,-29.9228,-51.1992
92323,Canoas,RS,-29.9252,-51.1952
92325,Canoas,RS,-29.9075,-51.223
92330,Canoas,RS,-29.9019,-51.2125
92340,Canoas,RS,-29.9039,-51.1854
92410,Canoas,RS,-29.8987,-51.1629
92412,Canoas,RS,-29.897,-51.1467
92415,Canoas,RS,-29.9027,-51.1409
92420,Canoas,RS,-29.8853,-51.1782
92425,Canoas,RS,-29.8825,-51.1542
92440,Canoas,RS,-29.9053,-51.1414
92441,Canoas,RS,-29.8861,-51.1367
92480,Nova Santa Rita,RS,-29.8609,-51.2728
92500,Guaiba,RS,-30.1214,-51.3363
92850,Sertao Santana,RS,-30.461,-51.602
92900,Mariana Pimentel,RS,-30.3546,-51.5842
92990,Eldorado Do Sul,RS,-30.0157,-51.3286
93010,Sao Leopoldo,RS,-29.7666,-51.147
93020,Sao Leopoldo,RS,-29.7792,-51.1485
93022,Sao Leopoldo,RS,-29.7921,-51.1502
93025,Sao Leopoldo,RS,-29.7675,-51.1601
93030,Sao Leopoldo,RS,-29.7749,-51.1387
93032,Sao Leopoldo,RS,-29.7765,-51.1307
93035,Sao Leopoldo,RS,-29.7863,-51.1301
93037,Sao Leopoldo,RS,-29.7938,-51.1306
93040,Sao Leopoldo,RS,-29.7692,-51.1302
93042,Sao Leopoldo,RS,-29.7639,-51.1193
93044,Sao Leopoldo,RS,-29.7749,-51.1183
93046,Sao Leopoldo,RS,-29.7742,-51.1139
93048,Sao Leopoldo,RS,-29.7639,-51.1103
93050,Sao Leopoldo,RS,-29.7566,-51.1089
93052,Sao Leopoldo,RS,-29.7511,-51.1003
93054,Sao Leopoldo,RS,-29.7562,-51.0954
93056,Sao Leopoldo,RS,-29.7623,-51.0915
93110,Sao Leopoldo,RS,-29.752,-51.1487
93113,Sao Leopoldo,RS,-29.7494,-51.1432
93115,Sao Leopoldo,RS,-29.7383,-51.1426
93120,Sao Leopoldo,RS,-29.7347,-51.1571
93125,Sao Leopoldo,RS,-29.7044,-51.159
93130,Sao Leopoldo,RS,-29.7481,-51.157
93135,Sao Leopoldo,RS,-29.7363,-51.1685
93140,Sao Leopoldo,RS,-29.7266,-51.1719
93145,Sao Leopoldo,RS,-29.7183,-51.182
93150,Sao Leopoldo,RS,-29.7011,-51.1942
93180,Portao,RS,-29.6942,-51.2332
93210,Sapucaia Do Sul,RS,-29.8258,-51.1567
93211,Sapucaia Do Sul,RS,-29.7977,-51.1858
93212,Sapucaia Do Sul,RS,-29.8114,-51.1727
93214,Sapucaia Do Sul,RS,-29.8224,-51.1595
93216,Sapucaia Do Sul,RS,-29.8158,-51.1547
93218,Sapucaia Do Sul,RS,-29.8146,-51.1465
93219,Sapucaia Do Sul,RS,-29.8022,-51.1318
93220,Sapucaia Do Sul,RS,-29.829,-51.1507
93222,Sapucaia Do Sul,RS,-29.8196,-51.1371
93224,Sapucaia Do Sul,RS,-29.8331,-51.1378
93225,Sapucaia Do Sul,RS,-29.8321,-51.1301
93226,Sapucaia Do Sul,RS,-29.8392,-51.1466
93228,Sapucaia Do Sul,RS,-29.8459,-51.1332
93230,Sapucaia Do Sul,RS,-29.845,-51.1266
93234,Sapucaia Do Sul,RS,-29.8585,-51.1066
93260,Esteio,RS,-29.8446,-51.1685
93265,Esteio,RS,-29.8523,-51.1702
93270,Esteio,RS,-29.8456,-51.1829
93280,Esteio,RS,-29.8502,-51.1558
93285,Esteio,RS,-29.8588,-51.1564
93290,Esteio,RS,-29.8566,-51.1425
93295,Esteio,RS,-29.8596,-51.1314
93310,Novo Hamburgo,RS,-29.6827,-51.1374
93315,Novo Hamburgo,RS,-29.6763,-51.1342
93320,Novo Hamburgo,RS,-29.7048,-51.1323
93330,Novo Hamburgo,RS,-29.7194,-51.1409
93332,Novo Hamburgo,RS,-29.713,-51.1372
93334,Novo Hamburgo,RS,-29.7066,-51.1414
93336,Novo Hamburgo,RS,-29.6942,-51.1377
93340,Novo Hamburgo,RS,-29.6913,-51.149
93344,Novo Hamburgo,RS,-29.6837,-51.1514
93346,Novo Hamburgo,RS,-29.6744,-51.1535
93347,Novo Hamburgo,RS,-29.6829,-51.1654
93348,Novo Hamburgo,RS,-29.6747,-51.1472
93351,Novo Hamburgo,RS,-29.644,-51.1388
93410,Novo Hamburgo,RS,-29.6943,-51.1267
93415,Novo Hamburgo,RS,-29.7066,-51.1219
93420,Novo Hamburgo,RS,-29.7292,-51.1329
93425,Novo Hamburgo,RS,-29.7211,-51.1145
93490,Novo Hamburgo,RS,-29.7537,-51.0485
93510,Novo Hamburgo,RS,-29.6824,-51.1235
93520,Novo Hamburgo,RS,-29.6745,-51.1261
93525,Novo Hamburgo,RS,-29.6687,-51.1179
93530,Novo Hamburgo,RS,-29.6532,-51.1077
93534,Novo Hamburgo,RS,-29.6678,-51.105
93537,Novo Hamburgo,RS,-29.6715,-51.0944
93540,Novo Hamburgo,RS,-29.6809,-51.1035
93542,Novo Hamburgo,RS,-29.6843,-51.093
93544,Novo Hamburgo,RS,-29.6956,-51.0882
93546,Novo Hamburgo,RS,-29.6991,-51.1006
93548,Novo Hamburgo,RS,-29.6889,-51.1144
93600,Estancia Velha,RS,-29.6558,-51.1718
93601,Estância Velha,RS,-29.6439,-51.167
93602,Estância Velha,RS,-29.6454,-51.1731
93604,Estancia Velha,RS,-29.6501,-51.2208
93607,Estancia Velha,RS,-11.2747,-37.4424
93608,Estancia Velha,RS,-28.7713,-50.4641
93609,Estância Velha,RS,-29.2071,-50.8119
93610,Estancia Velha,RS,-29.6549,-51.1698
93611,Estancia Velha,RS,-29.7003,-51.173
93612,Estancia Velha,RS,-29.6679,-51.193
93614,Estancia Velha,RS,-29.6581,-51.1878
93615,Estancia Velha,RS,-29.6815,-51.1843
93616,Estancia Velha,RS,-29.663,-51.2132
93700,Campo Bom,RS,-29.677,-51.0604
93800,Sapiranga,RS,-29.6366,-51.0078
93801,Sapiranga,RS,-29.6172,-50.9964
93804,Sapiranga,RS,-29.6389,-51.0226
93805,Sapiranga,RS,-29.6478,-51.0255
93806,Sapiranga,RS,-29.6514,-51.0024
93807,Sapiranga,RS,-29.663,-50.9992
93815,Sapiranga,RS,-29.6546,-50.9829
93819,Sapiranga,RS,-29.6338,-50.9949
93820,Sapiranga,RS,-29.6267,-50.9809
93821,Sapiranga,RS,-29.6316,-50.975
93822,Sapiranga,RS,-29.6292,-50.9603
93880,Ararica,RS,-29.6204,-50.9277
93890,Nova Hartz,RS,-29.5884,-50.9007
93900,Ivoti,RS,-29.6053,-51.1643
93940,Lindolfo Collor,RS,-29.5973,-51.2094
93945,Presidente Lucena,RS,-29.5183,-51.1797
93950,Dois Irmaos,RS,-29.5872,-51.0912
93990,Morro Reuter,RS,-29.5395,-51.0826
93995,Santa Maria Do Herval,RS,-29.4942,-50.9773
94010,Gravatai,RS,-29.9405,-50.9921
94015,Gravatai,RS,-29.9314,-50.9918
94020,Gravatai,RS,-29.9349,-51.0023
94025,Gravatai,RS,-29.9323,-51.0021
94030,Gravatai,RS,-29.9394,-51.0145
94035,Gravatai,RS,-29.944,-50.9993
94040,Gravatai,RS,-29.9398,-51.0292
94045,Gravatai,RS,-29.946,-51.0231
94050,Gravatai,RS,-29.9397,-51.0447
94055,Gravatai,RS,-29.9409,-51.0349
94060,Gravatai,RS,-29.9391,-51.0516
94065,Gravatai,RS,-29.945,-51.0487
94070,Gravatai,RS,-29.9387,-51.0688
94071,Gravatai,RS,-29.9358,-51.0682
94075,Gravatai,RS,-29.9378,-51.0633
94080,Gravatai,RS,-29.9232,-51.0648
94085,Gravatai,RS,-29.9205,-51.0597
94090,Gravatai,RS,-29.9286,-51.0515
94100,Gravatai,RS,-29.905,-51.0275
94110,Gravatai,RS,-29.9116,-51.0608
94120,Gravatai,RS,-29.9135,-51.0505
94130,Gravatai,RS,-29.9223,-51.0366
94135,Gravatai,RS,-29.9257,-51.0402
94140,Gravatai,RS,-29.9133,-51.034
94150,Gravatai,RS,-29.9308,-51.0248
94155,Gravatai,RS,-29.9215,-51.0176
94170,Gravatai,RS,-29.9211,-50.9997
94175,Gravatai,RS,-29.8882,-50.9985
94180,Gravatai,RS,-29.9402,-50.958
94185,Gravatai,RS,-29.9452,-50.9719
94190,Gravatai,RS,-29.9545,-50.9743
94195,Gravatai,RS,-29.9478,-50.9522
94196,Gravatai,RS,-29.8971,-50.8989
94197,Gravatai,RS,-29.9238,-50.9283
94198,Gravatai,RS,-29.9213,-50.9083
94199,Gravatai,RS,-29.9243,-50.9643
94370,Fagundes Varela,RS,-28.9814,-51.7012
94380,Glorinha,RS,-29.8812,-50.7835
94410,Viamao,RS,-30.0836,-51.0218
94415,Viamao,RS,-30.0732,-51.024
94416,Viamao,RS,-30.0675,-51.0253
94420,Viamao,RS,-30.026,-51.0244
94425,Viamao,RS,-30.079,-51.0039
94430,Viamao,RS,-30.0992,-51.0214
94435,Viamao,RS,-30.0848,-51.0401
94440,Viamao,RS,-30.0841,-51.0517
94445,Viamao,RS,-30.0984,-51.0596
94450,Viamao,RS,-30.0877,-51.0709
94451,Viamao,RS,-30.0778,-51.0533
94455,Viamao,RS,-30.1052,-51.0673
94460,Viamao,RS,-30.1138,-51.0748
94463,Viamao,RS,-30.138,-50.8669
94465,Viamao,RS,-30.1237,-51.086
94470,Viamao,RS,-30.0885,-51.0847
94475,Viamao,RS,-30.0737,-51.0931
94480,Viamao,RS,-30.0655,-51.1043
94490,Viamao,RS,-30.0614,-51.1005
94495,Viamao,RS,-30.057,-51.0912
94500,Viamao,RS,-30.0675,-51.1114
94505,Viamao,RS,-30.1346,-51.0701
94510,Viamao,RS,-30.0574,-51.0794
94515,Viamao,RS,-30.0734,-51.05
94760,Aguas Claras,RS,-28.0003,-49.1755
94770,Capao Da Porteira,RS,-30.0928,-50.6944
94810,Alvorada,RS,-30.0065,-51.0795
94814,Alvorada,RS,-30.0038,-51.073
94818,Alvorada,RS,-30.0044,-51.0544
94820,Alvorada,RS,-29.9917,-51.0815
94824,Alvorada,RS,-29.9916,-51.0731
94828,Alvorada,RS,-29.9929,-51.059
94830,Alvorada,RS,-29.9853,-51.0329
94834,Alvorada,RS,-29.9931,-51.0455
94836,Alvorada,RS,-29.9912,-51.0187
94838,Alvorada,RS,-30.0168,-51.048
94850,Alvorada,RS,-30.0204,-51.0795
94852,Alvorada,RS,-30.0077,-51.0494
94853,Alvorada,RS,-30.0214,-51.0612
94855,Alvorada,RS,-30.0394,-51.0566
94856,Alvorada,RS,-30.0429,-51.065
94858,Alvorada,RS,-30.0321,-51.073
94859,Alvorada,RS,-30.0322,-51.0822
94901,Cachoeirinha,RS,-29.9508,-51.1005
94910,Cachoeirinha,RS,-29.9527,-51.0978
94920,Cachoeirinha,RS,-29.957,-51.1023
94930,Cachoeirinha,RS,-29.9411,-51.1075
94931,Cachoeirinha,RS,-29.484,-50.8024
94935,Cachoeirinha,RS,-29.9427,-51.0965
94940,Cachoeirinha,RS,-29.936,-51.0883
94945,Cachoeirinha,RS,-29.9283,-51.0808
94950,Cachoeirinha,RS,-29.9465,-51.0801
94955,Cachoeirinha,RS,-29.916,-51.0758
94960,Cachoeirinha,RS,-29.9127,-51.0848
94965,Cachoeirinha,RS,-29.905,-51.0703
94967,Cachoeirinha,RS,-29.9116,-51.0751
94970,Cachoeirinha,RS,-29.8872,-51.0908
95010,Caxias Do Sul,RS,-29.1701,-51.1862
95012,Caxias Do Sul,RS,-29.1727,-51.2107
95013,Caxias Do Sul,RS,-29.1629,-51.2038
95020,Caxias Do Sul,RS,-29.1663,-51.1783
95030,Caxias Do Sul,RS,-29.1542,-51.2173
95032,Caxias Do Sul,RS,-29.148,-51.2019
95034,Caxias Do Sul,RS,-29.1602,-51.1893
95040,Caxias Do Sul,RS,-29.1543,-51.174
95041,Caxias Do Sul,RS,-29.1512,-51.1816
95042,Caxias Do Sul,RS,-29.1351,-51.1788
95043,Caxias Do Sul,RS,-29.1427,-51.1822
95044,Caxias Do Sul,RS,-29.1386,-51.1971
95045,Caxias Do Sul,RS,-29.1273,-51.1745
95046,Caxias Do Sul,RS,-29.108,-51.1918
95047,Caxias Do Sul,RS,-29.1206,-51.1822
95050,Caxias Do Sul,RS,-29.154,-51.1648
95052,Caxias Do Sul,RS,-29.1536,-51.1634
95054,Caxias Do Sul,RS,-29.1575,-51.155
95055,Caxias Do Sul,RS,-29.1511,-51.1429
95057,Caxias Do Sul,RS,-29.1395,-51.1402
95058,Caxias Do Sul,RS,-29.1279,-51.1199
95059,Caxias Do Sul,RS,-29.116,-51.1256
95060,Caxias Do Sul,RS,-29.129,-51.121
95062,Caxias Do Sul,RS,-29.0941,-51.0773
95065,Caxias Do Sul,RS,-29.0798,-51.1058
95070,Caxias Do Sul,RS,-29.1674,-51.1548
95072,Caxias Do Sul,RS,-29.1733,-51.1518
95074,Caxias Do Sul,RS,-29.1704,-51.1403
95076,Caxias Do Sul,RS,-29.1782,-51.1487
95080,Caxias Do Sul,RS,-29.1737,-51.1818
95082,Caxias Do Sul,RS,-29.1778,-51.1733
95084,Caxias Do Sul,RS,-29.1721,-51.1727
95086,Caxias Do Sul,RS,-29.1834,-51.1668
95088,Caxias Do Sul,RS,-29.1954,-51.1671
95090,Caxias Do Sul,RS,-29.2276,-51.1605
95095,Caxias Do Sul,RS,-29.2,-51.2003
95096,Caxias Do Sul,RS,-29.1779,-51.1899
95097,Caxias Do Sul,RS,-29.18,-51.1897
95098,Caxias Do Sul,RS,-29.1907,-51.1873
95099,Caxias Do Sul,RS,-29.1782,-51.1974
95100,Caxias Do Sul,RS,-29.1742,-51.1851
95110,Caxias Do Sul,RS,-29.1909,-51.2302
95112,Caxias Do Sul,RS,-29.1708,-51.231
95115,Caxias Do Sul,RS,-29.2133,-51.2778
95124,Caxias Do Sul,RS,-29.0973,-51.1283
95125,Fazenda Souza,RS,-29.1253,-51.0147
95150,Nova Petropolis,RS,-29.3751,-51.1082
95160,Pinhal Alto,RS,-29.4054,-51.0364
95166,Picada Cafe,RS,-29.4552,-51.1392
95170,Farroupilha,RS,-29.4052,-51.3258
95171,Farroupilha,RS,-29.2287,-51.3648
95172,Farroupilha,RS,-29.219,-51.351
95173,Farroupilha,RS,-29.2742,-51.3262
95174,Farroupilha,RS,-29.2067,-51.3469
95175,Picada Cafe,RS,-29.4445,-51.1324
95176,Farroupilha,RS,-29.2173,-51.3406
95177,Farroupilha,RS,-29.214,-51.3254
95178,Farroupilha,RS,-29.2568,-51.4294
95179,Farroupilha,RS,-29.2372,-51.3257
95180,Farroupilha,RS,-29.2271,-51.3487
95181,Farroupilha,RS,-29.2283,-51.35
95182,Nova Milano,RS,-29.2763,-51.3377
95183,Nova Sardenha,RS,-29.2411,-51.4116
95184,Jansen,RS,-29.1336,-51.3722
95185,Carlos Barbosa,RS,-29.2981,-51.5026
95186,Arco Verde,RS,-29.3503,-51.5479
95190,Sao Marcos,RS,-28.9689,-51.0687
95200,Vacaria,RS,-28.506,-50.9382
95230,Muitos Capoes,RS,-28.3188,-51.1855
95236,Monte Alegre Dos Campos,RS,-28.6841,-50.7825
95240,Ipe,RS,-28.8019,-51.2899
95250,Antonio Prado,RS,-28.8568,-51.2841
95255,Campestre Da Serra,RS,-28.7886,-51.0953
95260,Nova Roma Do Sul,RS,-28.9872,-51.4079
95270,Flores Da Cunha,RS,-29.0353,-51.1832
95272,Otavio Rocha,RS,-29.0585,-51.2613
95275,Nova Pádua,RS,-29.0276,-51.3091
95280,Sao Jose Dos Ausentes,RS,-28.7365,-50.0508
95290,Bom Jesus,RS,-28.6714,-50.4341
95300,Lagoa Vermelha,RS,-28.2119,-51.5252
95305,Ibiraiaras,RS,-28.3714,-51.637
95310,Andre Da Rocha,RS,-28.6328,-51.5735
95315,Caseiros,RS,-28.271,-51.6968
95320,Nova Prata,RS,-28.7823,-51.6092
95325,Vista Alegre Do Prata,RS,-28.8082,-51.783
95330,Veranopolis,RS,-28.9367,-51.5496
95333,Fagundes Varela,RS,-28.8808,-51.6982
95334,Vila Flores,RS,-28.8602,-51.5526
95335,Cotipora,RS,-28.9929,-51.6975
95340,Nova Bassano,RS,-28.7328,-51.7046
95345,Protasio Alves,RS,-28.7592,-51.4751
95350,Nova Araca,RS,-28.6596,-51.7486
95355,Guabiju,RS,-28.5425,-51.6914
95360,Parai,RS,-28.5967,-51.7869
95365,Sao Jorge,RS,-28.5022,-51.705
95370,Barracao,RS,-27.6775,-51.4577
95380,Esmeralda,RS,-28.057,-51.1896
95390,Pinhal Da Serra,RS,-30.2337,-50.2336
95400,Sao Francisco De Paula,RS,-29.44,-50.5815
95420,Jaquirana,RS,-28.884,-50.3578
95480,Cambara Do Sul,RS,-29.0535,-50.1457
95485,Osvaldo Kroeff,RS,-28.9767,-50.0633
95500,Santo Antonio Da Patrulha,RS,-29.8331,-50.5201
95515,Caraa,RS,-29.7916,-50.4373
95520,Osorio,RS,-29.8956,-50.2557
95528,Santa Luzia,RS,-29.9741,-50.1995
95530,Maquine,RS,-29.658,-50.2101
95535,Terra De Areia,RS,-29.5797,-50.0646
95538,Itati,RS,-29.4599,-50.1343
95540,Palmares Do Sul,RS,-30.2708,-50.4976
95548,Quintao,RS,-30.2544,-50.3589
95552,Capivari Do Sul,RS,-30.1438,-50.5114
95555,Capao Da Canoa,RS,-29.7332,-50.0072
95556,Capao Novo,RS,-29.6582,-49.9592
95558,Curumim,RS,-29.6258,-49.9373
95560,Torres,RS,-29.3411,-49.7449
95568,Dom Pedro De Alcantara,RS,-29.3721,-49.8538
95572,Mampituba,RS,-29.2114,-49.9312
95575,Tres Forquilhas,RS,-29.5356,-50.0368
95577,Morrinhos Do Sul,RS,-29.3518,-49.9401
95580,Tres Cachoeiras,RS,-29.4537,-49.9216
95585,Arroio Do Sal,RS,-29.5409,-49.8853
95588,Xangri-La,RS,-29.8037,-50.0466
95589,Rainha Do Mar,RS,-29.852,-50.0669
95590,Tramandai,RS,-30.0054,-50.1498
95595,Cidreira,RS,-30.1812,-50.2137
95599,Balneario Pinhal,RS,-30.2438,-50.2632
95600,Taquara,RS,-29.6507,-50.7824
95601,Taquara,RS,-29.6615,-50.7831
95603,Taquara,RS,-29.6638,-50.7764
95605,Taquara,RS,-29.6609,-50.7691
95607,Taquara,RS,-29.6514,-50.771
95609,Taquara,RS,-29.6406,-50.7714
95611,Taquara,RS,-29.6437,-50.78
95612,Taquara,RS,-29.6419,-50.7879
95625,Imbe,RS,-29.9498,-50.1191
95630,Parobe,RS,-29.6317,-50.8346
95650,Igrejinha,RS,-29.572,-50.7947
95660,Tres Coroas,RS,-29.5114,-50.7812
95670,Gramado,RS,-29.3817,-50.874
95680,Canela,RS,-29.3605,-50.8103
95690,Rolante,RS,-29.6496,-50.5729
95695,Riozinho,RS,-29.6418,-50.4589
95700,Bento Goncalves,RS,-29.1703,-51.5158
95701,Bento Goncalves,RS,-29.1728,-51.5284
95702,Bento Goncalves,RS,-29.1821,-51.5
95703,Bento Goncalves,RS,-29.1679,-51.5049
95705,Bento Goncalves,RS,-29.1557,-51.5131
95706,Bento Goncalves,RS,-29.1543,-51.4934
95707,Bento Goncalves,RS,-29.1548,-51.5315
95708,Bento Goncalves,RS,-29.1383,-51.5266
95709,Bento Goncalves,RS,-29.1229,-51.541
95710,Tuiuti,RS,-29.204,-51.5313
95711,Vale Dos Vinhedos,RS,-29.1752,-51.5693
95717,Pinto Bandeira,RS,-29.1068,-51.4599
95718,Monte Belo Do Sul,RS,-29.1632,-51.637
95720,Garibaldi,RS,-29.2539,-51.5282
95726,Coronel Pilar,RS,-29.2724,-51.6803
95727,Boa Vista Do Sul,RS,-29.3465,-51.6731
95730,Barao,RS,-29.3764,-51.4991
95735,Roca Sales,RS,-29.2866,-51.8725
95740,Poco Das Antas,RS,-29.4511,-51.6734
95745,Capela De Santana,RS,-29.6813,-51.3212
95748,Sao Jose Do Sul,RS,-29.5415,-51.4218
95750,Salvador Do Sul,RS,-29.4414,-51.5106
95755,Sao Jose Do Hortencio,RS,-29.5407,-51.2533
95758,Sao Pedro Da Serra,RS,-29.437,-51.7129
95760,Sao Sebastiao Do Cai,RS,-29.5878,-51.3619
95765,Bom Principio,RS,-29.4806,-51.3592
95768,Linha Nova,RS,-29.4622,-51.2016
95770,Feliz,RS,-29.4527,-51.3022
95773,Alto Feliz,RS,-29.3952,-51.31
95775,Tupandi,RS,-29.4855,-51.4173
95778,Vale Real,RS,-29.3903,-51.2472
95780,Montenegro,RS,-29.6878,-51.468
95783,Pareci Novo,RS,-29.6374,-51.404
95785,Harmonia,RS,-29.5502,-51.4214
95790,Brochier,RS,-29.5599,-51.591
95793,Marata,RS,-29.5486,-51.5591
95795,Sao Vendelino,RS,-29.3738,-51.3728
95800,Venancio Aires,RS,-29.6111,-52.1933
95820,General Camara,RS,-29.9077,-51.7722
95833,Vale Verde,RS,-29.7826,-52.1856
95835,Mato Leitao,RS,-29.5249,-52.1281
95840,Triunfo,RS,-29.9306,-51.7074
95853,Vale Verde,RS,-29.7514,-52.1412
95860,Taquari,RS,-29.7926,-51.8612
95863,Tabai,RS,-29.6875,-51.7199
95865,Paverama,RS,-29.5538,-51.7416
95870,Bom Retiro Do Sul,RS,-29.6007,-51.9342
95875,Fazenda Vilanova,RS,-29.5858,-51.8291
95880,Estrela,RS,-29.4977,-51.9584
95885,Imigrante,RS,-29.3452,-51.7666
95890,Teutonia,RS,-29.4812,-51.8082
95893,Westfalia,RS,-29.4226,-51.7633
95895,Colinas,RS,-29.3883,-51.869
95900,Lajeado,RS,-29.4606,-51.9667
95901,Lajeado,RS,-29.4726,-51.9857
95902,Lajeado,RS,-29.4782,-51.9791
95903,Lajeado,RS,-29.4601,-52.0226
95904,Lajeado,RS,-29.4581,-51.9964
95905,Lajeado,RS,-29.4499,-51.9878
95906,Lajeado,RS,-29.4363,-52.0259
95907,Lajeado,RS,-29.4321,-52.0483
95908,Lajeado,RS,-29.4321,-52.0201
95910,Lajeado,RS,-29.4308,-51.9938
95911,Lajeado,RS,-29.4247,-52.0057
95912,Lajeado,RS,-29.4373,-51.9736
95913,Lajeado,RS,-29.4466,-51.9612
95914,Lajeado,RS,-29.4387,-51.9564
95915,Santa Clara Do Sul,RS,-29.4675,-52.0877
95918,Serio,RS,-29.3842,-52.2709
95920,Boqueirao Do Leao,RS,-29.3024,-52.4297
95923,Marques De Souza,RS,-29.3199,-52.1017
95925,Progresso,RS,-29.2413,-52.3188
95930,Cruzeiro Do Sul,RS,-29.5123,-51.9922
95933,Canudos Do Vale,RS,-29.3236,-52.2339
95935,Capitao,RS,-29.2706,-51.9883
95937,Forquetinha,RS,-29.3755,-52.111
95940,Arroio Do Meio,RS,-29.3949,-51.9452
95945,Pouso Novo,RS,-29.1572,-52.2229
95948,Travesseiro,RS,-29.3116,-52.0629
95950,Nova Brescia,RS,-29.2148,-52.0257
95955,Coqueiro Baixo,RS,-29.1805,-52.0893
95960,Encantado,RS,-29.2361,-51.8752
95965,Relvado,RS,-29.1121,-52.0706
95967,Doutor Ricardo,RS,-29.0912,-51.9866
95970,Mucum,RS,-29.1655,-51.873
95972,Vespasiano Correa,RS,-29.0686,-51.8612
95975,Putinga,RS,-29.0014,-52.1572
95980,Anta Gorda,RS,-28.9721,-52.0075
95985,Nova Alvorada,RS,-28.677,-52.1649
95990,Ilopolis,RS,-28.9279,-52.1266
95995,Arvorezinha,RS,-28.8719,-52.1801
95997,Itapuca,RS,-28.7826,-52.1725
96010,Pelotas,RS,-31.7723,-52.3392
96015,Pelotas,RS,-31.7627,-52.3383
96020,Pelotas,RS,-31.7555,-52.3413
96025,Pelotas,RS,-31.7714,-52.3558
96030,Pelotas,RS,-31.7606,-52.371
96040,Pelotas,RS,-31.7492,-52.3747
96045,Pelotas,RS,-31.7481,-52.3909
96050,Pelotas,RS,-31.7403,-52.3921
96055,Pelotas,RS,-31.7376,-52.3368
96060,Pelotas,RS,-31.726,-52.3229
96065,Pelotas,RS,-31.7198,-52.3523
96070,Pelotas,RS,-31.6973,-52.3391
96071,Pelotas,RS,-31.7015,-52.3148
96072,Pelotas,RS,-31.652,-52.3326
96075,Pelotas,RS,-31.7683,-52.327
96076,Pelotas,RS,-31.7655,-52.3205
96077,Pelotas,RS,-31.7571,-52.3177
96080,Pelotas,RS,-31.7511,-52.3232
96081,Pelotas,RS,-31.7383,-52.3141
96083,Pelotas,RS,-31.7589,-52.272
96085,Pelotas,RS,-31.7506,-52.3063
96087,Pelotas,RS,-31.7197,-52.3055
96090,Pelotas,RS,-31.7599,-52.2355
96095,Pelotas,RS,-31.7346,-52.2148
96100,Santa Vitoria Do Palmar,RS,-33.5258,-53.3646
96115,Monte Bonito,RS,-31.6388,-52.4155
96130,Colônia Z-3,RS,-31.6982,-52.1561
96145,Quilombo,RS,-31.5122,-52.44
96148,Turucu,RS,-31.414,-52.1716
96150,Morro Redondo,RS,-31.5922,-52.6243
96155,Arroio Do Padre,RS,-31.4415,-52.4182
96160,Capao Do Leao,RS,-31.7664,-52.4613
96170,Sao Lourenco Do Sul,RS,-31.3644,-51.9786
96178,Arambare,RS,-30.9121,-51.5016
96180,Camaqua,RS,-30.8541,-51.8085
96190,Dom Feliciano,RS,-30.7039,-52.108
96193,Chuvisca,RS,-30.7492,-51.9809
96195,Cristal,RS,-31.0013,-52.048
96200,Rio Grande,RS,-32.0346,-52.0972
96201,Rio Grande,RS,-32.0382,-52.0848
96202,Rio Grande,RS,-32.0485,-52.1129
96203,Rio Grande,RS,-32.0792,-52.156
96204,Rio Grande,RS,-32.1378,-52.1091
96205,Rio Grande,RS,-32.1775,-52.1644
96206,Rio Grande,RS,-32.1762,-52.1618
96207,Rio Grande,RS,-32.1841,-52.1562
96208,Rio Grande,RS,-32.1862,-52.1717
96209,Rio Grande,RS,-32.1958,-52.18
96210,Rio Grande,RS,-32.1949,-52.1754
96211,Rio Grande,RS,-32.0403,-52.1162
96212,Rio Grande,RS,-32.0525,-52.1422
96213,Rio Grande,RS,-32.0767,-52.1705
96214,Rio Grande,RS,-32.0798,-52.1794
96215,Rio Grande,RS,-32.0947,-52.1836
96216,Rio Grande,RS,-32.1053,-52.174
96217,Rio Grande,RS,-32.1601,-52.1807
96222,Rio Grande,RS,-32.0817,-52.2248
96223,Rio Grande,RS,-32.0258,-52.1968
96225,Sao Jose Do Norte,RS,-31.9648,-52.0071
96230,Santa Vitoria Do Palmar,RS,-33.5129,-53.3497
96255,Chui,RS,-33.6899,-53.4602
96270,Mostardas,RS,-31.103,-50.9134
96290,Tavares,RS,-31.2843,-51.0872
96300,Jaguarao,RS,-32.5611,-53.3781
96310,Herval,RS,-32.0249,-53.3929
96330,Arroio Grande,RS,-32.2357,-53.0789
96360,Pedro Osorio,RS,-31.8668,-52.8217
96395,Cerrito,RS,-31.8515,-52.8092
96400,Bage,RS,-31.3273,-54.1065
96402,Bage,RS,-31.3293,-54.1217
96405,Bage,RS,-31.3092,-54.1295
96407,Bage,RS,-31.3112,-54.1179
96408,Bage,RS,-31.3083,-54.1116
96410,Bage,RS,-31.2952,-54.1332
96412,Bage,RS,-31.3177,-54.0917
96413,Bage,RS,-31.3078,-54.0757
96415,Bage,RS,-31.3329,-54.0901
96418,Bage,RS,-31.3388,-54.0783
96419,Bage,RS,-31.335,-54.0642
96420,Bage,RS,-31.3523,-54.0925
96422,Bage,RS,-31.3591,-54.112
96425,Bage,RS,-31.3422,-54.1211
96439,Colonia Nova,RS,-31.6669,-54.0708
96445,Acegua,RS,-31.7644,-54.1485
96450,Dom Pedrito,RS,-30.9791,-54.67
96460,Hulha Negra,RS,-31.4017,-53.8764
96470,Pinheiro Machado,RS,-31.5786,-53.3825
96487,Pedras Altas,RS,-31.7336,-53.5863
96490,Piratini,RS,-31.4378,-53.1035
96495,Candiota,RS,-31.5015,-53.6907
96501,Cachoeira Do Sul,RS,-30.0343,-52.901
96503,Cachoeira Do Sul,RS,-30.0231,-52.9123
96504,Cachoeira Do Sul,RS,-30.0055,-52.9188
96505,Cachoeira Do Sul,RS,-30.011,-52.9034
96506,Cachoeira Do Sul,RS,-30.0417,-52.8955
96508,Cachoeira Do Sul,RS,-30.0463,-52.8908
96530,Paraiso Do Sul,RS,-29.7238,-53.1792
96535,Cerro Branco,RS,-29.666,-52.9446
96540,Agudo,RS,-29.6433,-53.2459
96545,Novo Cabrais,RS,-29.7374,-52.9539
96550,Cortado,RS,-29.7372,-52.9506
96570,Cacapava Do Sul,RS,-30.5138,-53.4892
96590,Santana Da Boa Vista,RS,-30.8731,-53.1145
96600,Cangucu,RS,-31.3956,-52.6771
96610,Encruzilhada Do Sul,RS,-30.5447,-52.5237
96635,Amaral Ferrador,RS,-30.8742,-52.2532
96640,Rio Pardo,RS,-29.9798,-52.3747
96685,Passo Do Sobrado,RS,-29.7512,-52.2728
96690,Pantano Grande,RS,-30.1947,-52.3669
96700,Sao Jeronimo,RS,-29.9633,-51.7198
96735,Barao Do Triunfo,RS,-30.3979,-51.7468
96740,Arroio Dos Ratos,RS,-30.0899,-51.7315
96745,Charqueadas,RS,-29.9627,-51.6186
96750,Butia,RS,-30.1199,-51.9625
96755,Minas Do Leao,RS,-30.1395,-52.0449
96760,Tapes,RS,-30.6741,-51.3979
96765,Sentinela Do Sul,RS,-30.6163,-51.5807
96770,Cerro Grande Do Sul,RS,-30.5951,-51.7523
96790,Barra Do Ribeiro,RS,-30.2983,-51.309
96810,Santa Cruz Do Sul,RS,-29.7172,-52.4308
96814,Santa Cruz Do Sul,RS,-29.7139,-52.4448
96815,Santa Cruz Do Sul,RS,-29.7036,-52.4225
96816,Santa Cruz Do Sul,RS,-29.6949,-52.4425
96817,Santa Cruz Do Sul,RS,-29.6882,-52.4485
96820,Santa Cruz Do Sul,RS,-29.7044,-52.4256
96821,Santa Cruz Do Sul,RS,-29.6795,-52.4095
96822,Santa Cruz Do Sul,RS,-29.6767,-52.4005
96823,Santa Cruz Do Sul,RS,-29.693,-52.4124
96824,Santa Cruz Do Sul,RS,-29.7045,-52.3998
96825,Santa Cruz Do Sul,RS,-29.7178,-52.4185
96830,Santa Cruz Do Sul,RS,-29.7359,-52.4172
96832,Santa Cruz Do Sul,RS,-29.7491,-52.4097
96835,Santa Cruz Do Sul,RS,-29.7508,-52.4217
96836,Santa Cruz Do Sul,RS,-29.7625,-52.4156
96840,Santa Cruz Do Sul,RS,-29.7416,-52.4331
96842,Santa Cruz Do Sul,RS,-29.7655,-52.4406
96843,Santa Cruz Do Sul,RS,-29.7386,-52.4448
96845,Santa Cruz Do Sul,RS,-29.7248,-52.4428
96859,Monte Alverne,RS,-29.6333,-52.3895
96875,Gramado Xavier,RS,-29.2695,-52.5783
96878,Vale Do Sol,RS,-29.6072,-52.6809
96880,Vera Cruz,RS,-29.7162,-52.506
96888,Herveiras,RS,-29.4558,-52.6487
96890,Sinimbu,RS,-29.5305,-52.5221
96900,Sobradinho,RS,-29.4168,-53.0266
96908,Passa Sete,RS,-29.441,-52.9578
96910,Segredo,RS,-29.3341,-52.9715
96920,Lagoa Bonita Do Sul,RS,-29.4966,-53.0359
96925,Ibarama,RS,-29.4223,-53.1273
96930,Candelaria,RS,-29.6704,-52.7891
96950,Arroio Do Tigre,RS,-29.3335,-52.9951
96990,Estrela Velha,RS,-29.1829,-53.1594
97010,Santa Maria,RS,-29.6843,-53.8138
97015,Santa Maria,RS,-29.6926,-53.8123
97020,Santa Maria,RS,-29.6925,-53.8259
97021,Santa Maria,RS,-29.6959,-53.8324
97030,Santa Maria,RS,-29.7067,-53.8722
97032,Santa Maria,RS,-29.6988,-53.8735
97035,Santa Maria,RS,-29.6929,-53.8511
97037,Santa Maria,RS,-29.683,-53.8547
97040,Santa Maria,RS,-29.6737,-53.8321
97043,Santa Maria,RS,-29.6738,-53.8184
97045,Santa Maria,RS,-29.6742,-53.8032
97050,Santa Maria,RS,-29.6894,-53.7983
97060,Santa Maria,RS,-29.7033,-53.8008
97065,Santa Maria,RS,-29.721,-53.8003
97070,Santa Maria,RS,-29.716,-53.8157
97090,Santa Maria,RS,-29.6757,-53.7906
97095,Santa Maria,RS,-29.6965,-53.7716
97105,Santa Maria,RS,-29.7069,-53.718
97110,Santa Maria,RS,-29.7,-53.7327
97180,Dilermando De Aguiar,RS,-29.7063,-54.2049
97185,Itaara,RS,-29.5968,-53.768
97190,Sao Martinho Da Serra,RS,-29.5398,-53.8549
97195,Silveira Martins,RS,-29.6453,-53.5838
97200,Restinga Seca,RS,-29.813,-53.3756
97210,Formigueiro,RS,-29.9992,-53.5005
97220,Faxinal Do Soturno,RS,-29.5752,-53.4451
97230,Sao Joao Do Polesine,RS,-29.6208,-53.4506
97250,Nova Palma,RS,-29.4686,-53.4587
97280,Dona Francisca,RS,-29.6239,-53.3565
97300,Sao Gabriel,RS,-30.3364,-54.3237
97306,São Gabriel,RS,-30.3548,-54.3342
97310,São Gabriel,RS,-30.3336,-54.3338
97313,Sao Gabriel,RS,-30.3278,-54.3261
97314,Sao Gabriel,RS,-30.3216,-54.314
97335,Santa Margarida Do Sul,RS,-30.3857,-54.0767
97340,Sao Sepe,RS,-30.165,-53.5704
97385,Vila Nova Do Sul,RS,-30.2047,-53.341
97390,Lavras Do Sul,RS,-30.8111,-53.9007
97400,Sao Pedro Do Sul,RS,-29.5546,-54.2112
97410,Mata,RS,-29.5615,-54.4566
97418,Toropi,RS,-29.4715,-54.2276
97420,Sao Vicente Do Sul,RS,-29.6929,-54.6813
97450,Cacequi,RS,-29.8835,-54.8263
97500,Uruguaiana,RS,-29.7689,-57.0863
97501,Uruguaiana,RS,-29.7558,-57.0881
97502,Uruguaiana,RS,-29.7622,-57.079
97503,Uruguaiana,RS,-29.7737,-57.0961
97504,Uruguaiana,RS,-29.7797,-57.0918
97507,Uruguaiana,RS,-29.776,-57.0767
97508,Uruguaiana,RS,-29.7885,-57.0894
97509,Uruguaiana,RS,-29.8314,-57.0281
97510,Uruguaiana,RS,-29.7628,-57.082
97511,Uruguaiana,RS,-29.7677,-57.0602
97513,Uruguaiana,RS,-29.7691,-57.0564
97538,Barra Do Quarai,RS,-30.2086,-57.5509
97541,Alegrete,RS,-29.7807,-55.7904
97542,Alegrete,RS,-29.7844,-55.7922
97543,Alegrete,RS,-29.7965,-55.804
97544,Alegrete,RS,-29.7917,-55.807
97545,Alegrete,RS,-29.8043,-55.8047
97546,Alegrete,RS,-29.7913,-55.7681
97547,Alegrete,RS,-29.8006,-55.7537
97560,Quarai,RS,-30.3833,-56.4519
97571,Santana Do Livramento,RS,-30.8617,-55.5466
97572,Santana Do Livramento,RS,-30.8742,-55.5316
97573,Santana Do Livramento,RS,-30.8878,-55.5372
97574,Santana Do Livramento,RS,-30.8951,-55.5254
97575,Santana Do Livramento,RS,-30.8951,-55.4949
97576,Santana Do Livramento,RS,-30.8894,-55.5106
97577,Santana Do Livramento,RS,-30.8769,-55.5122
97578,Santana Do Livramento,RS,-30.8681,-55.4846
97590,Rosario Do Sul,RS,-30.2549,-54.9203
97610,Sao Francisco De Assis,RS,-29.551,-55.1267
97640,Manoel Viana,RS,-29.5736,-55.4838
97645,Macambara,RS,-29.1477,-56.0661
97650,Itaqui,RS,-29.1327,-56.552
97670,Sao Borja,RS,-28.6544,-56.0054
97685,Itacurubi,RS,-28.7978,-55.235
97690,Garruchos,RS,-28.1856,-55.6399
97700,Santiago,RS,-29.1865,-54.8675
97753,Capao Do Cipo,RS,-28.9435,-54.5633
97755,Unistalda,RS,-29.0474,-55.1531
97760,Jaguari,RS,-29.4961,-54.6868
97770,Nova Esperanca Do Sul,RS,-29.4208,-54.9062
97800,Sao Luiz Gonzaga,RS,-28.4057,-54.9574
97843,Rolador,RS,-28.2626,-54.8284
97845,Dezesseis De Novembro,RS,-28.2247,-55.0505
97850,Bossoroca,RS,-28.7273,-54.9108
97870,Santo Antonio Das Missoes,RS,-28.5077,-55.2316
97880,Sao Nicolau,RS,-28.185,-55.2615
97885,Pirapo,RS,-28.0464,-55.1999
97900,Cerro Largo,RS,-28.1466,-54.7379
97920,Sao Pedro Do Butia,RS,-28.1246,-54.8934
97930,Caibate,RS,-28.29,-54.6399
97935,Mato Queimado,RS,-28.2548,-54.6181
97940,Salvador Das Missoes,RS,-28.1098,-54.8407
97950,Guarani Das Missoes,RS,-28.1437,-54.5584
97960,Sete De Setembro,RS,-28.1287,-54.4591
97970,Roque Gonzales,RS,-28.1303,-55.0216
97980,Sao Paulo Das Missoes,RS,-28.0215,-54.938
98005,Cruz Alta,RS,-28.6431,-53.6074
98010,Cruz Alta,RS,-28.6501,-53.6164
98015,Cruz Alta,RS,-28.6336,-53.6218
98020,Cruz Alta,RS,-28.6241,-53.6121
98025,Cruz Alta,RS,-28.635,-53.6044
98030,Cruz Alta,RS,-28.6325,-53.5875
98035,Cruz Alta,RS,-28.6451,-53.5861
98040,Cruz Alta,RS,-28.6512,-53.5888
98045,Cruz Alta,RS,-28.6762,-53.61
98050,Cruz Alta,RS,-28.6542,-53.5995
98118,Boa Vista Do Cadeado,RS,-28.5776,-53.8137
98120,Boa Vista Do Incra,RS,-28.8187,-53.3868
98125,Fortaleza Dos Valos,RS,-28.7963,-53.2284
98130,Julio De Castilhos,RS,-29.231,-53.6785
98140,Quevedos,RS,-29.3484,-54.0732
98150,Pinhal Grande,RS,-29.3369,-53.3447
98160,Ivora,RS,-29.5205,-53.5779
98170,Tupancireta,RS,-29.0813,-53.8371
98175,Jari,RS,-29.2896,-54.2194
98180,Joia,RS,-28.6584,-54.1178
98200,Ibiruba,RS,-28.6292,-53.099
98230,Quinze De Novembro,RS,-28.7431,-53.0985
98240,Santa Barbara Do Sul,RS,-28.3679,-53.2528
98250,Saldanha Marinho,RS,-28.3957,-53.0879
98270,Pejucara,RS,-28.4194,-53.6541
98280,Panambi,RS,-28.2935,-53.5022
98290,Condor,RS,-28.2073,-53.4848
98300,Palmeira Das Missoes,RS,-27.8985,-53.3111
98320,Lajeado Do Bugre,RS,-27.692,-53.179
98325,Sao Jose Das Missoes,RS,-27.7836,-53.1234
98330,Sagrada Familia,RS,-27.7003,-53.1346
98335,Boa Vista Das Missoes,RS,-27.6615,-53.3168
98338,Novo Barreiro,RS,-27.9118,-53.1148
98340,Cerro Grande,RS,-27.6083,-53.1662
98345,Pinhal,RS,-27.5125,-53.2145
98350,Jaboticaba,RS,-27.6382,-53.2804
98360,Rodeio Bonito,RS,-27.4733,-53.1705
98368,Cristal Do Sul,RS,-27.4552,-53.2463
98370,Novo Tiradentes,RS,-27.5627,-53.1841
98380,Seberi,RS,-27.482,-53.4014
98385,Dois Irmaos Das Missoes,RS,-27.6614,-53.5247
98390,Erval Seco,RS,-27.5512,-53.5083
98400,Frederico Westphalen,RS,-27.3562,-53.396
98410,Taquarucu Do Sul,RS,-27.3996,-53.4669
98415,Vista Alegre,RS,-27.3697,-53.4927
98430,Palmitinho,RS,-27.3533,-53.558
98435,Pinheirinho Do Vale,RS,-27.2127,-53.6195
98440,Caicara,RS,-27.2726,-53.4382
98450,Vicente Dutra,RS,-27.1675,-53.4025
98460,Irai,RS,-27.1955,-53.2552
98465,Ametista Do Sul,RS,-27.3658,-53.1786
98470,Planalto,RS,-27.3322,-53.0589
98480,Alpestre,RS,-27.2504,-53.0356
98500,Tenente Portela,RS,-27.3711,-53.7586
98528,Derrubadas,RS,-27.2651,-53.8635
98530,Barra Do Guarita,RS,-27.1917,-53.7096
98535,Vista Gaucha,RS,-27.2887,-53.7012
98540,Miraguai,RS,-27.4914,-53.686
98550,Redentora,RS,-27.6515,-53.6392
98560,Braga,RS,-27.6166,-53.7409
98570,Campo Novo,RS,-27.677,-53.8071
98575,Bom Progresso,RS,-27.5526,-53.8633
98580,Coronel Bicaco,RS,-27.7172,-53.7093
98590,Santo Augusto,RS,-27.853,-53.778
98595,Sao Valerio Do Sul,RS,-27.7866,-53.9362
98600,Tres Passos,RS,-27.4545,-53.9337
98620,Padre Gonzales,RS,-27.434,-53.9612
98635,Esperanca Do Sul,RS,-27.3525,-54.0014
98640,Crissiumal,RS,-27.4979,-54.0998
98670,Humaita,RS,-27.5655,-53.9696
98675,Sede Nova,RS,-27.635,-53.9488
98680,Tiradentes Do Sul,RS,-27.3931,-54.088
98690,Sao Martinho,RS,-27.7093,-53.9638
98700,Ijui,RS,-28.3878,-53.9159
98733,Bozano,RS,-28.3558,-53.7507
98735,Coronel Barros,RS,-28.3948,-54.0676
98740,Augusto Pestana,RS,-28.5152,-53.9941
98750,Ajuricaba,RS,-28.2377,-53.7634
98758,Nova Ramada,RS,-28.0841,-53.7015
98760,Chiapetta,RS,-27.9188,-53.9406
98765,Inhacora,RS,-27.8818,-54.0179
98770,Catuipe,RS,-28.2526,-54.0135
98780,Santa Rosa,RS,-27.8694,-54.1744
98781,Santa Rosa,RS,-27.8597,-54.4887
98785,Santa Rosa,RS,-27.8512,-54.475
98787,Santa Rosa,RS,-27.8969,-54.4019
98789,Santa Rosa,RS,-27.8654,-54.4368
98790,Santa Rosa,RS,-27.8562,-54.4445
98792,Santa Rosa,RS,-27.88,-54.4716
98794,Santa Rosa,RS,-27.8829,-54.4816
98796,Santa Rosa,RS,-27.8744,-54.4954
98801,Santo Angelo,RS,-28.3049,-54.2649
98802,Santo Angelo,RS,-28.2901,-54.27
98803,Santo Angelo,RS,-28.2906,-54.2625
98804,Santo Angelo,RS,-28.312,-54.2612
98805,Santo Angelo,RS,-28.2979,-54.2453
98807,Santo Angelo,RS,-28.3,-54.244
98825,Buriti,RS,-28.2968,-54.3935
98850,Vitoria Das Missoes,RS,-28.3524,-54.5013
98855,Entre-Ijuis,RS,-28.364,-54.2682
98860,Eugenio De Castro,RS,-28.5276,-54.146
98865,Sao Miguel Das Missoes,RS,-28.5721,-54.5463
98870,Girua,RS,-28.0297,-54.3499
98895,Senador Salgado Filho,RS,-28.0258,-54.5445
98898,Ubiretama,RS,-28.0448,-54.6804
98900,Santa Rosa,RS,-27.8654,-54.4701
98905,Alegria,RS,-27.8084,-54.0453
98910,Tres De Maio,RS,-27.7766,-54.2355
98915,Independencia,RS,-27.8535,-54.1905
98918,Boa Vista Do Burica,RS,-27.6687,-54.1111
98919,Nova Candelaria,RS,-27.6082,-54.1098
98920,Horizontina,RS,-27.6273,-54.3104
98925,Doutor Mauricio Cardoso,RS,-27.507,-54.3639
98930,Tucunduva,RS,-27.6581,-54.4398
98940,Tuparendi,RS,-27.7505,-54.4899
98947,Porto Maua,RS,-27.5722,-54.6688
98950,Alecrim,RS,-27.6582,-54.7669
98955,Novo Machado,RS,-27.5615,-54.5004
98958,Sao Jose Do Inhacora,RS,-28.121,-54.0495
98960,Santo Cristo,RS,-27.8263,-54.665
98970,Candido Godoi,RS,-27.9493,-54.7522
98975,Campina Das Missoes,RS,-27.9868,-54.841
98980,Porto Lucena,RS,-27.8559,-55.0165
98985,Porto Vera Cruz,RS,-27.7357,-54.9002
98995,Porto Xavier,RS,-27.9068,-55.1391
99001,Passo Fundo,RS,-28.2347,-52.4236
99010,Passo Fundo,RS,-28.2708,-52.5409
99020,Passo Fundo,RS,-28.2504,-52.4106
99022,Passo Fundo,RS,-28.2432,-52.4167
99025,Passo Fundo,RS,-28.2646,-52.4254
99030,Passo Fundo,RS,-28.2643,-52.4371
99032,Passo Fundo,RS,-28.2613,-52.4431
99034,Passo Fundo,RS,-28.2713,-52.4528
99036,Passo Fundo,RS,-28.2834,-52.4338
99040,Passo Fundo,RS,-28.2498,-52.4266
99042,Passo Fundo,RS,-28.2411,-52.4377
99043,Passo Fundo,RS,-28.2266,-52.4675
99050,Passo Fundo,RS,-28.2441,-52.3877
99051,Passo Fundo,RS,-28.2532,-52.4566
99052,Passo Fundo,RS,-28.2333,-52.3726
99054,Passo Fundo,RS,-28.2606,-52.3756
99060,Passo Fundo,RS,-28.2758,-52.375
99062,Passo Fundo,RS,-28.2797,-52.3849
99064,Passo Fundo,RS,-28.2849,-52.3672
99066,Passo Fundo,RS,-28.2768,-52.397
99070,Passo Fundo,RS,-28.2644,-52.3925
99072,Passo Fundo,RS,-28.2709,-52.4061
99074,Passo Fundo,RS,-28.2727,-52.3957
99140,Ernestina,RS,-28.5001,-52.5659
99145,Coxilha,RS,-28.1269,-52.2968
99150,Marau,RS,-28.4459,-52.2028
99155,Vila Maria,RS,-28.5403,-52.1582
99160,Gentil,RS,-28.3612,-52.0397
99165,Camargo,RS,-28.5895,-52.2043
99170,Sertao,RS,-27.9839,-52.2585
99175,Nicolau Vergueiro,RS,-28.535,-52.4616
99180,Mato Castelhano,RS,-28.2786,-52.1909
99190,Pontao,RS,-28.0613,-52.677
99200,Guapore,RS,-28.848,-51.8917
99215,Uniao Da Serra,RS,-28.7589,-52.0116
99220,Dois Lajeados,RS,-28.983,-51.8362
99240,Sao Valentim Do Sul,RS,-29.0493,-51.766
99250,Serafina Correa,RS,-28.7128,-51.9341
99255,Montauri,RS,-28.6534,-52.0759
99260,Casca,RS,-28.5657,-51.9746
99265,Santo Antônio Do Palma,RS,-28.4994,-52.5479
99270,Sao Domingos Do Sul,RS,-28.5395,-51.8774
99290,Vanini,RS,-28.4755,-51.8444
99300,Soledade,RS,-28.8274,-52.5093
99315,Mormaco,RS,-28.6946,-52.6898
99320,Ibirapuita,RS,-28.6218,-52.5149
99330,Tunas,RS,-29.1031,-52.9569
99340,Lagoao,RS,-29.2261,-52.7756
99345,Tio Hugo,RS,-28.5766,-52.597
99350,Victor Graeff,RS,-28.5618,-52.7398
99360,Barros Cassal,RS,-29.0922,-52.5861
99370,Fontoura Xavier,RS,-28.9824,-52.3503
99380,Sao Jose Do Herval,RS,-29.0503,-52.2915
99400,Espumoso,RS,-28.7307,-52.8445
99430,Alto Alegre,RS,-28.7809,-52.9892
99435,Campos Borges,RS,-28.8862,-53.0013
99440,Salto Do Jacui,RS,-29.0894,-53.216
99450,Selbach,RS,-28.6301,-52.9542
99457,Jacuizinho,RS,-29.0359,-53.0418
99460,Colorado,RS,-28.5217,-52.9928
99470,Nao-Me-Toque,RS,-28.4611,-52.8193
99490,Tapera,RS,-28.6279,-52.8699
99495,Lagoa Dos Tres Cantos,RS,-28.5683,-52.8535
99500,Carazinho,RS,-28.2912,-52.7903
99523,Almirante Tamandare Do Sul,RS,-28.1156,-52.9149
99525,Santo Antonio Do Planalto,RS,-28.3987,-52.6929
99528,Coqueiros Do Sul,RS,-28.1186,-52.7825
99530,Chapada,RS,-28.061,-53.0661
99560,Sarandi,RS,-27.939,-52.9264
99580,Nova Boa Vista,RS,-27.9925,-52.981
99585,Barra Funda,RS,-27.9239,-53.042
99590,Rondinha,RS,-27.8299,-52.9082
99600,Nonoai,RS,-27.3686,-52.7733
99605,Gramado Dos Loureiros,RS,-27.4419,-52.9148
99610,Rio Dos Indios,RS,-27.3052,-52.842
99615,Trindade Do Sul,RS,-27.5248,-52.8968
99640,Sao Valentim,RS,-27.5592,-52.5245
99645,Entre Rios Do Sul,RS,-27.5313,-52.7315
99650,Benjamin Constant Do Sul,RS,-27.5154,-52.593
99655,Faxinalzinho,RS,-27.4218,-52.675
99660,Campinas Do Sul,RS,-27.7179,-52.624
99665,Cruzaltense,RS,-27.6624,-52.6566
99670,Ronda Alta,RS,-27.7822,-52.8065
99675,Tres Palmeiras,RS,-27.6141,-52.8446
99680,Constantina,RS,-27.7322,-52.995
99687,Novo Xingu,RS,-27.748,-53.0624
99690,Liberato Salzano,RS,-27.6002,-53.0749
99700,Erechim,RS,-27.636,-52.273
99701,Erechim,RS,-27.6271,-52.2586
99702,Erechim,RS,-27.6249,-52.2476
99704,Erechim,RS,-27.6404,-52.2546
99705,Erechim,RS,-27.6414,-52.2405
99706,Erechim,RS,-27.6501,-52.2494
99708,Erechim,RS,-27.6583,-52.261
99709,Erechim,RS,-27.6498,-52.2733
99711,Erechim,RS,-27.6395,-52.2872
99712,Erechim,RS,-27.6383,-52.3116
99713,Erechim,RS,-27.6419,-52.2982
99714,Erechim,RS,-27.6525,-52.2988
99718,Paulo Bento,RS,-28.0967,-52.3445
99720,Quatro Irmaos,RS,-27.8198,-52.4451
99725,Tres Arroios,RS,-27.4996,-52.1502
99730,Jacutinga,RS,-27.729,-52.5365
99735,Ponte Preta,RS,-27.6576,-52.4911
99740,Barao De Cotegipe,RS,-27.617,-52.3804
99750,Erval Grande,RS,-27.3926,-52.5691
99760,Itatiba Do Sul,RS,-27.3837,-52.4561
99770,Aratiba,RS,-27.3939,-52.3008
99790,Mariano Moro,RS,-27.3512,-52.1449
99795,Barra Do Rio Azul,RS,-27.4101,-52.4136
99800,Marcelino Ramos,RS,-27.4703,-51.9181
99810,Severiano De Almeida,RS,-27.4316,-52.1173
99820,Viadutos,RS,-27.5697,-52.0214
99825,Carlos Gomes,RS,-27.7159,-51.9148
99830,Gaurama,RS,-27.587,-52.0927
99835,Aurea,RS,-27.6954,-52.0537
99838,Centenario,RS,-27.7658,-52.0037
99839,Gaurama,RS,-27.587,-52.0925
99840,Sananduva,RS,-27.9501,-51.8099
99850,Paim Filho,RS,-27.7101,-51.7633
99855,Sao Joao Da Urtiga,RS,-27.9322,-52.0851
99860,Cacique Doble,RS,-27.7722,-51.662
99870,Sao Jose Do Ouro,RS,-27.8447,-51.5764
99878,Tupanci Do Sul,RS,-27.9226,-51.5387
99880,Machadinho,RS,-27.5679,-51.668
99890,Maximiliano De Almeida,RS,-27.6318,-51.8047
99895,Santo Expedito Do Sul,RS,-27.93,-51.6597
99900,Getulio Vargas,RS,-27.8866,-52.2285
99910,Floriano Peixoto,RS,-27.859,-52.0753
99920,Erebango,RS,-27.8553,-52.3009
99925,Ipiranga Do Sul,RS,-27.9367,-52.4266
99930,Estacao,RS,-27.9141,-52.2588
99940,Ibiaca,RS,-28.0572,-51.8561
99950,Tapejara,RS,-28.069,-52.0121
99952,Santa Cecilia Do Sul,RS,-28.1712,-51.9086
99955,Vila Langaro,RS,-28.1133,-52.1438
99960,Charrua,RS,-27.9537,-52.0255
99965,Agua Santa,RS,-28.1834,-52.0399
99970,Ciriaco,RS,-28.3438,-51.8747
99980,David Canabarro,RS,-28.3891,-51.8438
99990,Muliterno,RS,-28.3296,-51.7694
